ativo,inicio_janela,fim_janela,c1_open,c1_high,c1_low,c1_close,c1_corpo,c1_amplitude,c1_pavio_sup,c1_pavio_inf,c1_variacao,c1_direcao,c2_open,c2_high,c2_low,c2_close,c2_corpo,c2_amplitude,c2_pavio_sup,c2_pavio_inf,c2_variacao,c2_direcao,c3_open,c3_high,c3_low,c3_close,c3_corpo,c3_amplitude,c3_pavio_sup,c3_pavio_inf,c3_variacao,c3_direcao,c4_open,c4_high,c4_low,c4_close,c4_corpo,c4_amplitude,c4_pavio_sup,c4_pavio_inf,c4_variacao,c4_direcao,c5_open,c5_high,c5_low,c5_close,c5_corpo,c5_amplitude,c5_pavio_sup,c5_pavio_inf,c5_variacao,c5_direcao,c6_open,c6_high,c6_low,c6_close,c6_corpo,c6_amplitude,c6_pavio_sup,c6_pavio_inf,c6_variacao,c6_direcao,c7_open,c7_high,c7_low,c7_close,c7_corpo,c7_amplitude,c7_pavio_sup,c7_pavio_inf,c7_variacao,c7_direcao,c8_open,c8_high,c8_low,c8_close,c8_corpo,c8_amplitude,c8_pavio_sup,c8_pavio_inf,c8_variacao,c8_direcao,c9_open,c9_high,c9_low,c9_close,c9_corpo,c9_amplitude,c9_pavio_sup,c9_pavio_inf,c9_variacao,c9_direcao,c10_open,c10_high,c10_low,c10_close,c10_corpo,c10_amplitude,c10_pavio_sup,c10_pavio_inf,c10_variacao,c10_direcao,altas_10,baixas_10,empates_10,tendencia_10,amplitude_media_10,preco_base,preco_15s_depois,resultado_15s,timestamp_resultado
"NZDCHF_otc","2026-09-10 15:27:00","2026-09-10 15:29:15",0.480990000000,0.481090000000,0.480990000000,0.481090000000,0.000100000000,0.000100000000,0.000000000000,0.000000000000,0.000207904530,ALTA,0.481090000000,0.481110000000,0.480950000000,0.480950000000,0.000140000000,0.000160000000,0.000020000000,0.000000000000,-0.000291005841,BAIXA,0.480980000000,0.481050000000,0.480660000000,0.480660000000,0.000320000000,0.000390000000,0.000070000000,0.000000000000,-0.000665308329,BAIXA,0.480660000000,0.480660000000,0.480310000000,0.480370000000,0.000290000000,0.000350000000,0.000000000000,0.000060000000,-0.000603337078,BAIXA,0.480370000000,0.480690000000,0.480370000000,0.480690000000,0.000320000000,0.000320000000,0.000000000000,0.000000000000,0.000666153174,ALTA,0.480690000000,0.481070000000,0.480690000000,0.481070000000,0.000380000000,0.000380000000,0.000000000000,0.000000000000,0.000790530279,ALTA,0.481070000000,0.481270000000,0.481070000000,0.481270000000,0.000200000000,0.000200000000,0.000000000000,0.000000000000,0.000415739913,ALTA,0.481330000000,0.481330000000,0.481190000000,0.481230000000,0.000100000000,0.000140000000,0.000000000000,0.000040000000,-0.000207757671,BAIXA,0.481260000000,0.481330000000,0.481070000000,0.481070000000,0.000190000000,0.000260000000,0.000070000000,0.000000000000,-0.000394796991,BAIXA,0.481070000000,0.481170000000,0.481030000000,0.481030000000,0.000040000000,0.000140000000,0.000100000000,0.000000000000,-0.000083147983,BAIXA,4,6,0,0.000083161812,0.000507404316,0.481030000000,0.480790000000,BAIXO,1789064970000
"NZDCHF_otc","2026-09-10 15:27:15","2026-09-10 15:29:30",0.481090000000,0.481110000000,0.480950000000,0.480950000000,0.000140000000,0.000160000000,0.000020000000,0.000000000000,-0.000291005841,BAIXA,0.480980000000,0.481050000000,0.480660000000,0.480660000000,0.000320000000,0.000390000000,0.000070000000,0.000000000000,-0.000665308329,BAIXA,0.480660000000,0.480660000000,0.480310000000,0.480370000000,0.000290000000,0.000350000000,0.000000000000,0.000060000000,-0.000603337078,BAIXA,0.480370000000,0.480690000000,0.480370000000,0.480690000000,0.000320000000,0.000320000000,0.000000000000,0.000000000000,0.000666153174,ALTA,0.480690000000,0.481070000000,0.480690000000,0.481070000000,0.000380000000,0.000380000000,0.000000000000,0.000000000000,0.000790530279,ALTA,0.481070000000,0.481270000000,0.481070000000,0.481270000000,0.000200000000,0.000200000000,0.000000000000,0.000000000000,0.000415739913,ALTA,0.481330000000,0.481330000000,0.481190000000,0.481230000000,0.000100000000,0.000140000000,0.000000000000,0.000040000000,-0.000207757671,BAIXA,0.481260000000,0.481330000000,0.481070000000,0.481070000000,0.000190000000,0.000260000000,0.000070000000,0.000000000000,-0.000394796991,BAIXA,0.481070000000,0.481170000000,0.481030000000,0.481030000000,0.000040000000,0.000140000000,0.000100000000,0.000000000000,-0.000083147983,BAIXA,0.481010000000,0.481070000000,0.480750000000,0.480790000000,0.000220000000,0.000320000000,0.000060000000,0.000040000000,-0.000457370949,BAIXA,3,7,0,-0.000623583945,0.000553140546,0.480790000000,0.481000000000,CIMA,1789064985000
"NZDCHF_otc","2026-09-10 15:27:30","2026-09-10 15:29:45",0.480980000000,0.481050000000,0.480660000000,0.480660000000,0.000320000000,0.000390000000,0.000070000000,0.000000000000,-0.000665308329,BAIXA,0.480660000000,0.480660000000,0.480310000000,0.480370000000,0.000290000000,0.000350000000,0.000000000000,0.000060000000,-0.000603337078,BAIXA,0.480370000000,0.480690000000,0.480370000000,0.480690000000,0.000320000000,0.000320000000,0.000000000000,0.000000000000,0.000666153174,ALTA,0.480690000000,0.481070000000,0.480690000000,0.481070000000,0.000380000000,0.000380000000,0.000000000000,0.000000000000,0.000790530279,ALTA,0.481070000000,0.481270000000,0.481070000000,0.481270000000,0.000200000000,0.000200000000,0.000000000000,0.000000000000,0.000415739913,ALTA,0.481330000000,0.481330000000,0.481190000000,0.481230000000,0.000100000000,0.000140000000,0.000000000000,0.000040000000,-0.000207757671,BAIXA,0.481260000000,0.481330000000,0.481070000000,0.481070000000,0.000190000000,0.000260000000,0.000070000000,0.000000000000,-0.000394796991,BAIXA,0.481070000000,0.481170000000,0.481030000000,0.481030000000,0.000040000000,0.000140000000,0.000100000000,0.000000000000,-0.000083147983,BAIXA,0.481010000000,0.481070000000,0.480750000000,0.480790000000,0.000220000000,0.000320000000,0.000060000000,0.000040000000,-0.000457370949,BAIXA,0.480830000000,0.481000000000,0.480830000000,0.481000000000,0.000170000000,0.000170000000,0.000000000000,0.000000000000,0.000353555311,ALTA,4,6,0,0.000041581771,0.000555238267,0.481000000000,0.481070000000,CIMA,1789065000000
"NZDCHF_otc","2026-09-10 15:27:45","2026-09-10 15:30:00",0.480660000000,0.480660000000,0.480310000000,0.480370000000,0.000290000000,0.000350000000,0.000000000000,0.000060000000,-0.000603337078,BAIXA,0.480370000000,0.480690000000,0.480370000000,0.480690000000,0.000320000000,0.000320000000,0.000000000000,0.000000000000,0.000666153174,ALTA,0.480690000000,0.481070000000,0.480690000000,0.481070000000,0.000380000000,0.000380000000,0.000000000000,0.000000000000,0.000790530279,ALTA,0.481070000000,0.481270000000,0.481070000000,0.481270000000,0.000200000000,0.000200000000,0.000000000000,0.000000000000,0.000415739913,ALTA,0.481330000000,0.481330000000,0.481190000000,0.481230000000,0.000100000000,0.000140000000,0.000000000000,0.000040000000,-0.000207757671,BAIXA,0.481260000000,0.481330000000,0.481070000000,0.481070000000,0.000190000000,0.000260000000,0.000070000000,0.000000000000,-0.000394796991,BAIXA,0.481070000000,0.481170000000,0.481030000000,0.481030000000,0.000040000000,0.000140000000,0.000100000000,0.000000000000,-0.000083147983,BAIXA,0.481010000000,0.481070000000,0.480750000000,0.480790000000,0.000220000000,0.000320000000,0.000060000000,0.000040000000,-0.000457370949,BAIXA,0.480830000000,0.481000000000,0.480830000000,0.481000000000,0.000170000000,0.000170000000,0.000000000000,0.000000000000,0.000353555311,ALTA,0.480980000000,0.481170000000,0.480970000000,0.481070000000,0.000090000000,0.000200000000,0.000100000000,0.000010000000,0.000187117967,ALTA,5,5,0,0.000852993800,0.000515735585,0.481070000000,0.481040000000,BAIXO,1789065015000
"NZDCHF_otc","2026-09-10 15:28:00","2026-09-10 15:30:15",0.480370000000,0.480690000000,0.480370000000,0.480690000000,0.000320000000,0.000320000000,0.000000000000,0.000000000000,0.000666153174,ALTA,0.480690000000,0.481070000000,0.480690000000,0.481070000000,0.000380000000,0.000380000000,0.000000000000,0.000000000000,0.000790530279,ALTA,0.481070000000,0.481270000000,0.481070000000,0.481270000000,0.000200000000,0.000200000000,0.000000000000,0.000000000000,0.000415739913,ALTA,0.481330000000,0.481330000000,0.481190000000,0.481230000000,0.000100000000,0.000140000000,0.000000000000,0.000040000000,-0.000207757671,BAIXA,0.481260000000,0.481330000000,0.481070000000,0.481070000000,0.000190000000,0.000260000000,0.000070000000,0.000000000000,-0.000394796991,BAIXA,0.481070000000,0.481170000000,0.481030000000,0.481030000000,0.000040000000,0.000140000000,0.000100000000,0.000000000000,-0.000083147983,BAIXA,0.481010000000,0.481070000000,0.480750000000,0.480790000000,0.000220000000,0.000320000000,0.000060000000,0.000040000000,-0.000457370949,BAIXA,0.480830000000,0.481000000000,0.480830000000,0.481000000000,0.000170000000,0.000170000000,0.000000000000,0.000000000000,0.000353555311,ALTA,0.480980000000,0.481170000000,0.480970000000,0.481070000000,0.000090000000,0.000200000000,0.000100000000,0.000010000000,0.000187117967,ALTA,0.481070000000,0.481190000000,0.480990000000,0.481040000000,0.000030000000,0.000200000000,0.000120000000,0.000050000000,-0.000062360987,BAIXA,5,5,0,0.001394758207,0.000484493032,0.481040000000,0.481290000000,CIMA,1789065030000
"NZDCHF_otc","2026-09-10 15:28:15","2026-09-10 15:30:30",0.480690000000,0.481070000000,0.480690000000,0.481070000000,0.000380000000,0.000380000000,0.000000000000,0.000000000000,0.000790530279,ALTA,0.481070000000,0.481270000000,0.481070000000,0.481270000000,0.000200000000,0.000200000000,0.000000000000,0.000000000000,0.000415739913,ALTA,0.481330000000,0.481330000000,0.481190000000,0.481230000000,0.000100000000,0.000140000000,0.000000000000,0.000040000000,-0.000207757671,BAIXA,0.481260000000,0.481330000000,0.481070000000,0.481070000000,0.000190000000,0.000260000000,0.000070000000,0.000000000000,-0.000394796991,BAIXA,0.481070000000,0.481170000000,0.481030000000,0.481030000000,0.000040000000,0.000140000000,0.000100000000,0.000000000000,-0.000083147983,BAIXA,0.481010000000,0.481070000000,0.480750000000,0.480790000000,0.000220000000,0.000320000000,0.000060000000,0.000040000000,-0.000457370949,BAIXA,0.480830000000,0.481000000000,0.480830000000,0.481000000000,0.000170000000,0.000170000000,0.000000000000,0.000000000000,0.000353555311,ALTA,0.480980000000,0.481170000000,0.480970000000,0.481070000000,0.000090000000,0.000200000000,0.000100000000,0.000010000000,0.000187117967,ALTA,0.481070000000,0.481190000000,0.480990000000,0.481040000000,0.000030000000,0.000200000000,0.000120000000,0.000050000000,-0.000062360987,BAIXA,0.481040000000,0.481290000000,0.481030000000,0.481290000000,0.000250000000,0.000260000000,0.000000000000,0.000010000000,0.000519707301,ALTA,5,5,0,0.001248205704,0.000471927274,0.481290000000,0.481310000000,CIMA,1789065045000
"NZDCHF_otc","2026-09-10 15:28:30","2026-09-10 15:30:45",0.481070000000,0.481270000000,0.481070000000,0.481270000000,0.000200000000,0.000200000000,0.000000000000,0.000000000000,0.000415739913,ALTA,0.481330000000,0.481330000000,0.481190000000,0.481230000000,0.000100000000,0.000140000000,0.000000000000,0.000040000000,-0.000207757671,BAIXA,0.481260000000,0.481330000000,0.481070000000,0.481070000000,0.000190000000,0.000260000000,0.000070000000,0.000000000000,-0.000394796991,BAIXA,0.481070000000,0.481170000000,0.481030000000,0.481030000000,0.000040000000,0.000140000000,0.000100000000,0.000000000000,-0.000083147983,BAIXA,0.481010000000,0.481070000000,0.480750000000,0.480790000000,0.000220000000,0.000320000000,0.000060000000,0.000040000000,-0.000457370949,BAIXA,0.480830000000,0.481000000000,0.480830000000,0.481000000000,0.000170000000,0.000170000000,0.000000000000,0.000000000000,0.000353555311,ALTA,0.480980000000,0.481170000000,0.480970000000,0.481070000000,0.000090000000,0.000200000000,0.000100000000,0.000010000000,0.000187117967,ALTA,0.481070000000,0.481190000000,0.480990000000,0.481040000000,0.000030000000,0.000200000000,0.000120000000,0.000050000000,-0.000062360987,BAIXA,0.481040000000,0.481290000000,0.481030000000,0.481290000000,0.000250000000,0.000260000000,0.000000000000,0.000010000000,0.000519707301,ALTA,0.481280000000,0.481450000000,0.481220000000,0.481310000000,0.000030000000,0.000230000000,0.000140000000,0.000060000000,0.000062333777,ALTA,5,5,0,0.000498887896,0.000440663475,0.481310000000,0.481550000000,CIMA,1789065060000
"USDARS_otc","2026-09-10 15:31:15","2026-09-10 15:33:30",1583.960000000000,1583.960000000000,1583.740000000000,1583.740000000000,0.220000000000,0.220000000000,0.000000000000,0.000000000000,-0.000138892396,BAIXA,1583.740000000000,1583.820000000000,1583.620000000000,1583.620000000000,0.120000000000,0.200000000000,0.080000000000,0.000000000000,-0.000075770013,BAIXA,1583.570000000000,1583.900000000000,1583.500000000000,1583.790000000000,0.220000000000,0.400000000000,0.110000000000,0.070000000000,0.000138926603,ALTA,1583.790000000000,1583.900000000000,1583.780000000000,1583.850000000000,0.060000000000,0.120000000000,0.050000000000,0.010000000000,0.000037883810,ALTA,1583.850000000000,1583.860000000000,1583.680000000000,1583.780000000000,0.070000000000,0.180000000000,0.010000000000,0.100000000000,-0.000044196104,BAIXA,1583.920000000000,1584.030000000000,1583.920000000000,1584.010000000000,0.090000000000,0.110000000000,0.020000000000,0.000000000000,0.000056821052,ALTA,1584.010000000000,1584.130000000000,1584.010000000000,1584.020000000000,0.010000000000,0.120000000000,0.110000000000,0.000000000000,0.000006313091,ALTA,1584.020000000000,1584.130000000000,1583.850000000000,1583.850000000000,0.170000000000,0.280000000000,0.110000000000,0.000000000000,-0.000107321877,BAIXA,1583.880000000000,1584.230000000000,1583.880000000000,1583.930000000000,0.050000000000,0.350000000000,0.300000000000,0.000000000000,0.000031568048,ALTA,1583.930000000000,1584.090000000000,1583.870000000000,1583.870000000000,0.060000000000,0.220000000000,0.160000000000,0.000000000000,-0.000037880462,BAIXA,5,5,0,-0.000056819617,0.000138902618,1583.870000000000,1583.840000000000,BAIXO,1789065225000
"USDARS_otc","2026-09-10 15:31:30","2026-09-10 15:33:45",1583.740000000000,1583.820000000000,1583.620000000000,1583.620000000000,0.120000000000,0.200000000000,0.080000000000,0.000000000000,-0.000075770013,BAIXA,1583.570000000000,1583.900000000000,1583.500000000000,1583.790000000000,0.220000000000,0.400000000000,0.110000000000,0.070000000000,0.000138926603,ALTA,1583.790000000000,1583.900000000000,1583.780000000000,1583.850000000000,0.060000000000,0.120000000000,0.050000000000,0.010000000000,0.000037883810,ALTA,1583.850000000000,1583.860000000000,1583.680000000000,1583.780000000000,0.070000000000,0.180000000000,0.010000000000,0.100000000000,-0.000044196104,BAIXA,1583.920000000000,1584.030000000000,1583.920000000000,1584.010000000000,0.090000000000,0.110000000000,0.020000000000,0.000000000000,0.000056821052,ALTA,1584.010000000000,1584.130000000000,1584.010000000000,1584.020000000000,0.010000000000,0.120000000000,0.110000000000,0.000000000000,0.000006313091,ALTA,1584.020000000000,1584.130000000000,1583.850000000000,1583.850000000000,0.170000000000,0.280000000000,0.110000000000,0.000000000000,-0.000107321877,BAIXA,1583.880000000000,1584.230000000000,1583.880000000000,1583.930000000000,0.050000000000,0.350000000000,0.300000000000,0.000000000000,0.000031568048,ALTA,1583.930000000000,1584.090000000000,1583.870000000000,1583.870000000000,0.060000000000,0.220000000000,0.160000000000,0.000000000000,-0.000037880462,BAIXA,1583.910000000000,1583.910000000000,1583.680000000000,1583.840000000000,0.070000000000,0.230000000000,0.000000000000,0.160000000000,-0.000044194430,BAIXA,5,5,0,0.000063141677,0.000139534405,1583.840000000000,1584.000000000000,CIMA,1789065240000
"USDARS_otc","2026-09-10 15:31:45","2026-09-10 15:34:00",1583.570000000000,1583.900000000000,1583.500000000000,1583.790000000000,0.220000000000,0.400000000000,0.110000000000,0.070000000000,0.000138926603,ALTA,1583.790000000000,1583.900000000000,1583.780000000000,1583.850000000000,0.060000000000,0.120000000000,0.050000000000,0.010000000000,0.000037883810,ALTA,1583.850000000000,1583.860000000000,1583.680000000000,1583.780000000000,0.070000000000,0.180000000000,0.010000000000,0.100000000000,-0.000044196104,BAIXA,1583.920000000000,1584.030000000000,1583.920000000000,1584.010000000000,0.090000000000,0.110000000000,0.020000000000,0.000000000000,0.000056821052,ALTA,1584.010000000000,1584.130000000000,1584.010000000000,1584.020000000000,0.010000000000,0.120000000000,0.110000000000,0.000000000000,0.000006313091,ALTA,1584.020000000000,1584.130000000000,1583.850000000000,1583.850000000000,0.170000000000,0.280000000000,0.110000000000,0.000000000000,-0.000107321877,BAIXA,1583.880000000000,1584.230000000000,1583.880000000000,1583.930000000000,0.050000000000,0.350000000000,0.300000000000,0.000000000000,0.000031568048,ALTA,1583.930000000000,1584.090000000000,1583.870000000000,1583.870000000000,0.060000000000,0.220000000000,0.160000000000,0.000000000000,-0.000037880462,BAIXA,1583.910000000000,1583.910000000000,1583.680000000000,1583.840000000000,0.070000000000,0.230000000000,0.000000000000,0.160000000000,-0.000044194430,BAIXA,1583.820000000000,1584.160000000000,1583.820000000000,1584.000000000000,0.180000000000,0.340000000000,0.160000000000,0.000000000000,0.000113649278,ALTA,6,4,0,0.000271538360,0.000148373156,1584.000000000000,1584.020000000000,CIMA,1789065255000
"USDARS_otc","2026-09-10 15:32:00","2026-09-10 15:34:15",1583.790000000000,1583.900000000000,1583.780000000000,1583.850000000000,0.060000000000,0.120000000000,0.050000000000,0.010000000000,0.000037883810,ALTA,1583.850000000000,1583.860000000000,1583.680000000000,1583.780000000000,0.070000000000,0.180000000000,0.010000000000,0.100000000000,-0.000044196104,BAIXA,1583.920000000000,1584.030000000000,1583.920000000000,1584.010000000000,0.090000000000,0.110000000000,0.020000000000,0.000000000000,0.000056821052,ALTA,1584.010000000000,1584.130000000000,1584.010000000000,1584.020000000000,0.010000000000,0.120000000000,0.110000000000,0.000000000000,0.000006313091,ALTA,1584.020000000000,1584.130000000000,1583.850000000000,1583.850000000000,0.170000000000,0.280000000000,0.110000000000,0.000000000000,-0.000107321877,BAIXA,1583.880000000000,1584.230000000000,1583.880000000000,1583.930000000000,0.050000000000,0.350000000000,0.300000000000,0.000000000000,0.000031568048,ALTA,1583.930000000000,1584.090000000000,1583.870000000000,1583.870000000000,0.060000000000,0.220000000000,0.160000000000,0.000000000000,-0.000037880462,BAIXA,1583.910000000000,1583.910000000000,1583.680000000000,1583.840000000000,0.070000000000,0.230000000000,0.000000000000,0.160000000000,-0.000044194430,BAIXA,1583.820000000000,1584.160000000000,1583.820000000000,1584.000000000000,0.180000000000,0.340000000000,0.160000000000,0.000000000000,0.000113649278,ALTA,1584.020000000000,1584.250000000000,1584.020000000000,1584.020000000000,0.000000000000,0.230000000000,0.230000000000,0.000000000000,0.000000000000,EMPATE,5,4,1,0.000145221273,0.000137633792,1584.020000000000,1583.950000000000,BAIXO,1789065270000
"USDARS_otc","2026-09-10 15:32:15","2026-09-10 15:34:30",1583.850000000000,1583.860000000000,1583.680000000000,1583.780000000000,0.070000000000,0.180000000000,0.010000000000,0.100000000000,-0.000044196104,BAIXA,1583.920000000000,1584.030000000000,1583.920000000000,1584.010000000000,0.090000000000,0.110000000000,0.020000000000,0.000000000000,0.000056821052,ALTA,1584.010000000000,1584.130000000000,1584.010000000000,1584.020000000000,0.010000000000,0.120000000000,0.110000000000,0.000000000000,0.000006313091,ALTA,1584.020000000000,1584.130000000000,1583.850000000000,1583.850000000000,0.170000000000,0.280000000000,0.110000000000,0.000000000000,-0.000107321877,BAIXA,1583.880000000000,1584.230000000000,1583.880000000000,1583.930000000000,0.050000000000,0.350000000000,0.300000000000,0.000000000000,0.000031568048,ALTA,1583.930000000000,1584.090000000000,1583.870000000000,1583.870000000000,0.060000000000,0.220000000000,0.160000000000,0.000000000000,-0.000037880462,BAIXA,1583.910000000000,1583.910000000000,1583.680000000000,1583.840000000000,0.070000000000,0.230000000000,0.000000000000,0.160000000000,-0.000044194430,BAIXA,1583.820000000000,1584.160000000000,1583.820000000000,1584.000000000000,0.180000000000,0.340000000000,0.160000000000,0.000000000000,0.000113649278,ALTA,1584.020000000000,1584.250000000000,1584.020000000000,1584.020000000000,0.000000000000,0.230000000000,0.230000000000,0.000000000000,0.000000000000,EMPATE,1584.040000000000,1584.060000000000,1583.940000000000,1583.950000000000,0.090000000000,0.120000000000,0.020000000000,0.010000000000,-0.000056816747,BAIXA,4,5,1,0.000063137292,0.000137632596,1583.950000000000,1584.080000000000,CIMA,1789065285000
"USDARS_otc","2026-09-10 15:32:30","2026-09-10 15:34:45",1583.920000000000,1584.030000000000,1583.920000000000,1584.010000000000,0.090000000000,0.110000000000,0.020000000000,0.000000000000,0.000056821052,ALTA,1584.010000000000,1584.130000000000,1584.010000000000,1584.020000000000,0.010000000000,0.120000000000,0.110000000000,0.000000000000,0.000006313091,ALTA,1584.020000000000,1584.130000000000,1583.850000000000,1583.850000000000,0.170000000000,0.280000000000,0.110000000000,0.000000000000,-0.000107321877,BAIXA,1583.880000000000,1584.230000000000,1583.880000000000,1583.930000000000,0.050000000000,0.350000000000,0.300000000000,0.000000000000,0.000031568048,ALTA,1583.930000000000,1584.090000000000,1583.870000000000,1583.870000000000,0.060000000000,0.220000000000,0.160000000000,0.000000000000,-0.000037880462,BAIXA,1583.910000000000,1583.910000000000,1583.680000000000,1583.840000000000,0.070000000000,0.230000000000,0.000000000000,0.160000000000,-0.000044194430,BAIXA,1583.820000000000,1584.160000000000,1583.820000000000,1584.000000000000,0.180000000000,0.340000000000,0.160000000000,0.000000000000,0.000113649278,ALTA,1584.020000000000,1584.250000000000,1584.020000000000,1584.020000000000,0.000000000000,0.230000000000,0.230000000000,0.000000000000,0.000000000000,EMPATE,1584.040000000000,1584.060000000000,1583.940000000000,1583.950000000000,0.090000000000,0.120000000000,0.020000000000,0.010000000000,-0.000056816747,BAIXA,1583.950000000000,1584.110000000000,1583.790000000000,1584.080000000000,0.130000000000,0.320000000000,0.030000000000,0.160000000000,0.000082073298,ALTA,5,4,1,0.000101015203,0.000146470542,1584.080000000000,1584.100000000000,CIMA,1789065300000
"USDARS_otc","2026-09-10 15:32:45","2026-09-10 15:35:00",1584.010000000000,1584.130000000000,1584.010000000000,1584.020000000000,0.010000000000,0.120000000000,0.110000000000,0.000000000000,0.000006313091,ALTA,1584.020000000000,1584.130000000000,1583.850000000000,1583.850000000000,0.170000000000,0.280000000000,0.110000000000,0.000000000000,-0.000107321877,BAIXA,1583.880000000000,1584.230000000000,1583.880000000000,1583.930000000000,0.050000000000,0.350000000000,0.300000000000,0.000000000000,0.000031568048,ALTA,1583.930000000000,1584.090000000000,1583.870000000000,1583.870000000000,0.060000000000,0.220000000000,0.160000000000,0.000000000000,-0.000037880462,BAIXA,1583.910000000000,1583.910000000000,1583.680000000000,1583.840000000000,0.070000000000,0.230000000000,0.000000000000,0.160000000000,-0.000044194430,BAIXA,1583.820000000000,1584.160000000000,1583.820000000000,1584.000000000000,0.180000000000,0.340000000000,0.160000000000,0.000000000000,0.000113649278,ALTA,1584.020000000000,1584.250000000000,1584.020000000000,1584.020000000000,0.000000000000,0.230000000000,0.230000000000,0.000000000000,0.000000000000,EMPATE,1584.040000000000,1584.060000000000,1583.940000000000,1583.950000000000,0.090000000000,0.120000000000,0.020000000000,0.010000000000,-0.000056816747,BAIXA,1583.950000000000,1584.110000000000,1583.790000000000,1584.080000000000,0.130000000000,0.320000000000,0.030000000000,0.160000000000,0.000082073298,ALTA,1584.080000000000,1584.200000000000,1584.080000000000,1584.100000000000,0.020000000000,0.120000000000,0.100000000000,0.000000000000,0.000012625625,ALTA,5,4,1,0.000056817823,0.000147101121,1584.100000000000,1583.990000000000,BAIXO,1789065315000
"USDARS_otc","2026-09-10 15:33:00","2026-09-10 15:35:15",1584.020000000000,1584.130000000000,1583.850000000000,1583.850000000000,0.170000000000,0.280000000000,0.110000000000,0.000000000000,-0.000107321877,BAIXA,1583.880000000000,1584.230000000000,1583.880000000000,1583.930000000000,0.050000000000,0.350000000000,0.300000000000,0.000000000000,0.000031568048,ALTA,1583.930000000000,1584.090000000000,1583.870000000000,1583.870000000000,0.060000000000,0.220000000000,0.160000000000,0.000000000000,-0.000037880462,BAIXA,1583.910000000000,1583.910000000000,1583.680000000000,1583.840000000000,0.070000000000,0.230000000000,0.000000000000,0.160000000000,-0.000044194430,BAIXA,1583.820000000000,1584.160000000000,1583.820000000000,1584.000000000000,0.180000000000,0.340000000000,0.160000000000,0.000000000000,0.000113649278,ALTA,1584.020000000000,1584.250000000000,1584.020000000000,1584.020000000000,0.000000000000,0.230000000000,0.230000000000,0.000000000000,0.000000000000,EMPATE,1584.040000000000,1584.060000000000,1583.940000000000,1583.950000000000,0.090000000000,0.120000000000,0.020000000000,0.010000000000,-0.000056816747,BAIXA,1583.950000000000,1584.110000000000,1583.790000000000,1584.080000000000,0.130000000000,0.320000000000,0.030000000000,0.160000000000,0.000082073298,ALTA,1584.080000000000,1584.200000000000,1584.080000000000,1584.100000000000,0.020000000000,0.120000000000,0.100000000000,0.000000000000,0.000012625625,ALTA,1584.100000000000,1584.160000000000,1583.910000000000,1583.990000000000,0.110000000000,0.250000000000,0.060000000000,0.080000000000,-0.000069440061,BAIXA,4,5,1,-0.000018939155,0.000155307244,1583.990000000000,1583.740000000000,BAIXO,1789065330000
"USDARS_otc","2026-09-10 15:33:15","2026-09-10 15:35:30",1583.880000000000,1584.230000000000,1583.880000000000,1583.930000000000,0.050000000000,0.350000000000,0.300000000000,0.000000000000,0.000031568048,ALTA,1583.930000000000,1584.090000000000,1583.870000000000,1583.870000000000,0.060000000000,0.220000000000,0.160000000000,0.000000000000,-0.000037880462,BAIXA,1583.910000000000,1583.910000000000,1583.680000000000,1583.840000000000,0.070000000000,0.230000000000,0.000000000000,0.160000000000,-0.000044194430,BAIXA,1583.820000000000,1584.160000000000,1583.820000000000,1584.000000000000,0.180000000000,0.340000000000,0.160000000000,0.000000000000,0.000113649278,ALTA,1584.020000000000,1584.250000000000,1584.020000000000,1584.020000000000,0.000000000000,0.230000000000,0.230000000000,0.000000000000,0.000000000000,EMPATE,1584.040000000000,1584.060000000000,1583.940000000000,1583.950000000000,0.090000000000,0.120000000000,0.020000000000,0.010000000000,-0.000056816747,BAIXA,1583.950000000000,1584.110000000000,1583.790000000000,1584.080000000000,0.130000000000,0.320000000000,0.030000000000,0.160000000000,0.000082073298,ALTA,1584.080000000000,1584.200000000000,1584.080000000000,1584.100000000000,0.020000000000,0.120000000000,0.100000000000,0.000000000000,0.000012625625,ALTA,1584.100000000000,1584.160000000000,1583.910000000000,1583.990000000000,0.110000000000,0.250000000000,0.060000000000,0.080000000000,-0.000069440061,BAIXA,1583.990000000000,1583.990000000000,1583.730000000000,1583.740000000000,0.250000000000,0.260000000000,0.000000000000,0.010000000000,-0.000157829279,BAIXA,4,5,1,-0.000088390535,0.000154044944,1583.740000000000,1583.650000000000,BAIXO,1789065345000
"USDARS_otc","2026-09-10 15:33:30","2026-09-10 15:35:45",1583.930000000000,1584.090000000000,1583.870000000000,1583.870000000000,0.060000000000,0.220000000000,0.160000000000,0.000000000000,-0.000037880462,BAIXA,1583.910000000000,1583.910000000000,1583.680000000000,1583.840000000000,0.070000000000,0.230000000000,0.000000000000,0.160000000000,-0.000044194430,BAIXA,1583.820000000000,1584.160000000000,1583.820000000000,1584.000000000000,0.180000000000,0.340000000000,0.160000000000,0.000000000000,0.000113649278,ALTA,1584.020000000000,1584.250000000000,1584.020000000000,1584.020000000000,0.000000000000,0.230000000000,0.230000000000,0.000000000000,0.000000000000,EMPATE,1584.040000000000,1584.060000000000,1583.940000000000,1583.950000000000,0.090000000000,0.120000000000,0.020000000000,0.010000000000,-0.000056816747,BAIXA,1583.950000000000,1584.110000000000,1583.790000000000,1584.080000000000,0.130000000000,0.320000000000,0.030000000000,0.160000000000,0.000082073298,ALTA,1584.080000000000,1584.200000000000,1584.080000000000,1584.100000000000,0.020000000000,0.120000000000,0.100000000000,0.000000000000,0.000012625625,ALTA,1584.100000000000,1584.160000000000,1583.910000000000,1583.990000000000,0.110000000000,0.250000000000,0.060000000000,0.080000000000,-0.000069440061,BAIXA,1583.990000000000,1583.990000000000,1583.730000000000,1583.740000000000,0.250000000000,0.260000000000,0.000000000000,0.010000000000,-0.000157829279,BAIXA,1583.740000000000,1583.800000000000,1583.570000000000,1583.650000000000,0.090000000000,0.230000000000,0.060000000000,0.080000000000,-0.000056827510,BAIXA,3,6,1,-0.000176775489,0.000146469896,1583.650000000000,1583.780000000000,CIMA,1789065360000
"USDARS_otc","2026-09-10 15:33:45","2026-09-10 15:36:00",1583.910000000000,1583.910000000000,1583.680000000000,1583.840000000000,0.070000000000,0.230000000000,0.000000000000,0.160000000000,-0.000044194430,BAIXA,1583.820000000000,1584.160000000000,1583.820000000000,1584.000000000000,0.180000000000,0.340000000000,0.160000000000,0.000000000000,0.000113649278,ALTA,1584.020000000000,1584.250000000000,1584.020000000000,1584.020000000000,0.000000000000,0.230000000000,0.230000000000,0.000000000000,0.000000000000,EMPATE,1584.040000000000,1584.060000000000,1583.940000000000,1583.950000000000,0.090000000000,0.120000000000,0.020000000000,0.010000000000,-0.000056816747,BAIXA,1583.950000000000,1584.110000000000,1583.790000000000,1584.080000000000,0.130000000000,0.320000000000,0.030000000000,0.160000000000,0.000082073298,ALTA,1584.080000000000,1584.200000000000,1584.080000000000,1584.100000000000,0.020000000000,0.120000000000,0.100000000000,0.000000000000,0.000012625625,ALTA,1584.100000000000,1584.160000000000,1583.910000000000,1583.990000000000,0.110000000000,0.250000000000,0.060000000000,0.080000000000,-0.000069440061,BAIXA,1583.990000000000,1583.990000000000,1583.730000000000,1583.740000000000,0.250000000000,0.260000000000,0.000000000000,0.010000000000,-0.000157829279,BAIXA,1583.740000000000,1583.800000000000,1583.570000000000,1583.650000000000,0.090000000000,0.230000000000,0.060000000000,0.080000000000,-0.000056827510,BAIXA,1583.680000000000,1583.800000000000,1583.630000000000,1583.780000000000,0.100000000000,0.170000000000,0.020000000000,0.050000000000,0.000063144070,ALTA,4,5,1,-0.000082075370,0.000143314885,1583.780000000000,1583.660000000000,BAIXO,1789065375000
"USDARS_otc","2026-09-10 15:34:00","2026-09-10 15:36:15",1583.820000000000,1584.160000000000,1583.820000000000,1584.000000000000,0.180000000000,0.340000000000,0.160000000000,0.000000000000,0.000113649278,ALTA,1584.020000000000,1584.250000000000,1584.020000000000,1584.020000000000,0.000000000000,0.230000000000,0.230000000000,0.000000000000,0.000000000000,EMPATE,1584.040000000000,1584.060000000000,1583.940000000000,1583.950000000000,0.090000000000,0.120000000000,0.020000000000,0.010000000000,-0.000056816747,BAIXA,1583.950000000000,1584.110000000000,1583.790000000000,1584.080000000000,0.130000000000,0.320000000000,0.030000000000,0.160000000000,0.000082073298,ALTA,1584.080000000000,1584.200000000000,1584.080000000000,1584.100000000000,0.020000000000,0.120000000000,0.100000000000,0.000000000000,0.000012625625,ALTA,1584.100000000000,1584.160000000000,1583.910000000000,1583.990000000000,0.110000000000,0.250000000000,0.060000000000,0.080000000000,-0.000069440061,BAIXA,1583.990000000000,1583.990000000000,1583.730000000000,1583.740000000000,0.250000000000,0.260000000000,0.000000000000,0.010000000000,-0.000157829279,BAIXA,1583.740000000000,1583.800000000000,1583.570000000000,1583.650000000000,0.090000000000,0.230000000000,0.060000000000,0.080000000000,-0.000056827510,BAIXA,1583.680000000000,1583.800000000000,1583.630000000000,1583.780000000000,0.100000000000,0.170000000000,0.020000000000,0.050000000000,0.000063144070,ALTA,1583.780000000000,1583.900000000000,1583.660000000000,1583.660000000000,0.120000000000,0.240000000000,0.120000000000,0.000000000000,-0.000075768099,BAIXA,4,5,1,-0.000101021581,0.000143947478,1583.660000000000,1584.050000000000,CIMA,1789065390000
"USDARS_otc","2026-09-10 15:34:15","2026-09-10 15:36:30",1584.020000000000,1584.250000000000,1584.020000000000,1584.020000000000,0.000000000000,0.230000000000,0.230000000000,0.000000000000,0.000000000000,EMPATE,1584.040000000000,1584.060000000000,1583.940000000000,1583.950000000000,0.090000000000,0.120000000000,0.020000000000,0.010000000000,-0.000056816747,BAIXA,1583.950000000000,1584.110000000000,1583.790000000000,1584.080000000000,0.130000000000,0.320000000000,0.030000000000,0.160000000000,0.000082073298,ALTA,1584.080000000000,1584.200000000000,1584.080000000000,1584.100000000000,0.020000000000,0.120000000000,0.100000000000,0.000000000000,0.000012625625,ALTA,1584.100000000000,1584.160000000000,1583.910000000000,1583.990000000000,0.110000000000,0.250000000000,0.060000000000,0.080000000000,-0.000069440061,BAIXA,1583.990000000000,1583.990000000000,1583.730000000000,1583.740000000000,0.250000000000,0.260000000000,0.000000000000,0.010000000000,-0.000157829279,BAIXA,1583.740000000000,1583.800000000000,1583.570000000000,1583.650000000000,0.090000000000,0.230000000000,0.060000000000,0.080000000000,-0.000056827510,BAIXA,1583.680000000000,1583.800000000000,1583.630000000000,1583.780000000000,0.100000000000,0.170000000000,0.020000000000,0.050000000000,0.000063144070,ALTA,1583.780000000000,1583.900000000000,1583.660000000000,1583.660000000000,0.120000000000,0.240000000000,0.120000000000,0.000000000000,-0.000075768099,BAIXA,1583.660000000000,1584.060000000000,1583.660000000000,1584.050000000000,0.390000000000,0.400000000000,0.010000000000,0.000000000000,0.000246264981,ALTA,4,5,1,0.000018939155,0.000147738339,1584.050000000000,1584.140000000000,CIMA,1789065405000
"USDARS_otc","2026-09-10 15:34:30","2026-09-10 15:36:45",1584.040000000000,1584.060000000000,1583.940000000000,1583.950000000000,0.090000000000,0.120000000000,0.020000000000,0.010000000000,-0.000056816747,BAIXA,1583.950000000000,1584.110000000000,1583.790000000000,1584.080000000000,0.130000000000,0.320000000000,0.030000000000,0.160000000000,0.000082073298,ALTA,1584.080000000000,1584.200000000000,1584.080000000000,1584.100000000000,0.020000000000,0.120000000000,0.100000000000,0.000000000000,0.000012625625,ALTA,1584.100000000000,1584.160000000000,1583.910000000000,1583.990000000000,0.110000000000,0.250000000000,0.060000000000,0.080000000000,-0.000069440061,BAIXA,1583.990000000000,1583.990000000000,1583.730000000000,1583.740000000000,0.250000000000,0.260000000000,0.000000000000,0.010000000000,-0.000157829279,BAIXA,1583.740000000000,1583.800000000000,1583.570000000000,1583.650000000000,0.090000000000,0.230000000000,0.060000000000,0.080000000000,-0.000056827510,BAIXA,1583.680000000000,1583.800000000000,1583.630000000000,1583.780000000000,0.100000000000,0.170000000000,0.020000000000,0.050000000000,0.000063144070,ALTA,1583.780000000000,1583.900000000000,1583.660000000000,1583.660000000000,0.120000000000,0.240000000000,0.120000000000,0.000000000000,-0.000075768099,BAIXA,1583.660000000000,1584.060000000000,1583.660000000000,1584.050000000000,0.390000000000,0.400000000000,0.010000000000,0.000000000000,0.000246264981,ALTA,1584.050000000000,1584.260000000000,1584.030000000000,1584.140000000000,0.090000000000,0.230000000000,0.120000000000,0.020000000000,0.000056816388,ALTA,5,5,0,0.000063129719,0.000147738064,1584.140000000000,1584.210000000000,CIMA,1789065420000
"USDARS_otc","2026-09-10 15:34:45","2026-09-10 15:37:00",1583.950000000000,1584.110000000000,1583.790000000000,1584.080000000000,0.130000000000,0.320000000000,0.030000000000,0.160000000000,0.000082073298,ALTA,1584.080000000000,1584.200000000000,1584.080000000000,1584.100000000000,0.020000000000,0.120000000000,0.100000000000,0.000000000000,0.000012625625,ALTA,1584.100000000000,1584.160000000000,1583.910000000000,1583.990000000000,0.110000000000,0.250000000000,0.060000000000,0.080000000000,-0.000069440061,BAIXA,1583.990000000000,1583.990000000000,1583.730000000000,1583.740000000000,0.250000000000,0.260000000000,0.000000000000,0.010000000000,-0.000157829279,BAIXA,1583.740000000000,1583.800000000000,1583.570000000000,1583.650000000000,0.090000000000,0.230000000000,0.060000000000,0.080000000000,-0.000056827510,BAIXA,1583.680000000000,1583.800000000000,1583.630000000000,1583.780000000000,0.100000000000,0.170000000000,0.020000000000,0.050000000000,0.000063144070,ALTA,1583.780000000000,1583.900000000000,1583.660000000000,1583.660000000000,0.120000000000,0.240000000000,0.120000000000,0.000000000000,-0.000075768099,BAIXA,1583.660000000000,1584.060000000000,1583.660000000000,1584.050000000000,0.390000000000,0.400000000000,0.010000000000,0.000000000000,0.000246264981,ALTA,1584.050000000000,1584.260000000000,1584.030000000000,1584.140000000000,0.090000000000,0.230000000000,0.120000000000,0.020000000000,0.000056816388,ALTA,1584.140000000000,1584.250000000000,1584.140000000000,1584.210000000000,0.070000000000,0.110000000000,0.040000000000,0.000000000000,0.000044188014,ALTA,6,4,0,0.000164146596,0.000147106329,1584.210000000000,1584.320000000000,CIMA,1789065435000
"USDARS_otc","2026-09-10 15:35:00","2026-09-10 15:37:15",1584.080000000000,1584.200000000000,1584.080000000000,1584.100000000000,0.020000000000,0.120000000000,0.100000000000,0.000000000000,0.000012625625,ALTA,1584.100000000000,1584.160000000000,1583.910000000000,1583.990000000000,0.110000000000,0.250000000000,0.060000000000,0.080000000000,-0.000069440061,BAIXA,1583.990000000000,1583.990000000000,1583.730000000000,1583.740000000000,0.250000000000,0.260000000000,0.000000000000,0.010000000000,-0.000157829279,BAIXA,1583.740000000000,1583.800000000000,1583.570000000000,1583.650000000000,0.090000000000,0.230000000000,0.060000000000,0.080000000000,-0.000056827510,BAIXA,1583.680000000000,1583.800000000000,1583.630000000000,1583.780000000000,0.100000000000,0.170000000000,0.020000000000,0.050000000000,0.000063144070,ALTA,1583.780000000000,1583.900000000000,1583.660000000000,1583.660000000000,0.120000000000,0.240000000000,0.120000000000,0.000000000000,-0.000075768099,BAIXA,1583.660000000000,1584.060000000000,1583.660000000000,1584.050000000000,0.390000000000,0.400000000000,0.010000000000,0.000000000000,0.000246264981,ALTA,1584.050000000000,1584.260000000000,1584.030000000000,1584.140000000000,0.090000000000,0.230000000000,0.120000000000,0.020000000000,0.000056816388,ALTA,1584.140000000000,1584.250000000000,1584.140000000000,1584.210000000000,0.070000000000,0.110000000000,0.040000000000,0.000000000000,0.000044188014,ALTA,1584.210000000000,1584.410000000000,1584.190000000000,1584.320000000000,0.110000000000,0.220000000000,0.090000000000,0.020000000000,0.000069435239,ALTA,6,4,0,0.000151507500,0.000140790718,1584.320000000000,1584.300000000000,BAIXO,1789065450000
"USDARS_otc","2026-09-10 15:35:15","2026-09-10 15:37:30",1584.100000000000,1584.160000000000,1583.910000000000,1583.990000000000,0.110000000000,0.250000000000,0.060000000000,0.080000000000,-0.000069440061,BAIXA,1583.990000000000,1583.990000000000,1583.730000000000,1583.740000000000,0.250000000000,0.260000000000,0.000000000000,0.010000000000,-0.000157829279,BAIXA,1583.740000000000,1583.800000000000,1583.570000000000,1583.650000000000,0.090000000000,0.230000000000,0.060000000000,0.080000000000,-0.000056827510,BAIXA,1583.680000000000,1583.800000000000,1583.630000000000,1583.780000000000,0.100000000000,0.170000000000,0.020000000000,0.050000000000,0.000063144070,ALTA,1583.780000000000,1583.900000000000,1583.660000000000,1583.660000000000,0.120000000000,0.240000000000,0.120000000000,0.000000000000,-0.000075768099,BAIXA,1583.660000000000,1584.060000000000,1583.660000000000,1584.050000000000,0.390000000000,0.400000000000,0.010000000000,0.000000000000,0.000246264981,ALTA,1584.050000000000,1584.260000000000,1584.030000000000,1584.140000000000,0.090000000000,0.230000000000,0.120000000000,0.020000000000,0.000056816388,ALTA,1584.140000000000,1584.250000000000,1584.140000000000,1584.210000000000,0.070000000000,0.110000000000,0.040000000000,0.000000000000,0.000044188014,ALTA,1584.210000000000,1584.410000000000,1584.190000000000,1584.320000000000,0.110000000000,0.220000000000,0.090000000000,0.020000000000,0.000069435239,ALTA,1584.340000000000,1584.360000000000,1584.200000000000,1584.300000000000,0.040000000000,0.160000000000,0.020000000000,0.100000000000,-0.000025247106,BAIXA,5,5,0,0.000126254656,0.000143314186,1584.300000000000,1584.400000000000,CIMA,1789065465000
"USDARS_otc","2026-09-10 15:35:30","2026-09-10 15:37:45",1583.990000000000,1583.990000000000,1583.730000000000,1583.740000000000,0.250000000000,0.260000000000,0.000000000000,0.010000000000,-0.000157829279,BAIXA,1583.740000000000,1583.800000000000,1583.570000000000,1583.650000000000,0.090000000000,0.230000000000,0.060000000000,0.080000000000,-0.000056827510,BAIXA,1583.680000000000,1583.800000000000,1583.630000000000,1583.780000000000,0.100000000000,0.170000000000,0.020000000000,0.050000000000,0.000063144070,ALTA,1583.780000000000,1583.900000000000,1583.660000000000,1583.660000000000,0.120000000000,0.240000000000,0.120000000000,0.000000000000,-0.000075768099,BAIXA,1583.660000000000,1584.060000000000,1583.660000000000,1584.050000000000,0.390000000000,0.400000000000,0.010000000000,0.000000000000,0.000246264981,ALTA,1584.050000000000,1584.260000000000,1584.030000000000,1584.140000000000,0.090000000000,0.230000000000,0.120000000000,0.020000000000,0.000056816388,ALTA,1584.140000000000,1584.250000000000,1584.140000000000,1584.210000000000,0.070000000000,0.110000000000,0.040000000000,0.000000000000,0.000044188014,ALTA,1584.210000000000,1584.410000000000,1584.190000000000,1584.320000000000,0.110000000000,0.220000000000,0.090000000000,0.020000000000,0.000069435239,ALTA,1584.340000000000,1584.360000000000,1584.200000000000,1584.300000000000,0.040000000000,0.160000000000,0.020000000000,0.100000000000,-0.000025247106,BAIXA,1584.300000000000,1584.420000000000,1584.210000000000,1584.400000000000,0.100000000000,0.210000000000,0.020000000000,0.090000000000,0.000063119359,ALTA,6,4,0,0.000258840018,0.000140787419,1584.400000000000,1584.050000000000,BAIXO,1789065480000
"USDARS_otc","2026-09-10 15:35:45","2026-09-10 15:38:00",1583.740000000000,1583.800000000000,1583.570000000000,1583.650000000000,0.090000000000,0.230000000000,0.060000000000,0.080000000000,-0.000056827510,BAIXA,1583.680000000000,1583.800000000000,1583.630000000000,1583.780000000000,0.100000000000,0.170000000000,0.020000000000,0.050000000000,0.000063144070,ALTA,1583.780000000000,1583.900000000000,1583.660000000000,1583.660000000000,0.120000000000,0.240000000000,0.120000000000,0.000000000000,-0.000075768099,BAIXA,1583.660000000000,1584.060000000000,1583.660000000000,1584.050000000000,0.390000000000,0.400000000000,0.010000000000,0.000000000000,0.000246264981,ALTA,1584.050000000000,1584.260000000000,1584.030000000000,1584.140000000000,0.090000000000,0.230000000000,0.120000000000,0.020000000000,0.000056816388,ALTA,1584.140000000000,1584.250000000000,1584.140000000000,1584.210000000000,0.070000000000,0.110000000000,0.040000000000,0.000000000000,0.000044188014,ALTA,1584.210000000000,1584.410000000000,1584.190000000000,1584.320000000000,0.110000000000,0.220000000000,0.090000000000,0.020000000000,0.000069435239,ALTA,1584.340000000000,1584.360000000000,1584.200000000000,1584.300000000000,0.040000000000,0.160000000000,0.020000000000,0.100000000000,-0.000025247106,BAIXA,1584.300000000000,1584.420000000000,1584.210000000000,1584.400000000000,0.100000000000,0.210000000000,0.020000000000,0.090000000000,0.000063119359,ALTA,1584.400000000000,1584.400000000000,1584.050000000000,1584.050000000000,0.350000000000,0.350000000000,0.000000000000,0.000000000000,-0.000220903812,BAIXA,6,4,0,0.000195739200,0.000146463555,1584.050000000000,1583.990000000000,BAIXO,1789065495000
"USDARS_otc","2026-09-10 15:36:00","2026-09-10 15:38:15",1583.680000000000,1583.800000000000,1583.630000000000,1583.780000000000,0.100000000000,0.170000000000,0.020000000000,0.050000000000,0.000063144070,ALTA,1583.780000000000,1583.900000000000,1583.660000000000,1583.660000000000,0.120000000000,0.240000000000,0.120000000000,0.000000000000,-0.000075768099,BAIXA,1583.660000000000,1584.060000000000,1583.660000000000,1584.050000000000,0.390000000000,0.400000000000,0.010000000000,0.000000000000,0.000246264981,ALTA,1584.050000000000,1584.260000000000,1584.030000000000,1584.140000000000,0.090000000000,0.230000000000,0.120000000000,0.020000000000,0.000056816388,ALTA,1584.140000000000,1584.250000000000,1584.140000000000,1584.210000000000,0.070000000000,0.110000000000,0.040000000000,0.000000000000,0.000044188014,ALTA,1584.210000000000,1584.410000000000,1584.190000000000,1584.320000000000,0.110000000000,0.220000000000,0.090000000000,0.020000000000,0.000069435239,ALTA,1584.340000000000,1584.360000000000,1584.200000000000,1584.300000000000,0.040000000000,0.160000000000,0.020000000000,0.100000000000,-0.000025247106,BAIXA,1584.300000000000,1584.420000000000,1584.210000000000,1584.400000000000,0.100000000000,0.210000000000,0.020000000000,0.090000000000,0.000063119359,ALTA,1584.400000000000,1584.400000000000,1584.050000000000,1584.050000000000,0.350000000000,0.350000000000,0.000000000000,0.000000000000,-0.000220903812,BAIXA,1584.050000000000,1584.100000000000,1583.890000000000,1583.990000000000,0.060000000000,0.210000000000,0.050000000000,0.100000000000,-0.000037877592,BAIXA,6,4,0,0.000195746615,0.000145198127,1583.990000000000,1583.990000000000,EMPATE,1789065510000
"USDARS_otc","2026-09-10 15:36:15","2026-09-10 15:38:30",1583.780000000000,1583.900000000000,1583.660000000000,1583.660000000000,0.120000000000,0.240000000000,0.120000000000,0.000000000000,-0.000075768099,BAIXA,1583.660000000000,1584.060000000000,1583.660000000000,1584.050000000000,0.390000000000,0.400000000000,0.010000000000,0.000000000000,0.000246264981,ALTA,1584.050000000000,1584.260000000000,1584.030000000000,1584.140000000000,0.090000000000,0.230000000000,0.120000000000,0.020000000000,0.000056816388,ALTA,1584.140000000000,1584.250000000000,1584.140000000000,1584.210000000000,0.070000000000,0.110000000000,0.040000000000,0.000000000000,0.000044188014,ALTA,1584.210000000000,1584.410000000000,1584.190000000000,1584.320000000000,0.110000000000,0.220000000000,0.090000000000,0.020000000000,0.000069435239,ALTA,1584.340000000000,1584.360000000000,1584.200000000000,1584.300000000000,0.040000000000,0.160000000000,0.020000000000,0.100000000000,-0.000025247106,BAIXA,1584.300000000000,1584.420000000000,1584.210000000000,1584.400000000000,0.100000000000,0.210000000000,0.020000000000,0.090000000000,0.000063119359,ALTA,1584.400000000000,1584.400000000000,1584.050000000000,1584.050000000000,0.350000000000,0.350000000000,0.000000000000,0.000000000000,-0.000220903812,BAIXA,1584.050000000000,1584.100000000000,1583.890000000000,1583.990000000000,0.060000000000,0.210000000000,0.050000000000,0.100000000000,-0.000037877592,BAIXA,1583.990000000000,1584.100000000000,1583.950000000000,1583.990000000000,0.000000000000,0.150000000000,0.110000000000,0.040000000000,0.000000000000,EMPATE,5,4,1,0.000132594173,0.000143933392,1583.990000000000,1584.070000000000,CIMA,1789065525000
"USDARS_otc","2026-09-10 15:36:30","2026-09-10 15:38:45",1583.660000000000,1584.060000000000,1583.660000000000,1584.050000000000,0.390000000000,0.400000000000,0.010000000000,0.000000000000,0.000246264981,ALTA,1584.050000000000,1584.260000000000,1584.030000000000,1584.140000000000,0.090000000000,0.230000000000,0.120000000000,0.020000000000,0.000056816388,ALTA,1584.140000000000,1584.250000000000,1584.140000000000,1584.210000000000,0.070000000000,0.110000000000,0.040000000000,0.000000000000,0.000044188014,ALTA,1584.210000000000,1584.410000000000,1584.190000000000,1584.320000000000,0.110000000000,0.220000000000,0.090000000000,0.020000000000,0.000069435239,ALTA,1584.340000000000,1584.360000000000,1584.200000000000,1584.300000000000,0.040000000000,0.160000000000,0.020000000000,0.100000000000,-0.000025247106,BAIXA,1584.300000000000,1584.420000000000,1584.210000000000,1584.400000000000,0.100000000000,0.210000000000,0.020000000000,0.090000000000,0.000063119359,ALTA,1584.400000000000,1584.400000000000,1584.050000000000,1584.050000000000,0.350000000000,0.350000000000,0.000000000000,0.000000000000,-0.000220903812,BAIXA,1584.050000000000,1584.100000000000,1583.890000000000,1583.990000000000,0.060000000000,0.210000000000,0.050000000000,0.100000000000,-0.000037877592,BAIXA,1583.990000000000,1584.100000000000,1583.950000000000,1583.990000000000,0.000000000000,0.150000000000,0.110000000000,0.040000000000,0.000000000000,EMPATE,1583.990000000000,1584.090000000000,1583.890000000000,1584.070000000000,0.080000000000,0.200000000000,0.020000000000,0.100000000000,0.000050505369,ALTA,6,3,1,0.000258893955,0.000141406114,1584.070000000000,1584.210000000000,CIMA,1789065540000
"USDARS_otc","2026-09-10 15:36:45","2026-09-10 15:39:00",1584.050000000000,1584.260000000000,1584.030000000000,1584.140000000000,0.090000000000,0.230000000000,0.120000000000,0.020000000000,0.000056816388,ALTA,1584.140000000000,1584.250000000000,1584.140000000000,1584.210000000000,0.070000000000,0.110000000000,0.040000000000,0.000000000000,0.000044188014,ALTA,1584.210000000000,1584.410000000000,1584.190000000000,1584.320000000000,0.110000000000,0.220000000000,0.090000000000,0.020000000000,0.000069435239,ALTA,1584.340000000000,1584.360000000000,1584.200000000000,1584.300000000000,0.040000000000,0.160000000000,0.020000000000,0.100000000000,-0.000025247106,BAIXA,1584.300000000000,1584.420000000000,1584.210000000000,1584.400000000000,0.100000000000,0.210000000000,0.020000000000,0.090000000000,0.000063119359,ALTA,1584.400000000000,1584.400000000000,1584.050000000000,1584.050000000000,0.350000000000,0.350000000000,0.000000000000,0.000000000000,-0.000220903812,BAIXA,1584.050000000000,1584.100000000000,1583.890000000000,1583.990000000000,0.060000000000,0.210000000000,0.050000000000,0.100000000000,-0.000037877592,BAIXA,1583.990000000000,1584.100000000000,1583.950000000000,1583.990000000000,0.000000000000,0.150000000000,0.110000000000,0.040000000000,0.000000000000,EMPATE,1583.990000000000,1584.090000000000,1583.890000000000,1584.070000000000,0.080000000000,0.200000000000,0.020000000000,0.100000000000,0.000050505369,ALTA,1584.070000000000,1584.330000000000,1584.010000000000,1584.210000000000,0.140000000000,0.320000000000,0.120000000000,0.060000000000,0.000088379933,ALTA,6,3,1,0.000101006913,0.000136349295,1584.210000000000,1584.220000000000,CIMA,1789065555000
"USDARS_otc","2026-09-10 15:37:00","2026-09-10 15:39:15",1584.140000000000,1584.250000000000,1584.140000000000,1584.210000000000,0.070000000000,0.110000000000,0.040000000000,0.000000000000,0.000044188014,ALTA,1584.210000000000,1584.410000000000,1584.190000000000,1584.320000000000,0.110000000000,0.220000000000,0.090000000000,0.020000000000,0.000069435239,ALTA,1584.340000000000,1584.360000000000,1584.200000000000,1584.300000000000,0.040000000000,0.160000000000,0.020000000000,0.100000000000,-0.000025247106,BAIXA,1584.300000000000,1584.420000000000,1584.210000000000,1584.400000000000,0.100000000000,0.210000000000,0.020000000000,0.090000000000,0.000063119359,ALTA,1584.400000000000,1584.400000000000,1584.050000000000,1584.050000000000,0.350000000000,0.350000000000,0.000000000000,0.000000000000,-0.000220903812,BAIXA,1584.050000000000,1584.100000000000,1583.890000000000,1583.990000000000,0.060000000000,0.210000000000,0.050000000000,0.100000000000,-0.000037877592,BAIXA,1583.990000000000,1584.100000000000,1583.950000000000,1583.990000000000,0.000000000000,0.150000000000,0.110000000000,0.040000000000,0.000000000000,EMPATE,1583.990000000000,1584.090000000000,1583.890000000000,1584.070000000000,0.080000000000,0.200000000000,0.020000000000,0.100000000000,0.000050505369,ALTA,1584.070000000000,1584.330000000000,1584.010000000000,1584.210000000000,0.140000000000,0.320000000000,0.120000000000,0.060000000000,0.000088379933,ALTA,1584.250000000000,1584.340000000000,1584.200000000000,1584.220000000000,0.030000000000,0.140000000000,0.090000000000,0.020000000000,-0.000018936405,BAIXA,5,4,1,0.000050500587,0.000130666540,1584.220000000000,1584.180000000000,BAIXO,1789065570000
"USDARS_otc","2026-09-10 15:37:15","2026-09-10 15:39:30",1584.210000000000,1584.410000000000,1584.190000000000,1584.320000000000,0.110000000000,0.220000000000,0.090000000000,0.020000000000,0.000069435239,ALTA,1584.340000000000,1584.360000000000,1584.200000000000,1584.300000000000,0.040000000000,0.160000000000,0.020000000000,0.100000000000,-0.000025247106,BAIXA,1584.300000000000,1584.420000000000,1584.210000000000,1584.400000000000,0.100000000000,0.210000000000,0.020000000000,0.090000000000,0.000063119359,ALTA,1584.400000000000,1584.400000000000,1584.050000000000,1584.050000000000,0.350000000000,0.350000000000,0.000000000000,0.000000000000,-0.000220903812,BAIXA,1584.050000000000,1584.100000000000,1583.890000000000,1583.990000000000,0.060000000000,0.210000000000,0.050000000000,0.100000000000,-0.000037877592,BAIXA,1583.990000000000,1584.100000000000,1583.950000000000,1583.990000000000,0.000000000000,0.150000000000,0.110000000000,0.040000000000,0.000000000000,EMPATE,1583.990000000000,1584.090000000000,1583.890000000000,1584.070000000000,0.080000000000,0.200000000000,0.020000000000,0.100000000000,0.000050505369,ALTA,1584.070000000000,1584.330000000000,1584.010000000000,1584.210000000000,0.140000000000,0.320000000000,0.120000000000,0.060000000000,0.000088379933,ALTA,1584.250000000000,1584.340000000000,1584.200000000000,1584.220000000000,0.030000000000,0.140000000000,0.090000000000,0.020000000000,-0.000018936405,BAIXA,1584.220000000000,1584.420000000000,1584.150000000000,1584.180000000000,0.040000000000,0.270000000000,0.200000000000,0.030000000000,-0.000025249018,BAIXA,4,5,1,-0.000018936883,0.000140765797,1584.180000000000,1584.260000000000,CIMA,1789065585000
"USDARS_otc","2026-09-10 15:37:30","2026-09-10 15:39:45",1584.340000000000,1584.360000000000,1584.200000000000,1584.300000000000,0.040000000000,0.160000000000,0.020000000000,0.100000000000,-0.000025247106,BAIXA,1584.300000000000,1584.420000000000,1584.210000000000,1584.400000000000,0.100000000000,0.210000000000,0.020000000000,0.090000000000,0.000063119359,ALTA,1584.400000000000,1584.400000000000,1584.050000000000,1584.050000000000,0.350000000000,0.350000000000,0.000000000000,0.000000000000,-0.000220903812,BAIXA,1584.050000000000,1584.100000000000,1583.890000000000,1583.990000000000,0.060000000000,0.210000000000,0.050000000000,0.100000000000,-0.000037877592,BAIXA,1583.990000000000,1584.100000000000,1583.950000000000,1583.990000000000,0.000000000000,0.150000000000,0.110000000000,0.040000000000,0.000000000000,EMPATE,1583.990000000000,1584.090000000000,1583.890000000000,1584.070000000000,0.080000000000,0.200000000000,0.020000000000,0.100000000000,0.000050505369,ALTA,1584.070000000000,1584.330000000000,1584.010000000000,1584.210000000000,0.140000000000,0.320000000000,0.120000000000,0.060000000000,0.000088379933,ALTA,1584.250000000000,1584.340000000000,1584.200000000000,1584.220000000000,0.030000000000,0.140000000000,0.090000000000,0.020000000000,-0.000018936405,BAIXA,1584.220000000000,1584.420000000000,1584.150000000000,1584.180000000000,0.040000000000,0.270000000000,0.200000000000,0.030000000000,-0.000025249018,BAIXA,1584.180000000000,1584.260000000000,1584.100000000000,1584.260000000000,0.080000000000,0.160000000000,0.000000000000,0.080000000000,0.000050499312,ALTA,4,5,1,-0.000050494212,0.000136978612,1584.260000000000,1584.560000000000,CIMA,1789065600000
"USDARS_otc","2026-09-10 15:37:45","2026-09-10 15:40:00",1584.300000000000,1584.420000000000,1584.210000000000,1584.400000000000,0.100000000000,0.210000000000,0.020000000000,0.090000000000,0.000063119359,ALTA,1584.400000000000,1584.400000000000,1584.050000000000,1584.050000000000,0.350000000000,0.350000000000,0.000000000000,0.000000000000,-0.000220903812,BAIXA,1584.050000000000,1584.100000000000,1583.890000000000,1583.990000000000,0.060000000000,0.210000000000,0.050000000000,0.100000000000,-0.000037877592,BAIXA,1583.990000000000,1584.100000000000,1583.950000000000,1583.990000000000,0.000000000000,0.150000000000,0.110000000000,0.040000000000,0.000000000000,EMPATE,1583.990000000000,1584.090000000000,1583.890000000000,1584.070000000000,0.080000000000,0.200000000000,0.020000000000,0.100000000000,0.000050505369,ALTA,1584.070000000000,1584.330000000000,1584.010000000000,1584.210000000000,0.140000000000,0.320000000000,0.120000000000,0.060000000000,0.000088379933,ALTA,1584.250000000000,1584.340000000000,1584.200000000000,1584.220000000000,0.030000000000,0.140000000000,0.090000000000,0.020000000000,-0.000018936405,BAIXA,1584.220000000000,1584.420000000000,1584.150000000000,1584.180000000000,0.040000000000,0.270000000000,0.200000000000,0.030000000000,-0.000025249018,BAIXA,1584.180000000000,1584.260000000000,1584.100000000000,1584.260000000000,0.080000000000,0.160000000000,0.000000000000,0.080000000000,0.000050499312,ALTA,1584.260000000000,1584.560000000000,1584.230000000000,1584.560000000000,0.300000000000,0.330000000000,0.000000000000,0.030000000000,0.000189362857,ALTA,5,4,1,0.000164110333,0.000147709684,1584.560000000000,1584.530000000000,BAIXO,1789065615000
"USDARS_otc","2026-09-10 15:38:00","2026-09-10 15:40:15",1584.400000000000,1584.400000000000,1584.050000000000,1584.050000000000,0.350000000000,0.350000000000,0.000000000000,0.000000000000,-0.000220903812,BAIXA,1584.050000000000,1584.100000000000,1583.890000000000,1583.990000000000,0.060000000000,0.210000000000,0.050000000000,0.100000000000,-0.000037877592,BAIXA,1583.990000000000,1584.100000000000,1583.950000000000,1583.990000000000,0.000000000000,0.150000000000,0.110000000000,0.040000000000,0.000000000000,EMPATE,1583.990000000000,1584.090000000000,1583.890000000000,1584.070000000000,0.080000000000,0.200000000000,0.020000000000,0.100000000000,0.000050505369,ALTA,1584.070000000000,1584.330000000000,1584.010000000000,1584.210000000000,0.140000000000,0.320000000000,0.120000000000,0.060000000000,0.000088379933,ALTA,1584.250000000000,1584.340000000000,1584.200000000000,1584.220000000000,0.030000000000,0.140000000000,0.090000000000,0.020000000000,-0.000018936405,BAIXA,1584.220000000000,1584.420000000000,1584.150000000000,1584.180000000000,0.040000000000,0.270000000000,0.200000000000,0.030000000000,-0.000025249018,BAIXA,1584.180000000000,1584.260000000000,1584.100000000000,1584.260000000000,0.080000000000,0.160000000000,0.000000000000,0.080000000000,0.000050499312,ALTA,1584.260000000000,1584.560000000000,1584.230000000000,1584.560000000000,0.300000000000,0.330000000000,0.000000000000,0.030000000000,0.000189362857,ALTA,1584.580000000000,1584.650000000000,1584.400000000000,1584.530000000000,0.050000000000,0.250000000000,0.070000000000,0.130000000000,-0.000031554103,BAIXA,4,5,1,0.000082049987,0.000150231670,1584.530000000000,1584.700000000000,CIMA,1789065630000
"USDARS_otc","2026-09-10 15:38:15","2026-09-10 15:40:30",1584.050000000000,1584.100000000000,1583.890000000000,1583.990000000000,0.060000000000,0.210000000000,0.050000000000,0.100000000000,-0.000037877592,BAIXA,1583.990000000000,1584.100000000000,1583.950000000000,1583.990000000000,0.000000000000,0.150000000000,0.110000000000,0.040000000000,0.000000000000,EMPATE,1583.990000000000,1584.090000000000,1583.890000000000,1584.070000000000,0.080000000000,0.200000000000,0.020000000000,0.100000000000,0.000050505369,ALTA,1584.070000000000,1584.330000000000,1584.010000000000,1584.210000000000,0.140000000000,0.320000000000,0.120000000000,0.060000000000,0.000088379933,ALTA,1584.250000000000,1584.340000000000,1584.200000000000,1584.220000000000,0.030000000000,0.140000000000,0.090000000000,0.020000000000,-0.000018936405,BAIXA,1584.220000000000,1584.420000000000,1584.150000000000,1584.180000000000,0.040000000000,0.270000000000,0.200000000000,0.030000000000,-0.000025249018,BAIXA,1584.180000000000,1584.260000000000,1584.100000000000,1584.260000000000,0.080000000000,0.160000000000,0.000000000000,0.080000000000,0.000050499312,ALTA,1584.260000000000,1584.560000000000,1584.230000000000,1584.560000000000,0.300000000000,0.330000000000,0.000000000000,0.030000000000,0.000189362857,ALTA,1584.580000000000,1584.650000000000,1584.400000000000,1584.530000000000,0.050000000000,0.250000000000,0.070000000000,0.130000000000,-0.000031554103,BAIXA,1584.530000000000,1584.790000000000,1584.390000000000,1584.700000000000,0.170000000000,0.400000000000,0.090000000000,0.140000000000,0.000107287334,ALTA,5,4,1,0.000410340583,0.000153385367,1584.700000000000,1584.730000000000,CIMA,1789065645000
"USDARS_otc","2026-09-10 15:38:30","2026-09-10 15:40:45",1583.990000000000,1584.100000000000,1583.950000000000,1583.990000000000,0.000000000000,0.150000000000,0.110000000000,0.040000000000,0.000000000000,EMPATE,1583.990000000000,1584.090000000000,1583.890000000000,1584.070000000000,0.080000000000,0.200000000000,0.020000000000,0.100000000000,0.000050505369,ALTA,1584.070000000000,1584.330000000000,1584.010000000000,1584.210000000000,0.140000000000,0.320000000000,0.120000000000,0.060000000000,0.000088379933,ALTA,1584.250000000000,1584.340000000000,1584.200000000000,1584.220000000000,0.030000000000,0.140000000000,0.090000000000,0.020000000000,-0.000018936405,BAIXA,1584.220000000000,1584.420000000000,1584.150000000000,1584.180000000000,0.040000000000,0.270000000000,0.200000000000,0.030000000000,-0.000025249018,BAIXA,1584.180000000000,1584.260000000000,1584.100000000000,1584.260000000000,0.080000000000,0.160000000000,0.000000000000,0.080000000000,0.000050499312,ALTA,1584.260000000000,1584.560000000000,1584.230000000000,1584.560000000000,0.300000000000,0.330000000000,0.000000000000,0.030000000000,0.000189362857,ALTA,1584.580000000000,1584.650000000000,1584.400000000000,1584.530000000000,0.050000000000,0.250000000000,0.070000000000,0.130000000000,-0.000031554103,BAIXA,1584.530000000000,1584.790000000000,1584.390000000000,1584.700000000000,0.170000000000,0.400000000000,0.090000000000,0.140000000000,0.000107287334,ALTA,1584.700000000000,1584.880000000000,1584.560000000000,1584.730000000000,0.030000000000,0.320000000000,0.150000000000,0.140000000000,0.000018931028,ALTA,6,3,1,0.000467174667,0.000160321306,1584.730000000000,1584.640000000000,BAIXO,1789065660000
"USDARS_otc","2026-09-10 15:38:45","2026-09-10 15:41:00",1583.990000000000,1584.090000000000,1583.890000000000,1584.070000000000,0.080000000000,0.200000000000,0.020000000000,0.100000000000,0.000050505369,ALTA,1584.070000000000,1584.330000000000,1584.010000000000,1584.210000000000,0.140000000000,0.320000000000,0.120000000000,0.060000000000,0.000088379933,ALTA,1584.250000000000,1584.340000000000,1584.200000000000,1584.220000000000,0.030000000000,0.140000000000,0.090000000000,0.020000000000,-0.000018936405,BAIXA,1584.220000000000,1584.420000000000,1584.150000000000,1584.180000000000,0.040000000000,0.270000000000,0.200000000000,0.030000000000,-0.000025249018,BAIXA,1584.180000000000,1584.260000000000,1584.100000000000,1584.260000000000,0.080000000000,0.160000000000,0.000000000000,0.080000000000,0.000050499312,ALTA,1584.260000000000,1584.560000000000,1584.230000000000,1584.560000000000,0.300000000000,0.330000000000,0.000000000000,0.030000000000,0.000189362857,ALTA,1584.580000000000,1584.650000000000,1584.400000000000,1584.530000000000,0.050000000000,0.250000000000,0.070000000000,0.130000000000,-0.000031554103,BAIXA,1584.530000000000,1584.790000000000,1584.390000000000,1584.700000000000,0.170000000000,0.400000000000,0.090000000000,0.140000000000,0.000107287334,ALTA,1584.700000000000,1584.880000000000,1584.560000000000,1584.730000000000,0.030000000000,0.320000000000,0.150000000000,0.140000000000,0.000018931028,ALTA,1584.730000000000,1584.890000000000,1584.620000000000,1584.640000000000,0.090000000000,0.270000000000,0.160000000000,0.020000000000,-0.000056792009,BAIXA,6,4,0,0.000410356126,0.000167889152,1584.640000000000,1584.590000000000,BAIXO,1789065675000
"USDARS_otc","2026-09-10 15:39:00","2026-09-10 15:41:15",1584.070000000000,1584.330000000000,1584.010000000000,1584.210000000000,0.140000000000,0.320000000000,0.120000000000,0.060000000000,0.000088379933,ALTA,1584.250000000000,1584.340000000000,1584.200000000000,1584.220000000000,0.030000000000,0.140000000000,0.090000000000,0.020000000000,-0.000018936405,BAIXA,1584.220000000000,1584.420000000000,1584.150000000000,1584.180000000000,0.040000000000,0.270000000000,0.200000000000,0.030000000000,-0.000025249018,BAIXA,1584.180000000000,1584.260000000000,1584.100000000000,1584.260000000000,0.080000000000,0.160000000000,0.000000000000,0.080000000000,0.000050499312,ALTA,1584.260000000000,1584.560000000000,1584.230000000000,1584.560000000000,0.300000000000,0.330000000000,0.000000000000,0.030000000000,0.000189362857,ALTA,1584.580000000000,1584.650000000000,1584.400000000000,1584.530000000000,0.050000000000,0.250000000000,0.070000000000,0.130000000000,-0.000031554103,BAIXA,1584.530000000000,1584.790000000000,1584.390000000000,1584.700000000000,0.170000000000,0.400000000000,0.090000000000,0.140000000000,0.000107287334,ALTA,1584.700000000000,1584.880000000000,1584.560000000000,1584.730000000000,0.030000000000,0.320000000000,0.150000000000,0.140000000000,0.000018931028,ALTA,1584.730000000000,1584.890000000000,1584.620000000000,1584.640000000000,0.090000000000,0.270000000000,0.160000000000,0.020000000000,-0.000056792009,BAIXA,1584.670000000000,1584.730000000000,1584.440000000000,1584.590000000000,0.080000000000,0.290000000000,0.060000000000,0.150000000000,-0.000050483697,BAIXA,5,5,0,0.000328268321,0.000173563150,1584.590000000000,1584.410000000000,BAIXO,1789065690000
"USDARS_otc","2026-09-10 15:39:15","2026-09-10 15:41:30",1584.250000000000,1584.340000000000,1584.200000000000,1584.220000000000,0.030000000000,0.140000000000,0.090000000000,0.020000000000,-0.000018936405,BAIXA,1584.220000000000,1584.420000000000,1584.150000000000,1584.180000000000,0.040000000000,0.270000000000,0.200000000000,0.030000000000,-0.000025249018,BAIXA,1584.180000000000,1584.260000000000,1584.100000000000,1584.260000000000,0.080000000000,0.160000000000,0.000000000000,0.080000000000,0.000050499312,ALTA,1584.260000000000,1584.560000000000,1584.230000000000,1584.560000000000,0.300000000000,0.330000000000,0.000000000000,0.030000000000,0.000189362857,ALTA,1584.580000000000,1584.650000000000,1584.400000000000,1584.530000000000,0.050000000000,0.250000000000,0.070000000000,0.130000000000,-0.000031554103,BAIXA,1584.530000000000,1584.790000000000,1584.390000000000,1584.700000000000,0.170000000000,0.400000000000,0.090000000000,0.140000000000,0.000107287334,ALTA,1584.700000000000,1584.880000000000,1584.560000000000,1584.730000000000,0.030000000000,0.320000000000,0.150000000000,0.140000000000,0.000018931028,ALTA,1584.730000000000,1584.890000000000,1584.620000000000,1584.640000000000,0.090000000000,0.270000000000,0.160000000000,0.020000000000,-0.000056792009,BAIXA,1584.670000000000,1584.730000000000,1584.440000000000,1584.590000000000,0.080000000000,0.290000000000,0.060000000000,0.150000000000,-0.000050483697,BAIXA,1584.590000000000,1584.590000000000,1584.320000000000,1584.410000000000,0.180000000000,0.270000000000,0.000000000000,0.090000000000,-0.000113594053,BAIXA,4,6,0,0.000100994161,0.000170401130,1584.410000000000,1584.370000000000,BAIXO,1789065705000
"USDARS_otc","2026-09-10 15:39:30","2026-09-10 15:41:45",1584.220000000000,1584.420000000000,1584.150000000000,1584.180000000000,0.040000000000,0.270000000000,0.200000000000,0.030000000000,-0.000025249018,BAIXA,1584.180000000000,1584.260000000000,1584.100000000000,1584.260000000000,0.080000000000,0.160000000000,0.000000000000,0.080000000000,0.000050499312,ALTA,1584.260000000000,1584.560000000000,1584.230000000000,1584.560000000000,0.300000000000,0.330000000000,0.000000000000,0.030000000000,0.000189362857,ALTA,1584.580000000000,1584.650000000000,1584.400000000000,1584.530000000000,0.050000000000,0.250000000000,0.070000000000,0.130000000000,-0.000031554103,BAIXA,1584.530000000000,1584.790000000000,1584.390000000000,1584.700000000000,0.170000000000,0.400000000000,0.090000000000,0.140000000000,0.000107287334,ALTA,1584.700000000000,1584.880000000000,1584.560000000000,1584.730000000000,0.030000000000,0.320000000000,0.150000000000,0.140000000000,0.000018931028,ALTA,1584.730000000000,1584.890000000000,1584.620000000000,1584.640000000000,0.090000000000,0.270000000000,0.160000000000,0.020000000000,-0.000056792009,BAIXA,1584.670000000000,1584.730000000000,1584.440000000000,1584.590000000000,0.080000000000,0.290000000000,0.060000000000,0.150000000000,-0.000050483697,BAIXA,1584.590000000000,1584.590000000000,1584.320000000000,1584.410000000000,0.180000000000,0.270000000000,0.000000000000,0.090000000000,-0.000113594053,BAIXA,1584.410000000000,1584.460000000000,1584.320000000000,1584.370000000000,0.040000000000,0.140000000000,0.050000000000,0.050000000000,-0.000025245991,BAIXA,4,6,0,0.000094683819,0.000170400238,1584.370000000000,1584.410000000000,CIMA,1789065720000
"USDARS_otc","2026-09-10 15:39:45","2026-09-10 15:42:00",1584.180000000000,1584.260000000000,1584.100000000000,1584.260000000000,0.080000000000,0.160000000000,0.000000000000,0.080000000000,0.000050499312,ALTA,1584.260000000000,1584.560000000000,1584.230000000000,1584.560000000000,0.300000000000,0.330000000000,0.000000000000,0.030000000000,0.000189362857,ALTA,1584.580000000000,1584.650000000000,1584.400000000000,1584.530000000000,0.050000000000,0.250000000000,0.070000000000,0.130000000000,-0.000031554103,BAIXA,1584.530000000000,1584.790000000000,1584.390000000000,1584.700000000000,0.170000000000,0.400000000000,0.090000000000,0.140000000000,0.000107287334,ALTA,1584.700000000000,1584.880000000000,1584.560000000000,1584.730000000000,0.030000000000,0.320000000000,0.150000000000,0.140000000000,0.000018931028,ALTA,1584.730000000000,1584.890000000000,1584.620000000000,1584.640000000000,0.090000000000,0.270000000000,0.160000000000,0.020000000000,-0.000056792009,BAIXA,1584.670000000000,1584.730000000000,1584.440000000000,1584.590000000000,0.080000000000,0.290000000000,0.060000000000,0.150000000000,-0.000050483697,BAIXA,1584.590000000000,1584.590000000000,1584.320000000000,1584.410000000000,0.180000000000,0.270000000000,0.000000000000,0.090000000000,-0.000113594053,BAIXA,1584.410000000000,1584.460000000000,1584.320000000000,1584.370000000000,0.040000000000,0.140000000000,0.050000000000,0.050000000000,-0.000025245991,BAIXA,1584.400000000000,1584.550000000000,1584.290000000000,1584.410000000000,0.010000000000,0.260000000000,0.140000000000,0.110000000000,0.000006311537,ALTA,5,5,0,0.000145185522,0.000169767148,1584.410000000000,1584.550000000000,CIMA,1789065735000
"USDARS_otc","2026-09-10 15:40:00","2026-09-10 15:42:15",1584.260000000000,1584.560000000000,1584.230000000000,1584.560000000000,0.300000000000,0.330000000000,0.000000000000,0.030000000000,0.000189362857,ALTA,1584.580000000000,1584.650000000000,1584.400000000000,1584.530000000000,0.050000000000,0.250000000000,0.070000000000,0.130000000000,-0.000031554103,BAIXA,1584.530000000000,1584.790000000000,1584.390000000000,1584.700000000000,0.170000000000,0.400000000000,0.090000000000,0.140000000000,0.000107287334,ALTA,1584.700000000000,1584.880000000000,1584.560000000000,1584.730000000000,0.030000000000,0.320000000000,0.150000000000,0.140000000000,0.000018931028,ALTA,1584.730000000000,1584.890000000000,1584.620000000000,1584.640000000000,0.090000000000,0.270000000000,0.160000000000,0.020000000000,-0.000056792009,BAIXA,1584.670000000000,1584.730000000000,1584.440000000000,1584.590000000000,0.080000000000,0.290000000000,0.060000000000,0.150000000000,-0.000050483697,BAIXA,1584.590000000000,1584.590000000000,1584.320000000000,1584.410000000000,0.180000000000,0.270000000000,0.000000000000,0.090000000000,-0.000113594053,BAIXA,1584.410000000000,1584.460000000000,1584.320000000000,1584.370000000000,0.040000000000,0.140000000000,0.050000000000,0.050000000000,-0.000025245991,BAIXA,1584.400000000000,1584.550000000000,1584.290000000000,1584.410000000000,0.010000000000,0.260000000000,0.140000000000,0.110000000000,0.000006311537,ALTA,1584.490000000000,1584.550000000000,1584.340000000000,1584.550000000000,0.060000000000,0.210000000000,0.000000000000,0.150000000000,0.000037867074,ALTA,5,5,0,0.000183050762,0.000172920762,1584.550000000000,1584.780000000000,CIMA,1789065750000
"USDARS_otc","2026-09-10 15:40:15","2026-09-10 15:42:30",1584.580000000000,1584.650000000000,1584.400000000000,1584.530000000000,0.050000000000,0.250000000000,0.070000000000,0.130000000000,-0.000031554103,BAIXA,1584.530000000000,1584.790000000000,1584.390000000000,1584.700000000000,0.170000000000,0.400000000000,0.090000000000,0.140000000000,0.000107287334,ALTA,1584.700000000000,1584.880000000000,1584.560000000000,1584.730000000000,0.030000000000,0.320000000000,0.150000000000,0.140000000000,0.000018931028,ALTA,1584.730000000000,1584.890000000000,1584.620000000000,1584.640000000000,0.090000000000,0.270000000000,0.160000000000,0.020000000000,-0.000056792009,BAIXA,1584.670000000000,1584.730000000000,1584.440000000000,1584.590000000000,0.080000000000,0.290000000000,0.060000000000,0.150000000000,-0.000050483697,BAIXA,1584.590000000000,1584.590000000000,1584.320000000000,1584.410000000000,0.180000000000,0.270000000000,0.000000000000,0.090000000000,-0.000113594053,BAIXA,1584.410000000000,1584.460000000000,1584.320000000000,1584.370000000000,0.040000000000,0.140000000000,0.050000000000,0.050000000000,-0.000025245991,BAIXA,1584.400000000000,1584.550000000000,1584.290000000000,1584.410000000000,0.010000000000,0.260000000000,0.140000000000,0.110000000000,0.000006311537,ALTA,1584.490000000000,1584.550000000000,1584.340000000000,1584.550000000000,0.060000000000,0.210000000000,0.000000000000,0.150000000000,0.000037867074,ALTA,1584.550000000000,1584.780000000000,1584.550000000000,1584.780000000000,0.230000000000,0.230000000000,0.000000000000,0.000000000000,0.000145151620,ALTA,5,5,0,0.000126216411,0.000166606009,1584.780000000000,1584.770000000000,BAIXO,1789065765000
"USDARS_otc","2026-09-10 15:40:30","2026-09-10 15:42:45",1584.530000000000,1584.790000000000,1584.390000000000,1584.700000000000,0.170000000000,0.400000000000,0.090000000000,0.140000000000,0.000107287334,ALTA,1584.700000000000,1584.880000000000,1584.560000000000,1584.730000000000,0.030000000000,0.320000000000,0.150000000000,0.140000000000,0.000018931028,ALTA,1584.730000000000,1584.890000000000,1584.620000000000,1584.640000000000,0.090000000000,0.270000000000,0.160000000000,0.020000000000,-0.000056792009,BAIXA,1584.670000000000,1584.730000000000,1584.440000000000,1584.590000000000,0.080000000000,0.290000000000,0.060000000000,0.150000000000,-0.000050483697,BAIXA,1584.590000000000,1584.590000000000,1584.320000000000,1584.410000000000,0.180000000000,0.270000000000,0.000000000000,0.090000000000,-0.000113594053,BAIXA,1584.410000000000,1584.460000000000,1584.320000000000,1584.370000000000,0.040000000000,0.140000000000,0.050000000000,0.050000000000,-0.000025245991,BAIXA,1584.400000000000,1584.550000000000,1584.290000000000,1584.410000000000,0.010000000000,0.260000000000,0.140000000000,0.110000000000,0.000006311537,ALTA,1584.490000000000,1584.550000000000,1584.340000000000,1584.550000000000,0.060000000000,0.210000000000,0.000000000000,0.150000000000,0.000037867074,ALTA,1584.550000000000,1584.780000000000,1584.550000000000,1584.780000000000,0.230000000000,0.230000000000,0.000000000000,0.000000000000,0.000145151620,ALTA,1584.720000000000,1584.790000000000,1584.650000000000,1584.770000000000,0.050000000000,0.140000000000,0.020000000000,0.070000000000,0.000031551315,ALTA,6,4,0,0.000151464472,0.000159663326,1584.770000000000,1585.260000000000,CIMA,1789065780000
"USDARS_otc","2026-09-10 15:40:45","2026-09-10 15:43:00",1584.700000000000,1584.880000000000,1584.560000000000,1584.730000000000,0.030000000000,0.320000000000,0.150000000000,0.140000000000,0.000018931028,ALTA,1584.730000000000,1584.890000000000,1584.620000000000,1584.640000000000,0.090000000000,0.270000000000,0.160000000000,0.020000000000,-0.000056792009,BAIXA,1584.670000000000,1584.730000000000,1584.440000000000,1584.590000000000,0.080000000000,0.290000000000,0.060000000000,0.150000000000,-0.000050483697,BAIXA,1584.590000000000,1584.590000000000,1584.320000000000,1584.410000000000,0.180000000000,0.270000000000,0.000000000000,0.090000000000,-0.000113594053,BAIXA,1584.410000000000,1584.460000000000,1584.320000000000,1584.370000000000,0.040000000000,0.140000000000,0.050000000000,0.050000000000,-0.000025245991,BAIXA,1584.400000000000,1584.550000000000,1584.290000000000,1584.410000000000,0.010000000000,0.260000000000,0.140000000000,0.110000000000,0.000006311537,ALTA,1584.490000000000,1584.550000000000,1584.340000000000,1584.550000000000,0.060000000000,0.210000000000,0.000000000000,0.150000000000,0.000037867074,ALTA,1584.550000000000,1584.780000000000,1584.550000000000,1584.780000000000,0.230000000000,0.230000000000,0.000000000000,0.000000000000,0.000145151620,ALTA,1584.720000000000,1584.790000000000,1584.650000000000,1584.770000000000,0.050000000000,0.140000000000,0.020000000000,0.070000000000,0.000031551315,ALTA,1584.800000000000,1585.300000000000,1584.800000000000,1585.260000000000,0.460000000000,0.500000000000,0.040000000000,0.000000000000,0.000290257446,ALTA,6,4,0,0.000353379188,0.000165968970,1585.260000000000,1585.240000000000,BAIXO,1789065795000
"USDARS_otc","2026-09-10 15:41:00","2026-09-10 15:43:15",1584.730000000000,1584.890000000000,1584.620000000000,1584.640000000000,0.090000000000,0.270000000000,0.160000000000,0.020000000000,-0.000056792009,BAIXA,1584.670000000000,1584.730000000000,1584.440000000000,1584.590000000000,0.080000000000,0.290000000000,0.060000000000,0.150000000000,-0.000050483697,BAIXA,1584.590000000000,1584.590000000000,1584.320000000000,1584.410000000000,0.180000000000,0.270000000000,0.000000000000,0.090000000000,-0.000113594053,BAIXA,1584.410000000000,1584.460000000000,1584.320000000000,1584.370000000000,0.040000000000,0.140000000000,0.050000000000,0.050000000000,-0.000025245991,BAIXA,1584.400000000000,1584.550000000000,1584.290000000000,1584.410000000000,0.010000000000,0.260000000000,0.140000000000,0.110000000000,0.000006311537,ALTA,1584.490000000000,1584.550000000000,1584.340000000000,1584.550000000000,0.060000000000,0.210000000000,0.000000000000,0.150000000000,0.000037867074,ALTA,1584.550000000000,1584.780000000000,1584.550000000000,1584.780000000000,0.230000000000,0.230000000000,0.000000000000,0.000000000000,0.000145151620,ALTA,1584.720000000000,1584.790000000000,1584.650000000000,1584.770000000000,0.050000000000,0.140000000000,0.020000000000,0.070000000000,0.000031551315,ALTA,1584.800000000000,1585.300000000000,1584.800000000000,1585.260000000000,0.460000000000,0.500000000000,0.040000000000,0.000000000000,0.000290257446,ALTA,1585.260000000000,1585.450000000000,1585.240000000000,1585.240000000000,0.020000000000,0.210000000000,0.190000000000,0.000000000000,-0.000012616227,BAIXA,5,5,0,0.000321821383,0.000159022912,1585.240000000000,1585.400000000000,CIMA,1789065810000
"USDARS_otc","2026-09-10 15:41:15","2026-09-10 15:43:30",1584.670000000000,1584.730000000000,1584.440000000000,1584.590000000000,0.080000000000,0.290000000000,0.060000000000,0.150000000000,-0.000050483697,BAIXA,1584.590000000000,1584.590000000000,1584.320000000000,1584.410000000000,0.180000000000,0.270000000000,0.000000000000,0.090000000000,-0.000113594053,BAIXA,1584.410000000000,1584.460000000000,1584.320000000000,1584.370000000000,0.040000000000,0.140000000000,0.050000000000,0.050000000000,-0.000025245991,BAIXA,1584.400000000000,1584.550000000000,1584.290000000000,1584.410000000000,0.010000000000,0.260000000000,0.140000000000,0.110000000000,0.000006311537,ALTA,1584.490000000000,1584.550000000000,1584.340000000000,1584.550000000000,0.060000000000,0.210000000000,0.000000000000,0.150000000000,0.000037867074,ALTA,1584.550000000000,1584.780000000000,1584.550000000000,1584.780000000000,0.230000000000,0.230000000000,0.000000000000,0.000000000000,0.000145151620,ALTA,1584.720000000000,1584.790000000000,1584.650000000000,1584.770000000000,0.050000000000,0.140000000000,0.020000000000,0.070000000000,0.000031551315,ALTA,1584.800000000000,1585.300000000000,1584.800000000000,1585.260000000000,0.460000000000,0.500000000000,0.040000000000,0.000000000000,0.000290257446,ALTA,1585.260000000000,1585.450000000000,1585.240000000000,1585.240000000000,0.020000000000,0.210000000000,0.190000000000,0.000000000000,-0.000012616227,BAIXA,1585.240000000000,1585.410000000000,1585.190000000000,1585.400000000000,0.160000000000,0.220000000000,0.010000000000,0.050000000000,0.000100931089,ALTA,6,4,0,0.000460663734,0.000155863334,1585.400000000000,1585.520000000000,CIMA,1789065825000
"USDARS_otc","2026-09-10 15:41:30","2026-09-10 15:43:45",1584.590000000000,1584.590000000000,1584.320000000000,1584.410000000000,0.180000000000,0.270000000000,0.000000000000,0.090000000000,-0.000113594053,BAIXA,1584.410000000000,1584.460000000000,1584.320000000000,1584.370000000000,0.040000000000,0.140000000000,0.050000000000,0.050000000000,-0.000025245991,BAIXA,1584.400000000000,1584.550000000000,1584.290000000000,1584.410000000000,0.010000000000,0.260000000000,0.140000000000,0.110000000000,0.000006311537,ALTA,1584.490000000000,1584.550000000000,1584.340000000000,1584.550000000000,0.060000000000,0.210000000000,0.000000000000,0.150000000000,0.000037867074,ALTA,1584.550000000000,1584.780000000000,1584.550000000000,1584.780000000000,0.230000000000,0.230000000000,0.000000000000,0.000000000000,0.000145151620,ALTA,1584.720000000000,1584.790000000000,1584.650000000000,1584.770000000000,0.050000000000,0.140000000000,0.020000000000,0.070000000000,0.000031551315,ALTA,1584.800000000000,1585.300000000000,1584.800000000000,1585.260000000000,0.460000000000,0.500000000000,0.040000000000,0.000000000000,0.000290257446,ALTA,1585.260000000000,1585.450000000000,1585.240000000000,1585.240000000000,0.020000000000,0.210000000000,0.190000000000,0.000000000000,-0.000012616227,BAIXA,1585.240000000000,1585.410000000000,1585.190000000000,1585.400000000000,0.160000000000,0.220000000000,0.010000000000,0.050000000000,0.000100931089,ALTA,1585.400000000000,1585.570000000000,1585.360000000000,1585.520000000000,0.120000000000,0.210000000000,0.050000000000,0.040000000000,0.000075690677,ALTA,7,3,0,0.000586902606,0.000150808862,1585.520000000000,1585.580000000000,CIMA,1789065840000
"USDARS_otc","2026-09-10 15:41:45","2026-09-10 15:44:00",1584.410000000000,1584.460000000000,1584.320000000000,1584.370000000000,0.040000000000,0.140000000000,0.050000000000,0.050000000000,-0.000025245991,BAIXA,1584.400000000000,1584.550000000000,1584.290000000000,1584.410000000000,0.010000000000,0.260000000000,0.140000000000,0.110000000000,0.000006311537,ALTA,1584.490000000000,1584.550000000000,1584.340000000000,1584.550000000000,0.060000000000,0.210000000000,0.000000000000,0.150000000000,0.000037867074,ALTA,1584.550000000000,1584.780000000000,1584.550000000000,1584.780000000000,0.230000000000,0.230000000000,0.000000000000,0.000000000000,0.000145151620,ALTA,1584.720000000000,1584.790000000000,1584.650000000000,1584.770000000000,0.050000000000,0.140000000000,0.020000000000,0.070000000000,0.000031551315,ALTA,1584.800000000000,1585.300000000000,1584.800000000000,1585.260000000000,0.460000000000,0.500000000000,0.040000000000,0.000000000000,0.000290257446,ALTA,1585.260000000000,1585.450000000000,1585.240000000000,1585.240000000000,0.020000000000,0.210000000000,0.190000000000,0.000000000000,-0.000012616227,BAIXA,1585.240000000000,1585.410000000000,1585.190000000000,1585.400000000000,0.160000000000,0.220000000000,0.010000000000,0.050000000000,0.000100931089,ALTA,1585.400000000000,1585.570000000000,1585.360000000000,1585.520000000000,0.120000000000,0.210000000000,0.050000000000,0.040000000000,0.000075690677,ALTA,1585.520000000000,1585.580000000000,1585.460000000000,1585.580000000000,0.060000000000,0.120000000000,0.000000000000,0.060000000000,0.000037842474,ALTA,8,2,0,0.000738445226,0.000141338249,1585.580000000000,1585.460000000000,BAIXO,1789065855000
"USDARS_otc","2026-09-10 15:42:00","2026-09-10 15:44:15",1584.400000000000,1584.550000000000,1584.290000000000,1584.410000000000,0.010000000000,0.260000000000,0.140000000000,0.110000000000,0.000006311537,ALTA,1584.490000000000,1584.550000000000,1584.340000000000,1584.550000000000,0.060000000000,0.210000000000,0.000000000000,0.150000000000,0.000037867074,ALTA,1584.550000000000,1584.780000000000,1584.550000000000,1584.780000000000,0.230000000000,0.230000000000,0.000000000000,0.000000000000,0.000145151620,ALTA,1584.720000000000,1584.790000000000,1584.650000000000,1584.770000000000,0.050000000000,0.140000000000,0.020000000000,0.070000000000,0.000031551315,ALTA,1584.800000000000,1585.300000000000,1584.800000000000,1585.260000000000,0.460000000000,0.500000000000,0.040000000000,0.000000000000,0.000290257446,ALTA,1585.260000000000,1585.450000000000,1585.240000000000,1585.240000000000,0.020000000000,0.210000000000,0.190000000000,0.000000000000,-0.000012616227,BAIXA,1585.240000000000,1585.410000000000,1585.190000000000,1585.400000000000,0.160000000000,0.220000000000,0.010000000000,0.050000000000,0.000100931089,ALTA,1585.400000000000,1585.570000000000,1585.360000000000,1585.520000000000,0.120000000000,0.210000000000,0.050000000000,0.040000000000,0.000075690677,ALTA,1585.520000000000,1585.580000000000,1585.460000000000,1585.580000000000,0.060000000000,0.120000000000,0.000000000000,0.060000000000,0.000037842474,ALTA,1585.580000000000,1585.650000000000,1585.460000000000,1585.460000000000,0.120000000000,0.190000000000,0.070000000000,0.000000000000,-0.000075682085,BAIXA,8,2,0,0.000669022974,0.000144485149,1585.460000000000,1585.370000000000,BAIXO,1789065870000
"USDARS_otc","2026-09-10 15:42:15","2026-09-10 15:44:30",1584.490000000000,1584.550000000000,1584.340000000000,1584.550000000000,0.060000000000,0.210000000000,0.000000000000,0.150000000000,0.000037867074,ALTA,1584.550000000000,1584.780000000000,1584.550000000000,1584.780000000000,0.230000000000,0.230000000000,0.000000000000,0.000000000000,0.000145151620,ALTA,1584.720000000000,1584.790000000000,1584.650000000000,1584.770000000000,0.050000000000,0.140000000000,0.020000000000,0.070000000000,0.000031551315,ALTA,1584.800000000000,1585.300000000000,1584.800000000000,1585.260000000000,0.460000000000,0.500000000000,0.040000000000,0.000000000000,0.000290257446,ALTA,1585.260000000000,1585.450000000000,1585.240000000000,1585.240000000000,0.020000000000,0.210000000000,0.190000000000,0.000000000000,-0.000012616227,BAIXA,1585.240000000000,1585.410000000000,1585.190000000000,1585.400000000000,0.160000000000,0.220000000000,0.010000000000,0.050000000000,0.000100931089,ALTA,1585.400000000000,1585.570000000000,1585.360000000000,1585.520000000000,0.120000000000,0.210000000000,0.050000000000,0.040000000000,0.000075690677,ALTA,1585.520000000000,1585.580000000000,1585.460000000000,1585.580000000000,0.060000000000,0.120000000000,0.000000000000,0.060000000000,0.000037842474,ALTA,1585.580000000000,1585.650000000000,1585.460000000000,1585.460000000000,0.120000000000,0.190000000000,0.070000000000,0.000000000000,-0.000075682085,BAIXA,1585.460000000000,1585.460000000000,1585.350000000000,1585.370000000000,0.090000000000,0.110000000000,0.000000000000,0.020000000000,-0.000056765860,BAIXA,7,3,0,0.000555383751,0.000135013201,1585.370000000000,1585.110000000000,BAIXO,1789065885000
"USDARS_otc","2026-09-10 15:42:30","2026-09-10 15:44:45",1584.550000000000,1584.780000000000,1584.550000000000,1584.780000000000,0.230000000000,0.230000000000,0.000000000000,0.000000000000,0.000145151620,ALTA,1584.720000000000,1584.790000000000,1584.650000000000,1584.770000000000,0.050000000000,0.140000000000,0.020000000000,0.070000000000,0.000031551315,ALTA,1584.800000000000,1585.300000000000,1584.800000000000,1585.260000000000,0.460000000000,0.500000000000,0.040000000000,0.000000000000,0.000290257446,ALTA,1585.260000000000,1585.450000000000,1585.240000000000,1585.240000000000,0.020000000000,0.210000000000,0.190000000000,0.000000000000,-0.000012616227,BAIXA,1585.240000000000,1585.410000000000,1585.190000000000,1585.400000000000,0.160000000000,0.220000000000,0.010000000000,0.050000000000,0.000100931089,ALTA,1585.400000000000,1585.570000000000,1585.360000000000,1585.520000000000,0.120000000000,0.210000000000,0.050000000000,0.040000000000,0.000075690677,ALTA,1585.520000000000,1585.580000000000,1585.460000000000,1585.580000000000,0.060000000000,0.120000000000,0.000000000000,0.060000000000,0.000037842474,ALTA,1585.580000000000,1585.650000000000,1585.460000000000,1585.460000000000,0.120000000000,0.190000000000,0.070000000000,0.000000000000,-0.000075682085,BAIXA,1585.460000000000,1585.460000000000,1585.350000000000,1585.370000000000,0.090000000000,0.110000000000,0.000000000000,0.020000000000,-0.000056765860,BAIXA,1585.370000000000,1585.410000000000,1585.090000000000,1585.110000000000,0.260000000000,0.320000000000,0.040000000000,0.020000000000,-0.000163999571,BAIXA,6,4,0,0.000353412641,0.000141944288,1585.110000000000,1585.480000000000,CIMA,1789065900000
"USDARS_otc","2026-09-10 15:42:45","2026-09-10 15:45:00",1584.720000000000,1584.790000000000,1584.650000000000,1584.770000000000,0.050000000000,0.140000000000,0.020000000000,0.070000000000,0.000031551315,ALTA,1584.800000000000,1585.300000000000,1584.800000000000,1585.260000000000,0.460000000000,0.500000000000,0.040000000000,0.000000000000,0.000290257446,ALTA,1585.260000000000,1585.450000000000,1585.240000000000,1585.240000000000,0.020000000000,0.210000000000,0.190000000000,0.000000000000,-0.000012616227,BAIXA,1585.240000000000,1585.410000000000,1585.190000000000,1585.400000000000,0.160000000000,0.220000000000,0.010000000000,0.050000000000,0.000100931089,ALTA,1585.400000000000,1585.570000000000,1585.360000000000,1585.520000000000,0.120000000000,0.210000000000,0.050000000000,0.040000000000,0.000075690677,ALTA,1585.520000000000,1585.580000000000,1585.460000000000,1585.580000000000,0.060000000000,0.120000000000,0.000000000000,0.060000000000,0.000037842474,ALTA,1585.580000000000,1585.650000000000,1585.460000000000,1585.460000000000,0.120000000000,0.190000000000,0.070000000000,0.000000000000,-0.000075682085,BAIXA,1585.460000000000,1585.460000000000,1585.350000000000,1585.370000000000,0.090000000000,0.110000000000,0.000000000000,0.020000000000,-0.000056765860,BAIXA,1585.370000000000,1585.410000000000,1585.090000000000,1585.110000000000,0.260000000000,0.320000000000,0.040000000000,0.020000000000,-0.000163999571,BAIXA,1585.110000000000,1585.490000000000,1585.050000000000,1585.480000000000,0.370000000000,0.440000000000,0.010000000000,0.060000000000,0.000233422286,ALTA,6,4,0,0.000479579989,0.000155187452,1585.480000000000,1585.210000000000,BAIXO,1789065915000
"USDARS_otc","2026-09-10 15:43:00","2026-09-10 15:45:15",1584.800000000000,1585.300000000000,1584.800000000000,1585.260000000000,0.460000000000,0.500000000000,0.040000000000,0.000000000000,0.000290257446,ALTA,1585.260000000000,1585.450000000000,1585.240000000000,1585.240000000000,0.020000000000,0.210000000000,0.190000000000,0.000000000000,-0.000012616227,BAIXA,1585.240000000000,1585.410000000000,1585.190000000000,1585.400000000000,0.160000000000,0.220000000000,0.010000000000,0.050000000000,0.000100931089,ALTA,1585.400000000000,1585.570000000000,1585.360000000000,1585.520000000000,0.120000000000,0.210000000000,0.050000000000,0.040000000000,0.000075690677,ALTA,1585.520000000000,1585.580000000000,1585.460000000000,1585.580000000000,0.060000000000,0.120000000000,0.000000000000,0.060000000000,0.000037842474,ALTA,1585.580000000000,1585.650000000000,1585.460000000000,1585.460000000000,0.120000000000,0.190000000000,0.070000000000,0.000000000000,-0.000075682085,BAIXA,1585.460000000000,1585.460000000000,1585.350000000000,1585.370000000000,0.090000000000,0.110000000000,0.000000000000,0.020000000000,-0.000056765860,BAIXA,1585.370000000000,1585.410000000000,1585.090000000000,1585.110000000000,0.260000000000,0.320000000000,0.040000000000,0.020000000000,-0.000163999571,BAIXA,1585.110000000000,1585.490000000000,1585.050000000000,1585.480000000000,0.370000000000,0.440000000000,0.010000000000,0.060000000000,0.000233422286,ALTA,1585.480000000000,1585.480000000000,1585.060000000000,1585.210000000000,0.270000000000,0.420000000000,0.000000000000,0.150000000000,-0.000170295431,BAIXA,5,5,0,0.000258707723,0.000172843484,1585.210000000000,1585.310000000000,CIMA,1789065930000
"USDARS_otc","2026-09-10 15:43:15","2026-09-10 15:45:30",1585.260000000000,1585.450000000000,1585.240000000000,1585.240000000000,0.020000000000,0.210000000000,0.190000000000,0.000000000000,-0.000012616227,BAIXA,1585.240000000000,1585.410000000000,1585.190000000000,1585.400000000000,0.160000000000,0.220000000000,0.010000000000,0.050000000000,0.000100931089,ALTA,1585.400000000000,1585.570000000000,1585.360000000000,1585.520000000000,0.120000000000,0.210000000000,0.050000000000,0.040000000000,0.000075690677,ALTA,1585.520000000000,1585.580000000000,1585.460000000000,1585.580000000000,0.060000000000,0.120000000000,0.000000000000,0.060000000000,0.000037842474,ALTA,1585.580000000000,1585.650000000000,1585.460000000000,1585.460000000000,0.120000000000,0.190000000000,0.070000000000,0.000000000000,-0.000075682085,BAIXA,1585.460000000000,1585.460000000000,1585.350000000000,1585.370000000000,0.090000000000,0.110000000000,0.000000000000,0.020000000000,-0.000056765860,BAIXA,1585.370000000000,1585.410000000000,1585.090000000000,1585.110000000000,0.260000000000,0.320000000000,0.040000000000,0.020000000000,-0.000163999571,BAIXA,1585.110000000000,1585.490000000000,1585.050000000000,1585.480000000000,0.370000000000,0.440000000000,0.010000000000,0.060000000000,0.000233422286,ALTA,1585.480000000000,1585.480000000000,1585.060000000000,1585.210000000000,0.270000000000,0.420000000000,0.000000000000,0.150000000000,-0.000170295431,BAIXA,1585.270000000000,1585.360000000000,1585.270000000000,1585.310000000000,0.040000000000,0.090000000000,0.050000000000,0.000000000000,0.000025232295,ALTA,5,5,0,0.000031540567,0.000146971028,1585.310000000000,1585.070000000000,BAIXO,1789065945000
"USDARS_otc","2026-09-10 15:43:30","2026-09-10 15:45:45",1585.240000000000,1585.410000000000,1585.190000000000,1585.400000000000,0.160000000000,0.220000000000,0.010000000000,0.050000000000,0.000100931089,ALTA,1585.400000000000,1585.570000000000,1585.360000000000,1585.520000000000,0.120000000000,0.210000000000,0.050000000000,0.040000000000,0.000075690677,ALTA,1585.520000000000,1585.580000000000,1585.460000000000,1585.580000000000,0.060000000000,0.120000000000,0.000000000000,0.060000000000,0.000037842474,ALTA,1585.580000000000,1585.650000000000,1585.460000000000,1585.460000000000,0.120000000000,0.190000000000,0.070000000000,0.000000000000,-0.000075682085,BAIXA,1585.460000000000,1585.460000000000,1585.350000000000,1585.370000000000,0.090000000000,0.110000000000,0.000000000000,0.020000000000,-0.000056765860,BAIXA,1585.370000000000,1585.410000000000,1585.090000000000,1585.110000000000,0.260000000000,0.320000000000,0.040000000000,0.020000000000,-0.000163999571,BAIXA,1585.110000000000,1585.490000000000,1585.050000000000,1585.480000000000,0.370000000000,0.440000000000,0.010000000000,0.060000000000,0.000233422286,ALTA,1585.480000000000,1585.480000000000,1585.060000000000,1585.210000000000,0.270000000000,0.420000000000,0.000000000000,0.150000000000,-0.000170295431,BAIXA,1585.270000000000,1585.360000000000,1585.270000000000,1585.310000000000,0.040000000000,0.090000000000,0.050000000000,0.000000000000,0.000025232295,ALTA,1585.270000000000,1585.290000000000,1584.980000000000,1585.070000000000,0.200000000000,0.310000000000,0.020000000000,0.090000000000,-0.000126161474,BAIXA,5,5,0,-0.000107239282,0.000153279018,1585.070000000000,1584.530000000000,BAIXO,1789065960000
"USDARS_otc","2026-09-10 15:43:45","2026-09-10 15:46:00",1585.400000000000,1585.570000000000,1585.360000000000,1585.520000000000,0.120000000000,0.210000000000,0.050000000000,0.040000000000,0.000075690677,ALTA,1585.520000000000,1585.580000000000,1585.460000000000,1585.580000000000,0.060000000000,0.120000000000,0.000000000000,0.060000000000,0.000037842474,ALTA,1585.580000000000,1585.650000000000,1585.460000000000,1585.460000000000,0.120000000000,0.190000000000,0.070000000000,0.000000000000,-0.000075682085,BAIXA,1585.460000000000,1585.460000000000,1585.350000000000,1585.370000000000,0.090000000000,0.110000000000,0.000000000000,0.020000000000,-0.000056765860,BAIXA,1585.370000000000,1585.410000000000,1585.090000000000,1585.110000000000,0.260000000000,0.320000000000,0.040000000000,0.020000000000,-0.000163999571,BAIXA,1585.110000000000,1585.490000000000,1585.050000000000,1585.480000000000,0.370000000000,0.440000000000,0.010000000000,0.060000000000,0.000233422286,ALTA,1585.480000000000,1585.480000000000,1585.060000000000,1585.210000000000,0.270000000000,0.420000000000,0.000000000000,0.150000000000,-0.000170295431,BAIXA,1585.270000000000,1585.360000000000,1585.270000000000,1585.310000000000,0.040000000000,0.090000000000,0.050000000000,0.000000000000,0.000025232295,ALTA,1585.270000000000,1585.290000000000,1584.980000000000,1585.070000000000,0.200000000000,0.310000000000,0.020000000000,0.090000000000,-0.000126161474,BAIXA,1585.050000000000,1585.080000000000,1584.530000000000,1584.530000000000,0.520000000000,0.550000000000,0.030000000000,0.000000000000,-0.000328065361,BAIXA,4,6,0,-0.000548757411,0.000174100214,1584.530000000000,1584.370000000000,BAIXO,1789065975000
"USDARS_otc","2026-09-10 15:44:00","2026-09-10 15:46:15",1585.520000000000,1585.580000000000,1585.460000000000,1585.580000000000,0.060000000000,0.120000000000,0.000000000000,0.060000000000,0.000037842474,ALTA,1585.580000000000,1585.650000000000,1585.460000000000,1585.460000000000,0.120000000000,0.190000000000,0.070000000000,0.000000000000,-0.000075682085,BAIXA,1585.460000000000,1585.460000000000,1585.350000000000,1585.370000000000,0.090000000000,0.110000000000,0.000000000000,0.020000000000,-0.000056765860,BAIXA,1585.370000000000,1585.410000000000,1585.090000000000,1585.110000000000,0.260000000000,0.320000000000,0.040000000000,0.020000000000,-0.000163999571,BAIXA,1585.110000000000,1585.490000000000,1585.050000000000,1585.480000000000,0.370000000000,0.440000000000,0.010000000000,0.060000000000,0.000233422286,ALTA,1585.480000000000,1585.480000000000,1585.060000000000,1585.210000000000,0.270000000000,0.420000000000,0.000000000000,0.150000000000,-0.000170295431,BAIXA,1585.270000000000,1585.360000000000,1585.270000000000,1585.310000000000,0.040000000000,0.090000000000,0.050000000000,0.000000000000,0.000025232295,ALTA,1585.270000000000,1585.290000000000,1584.980000000000,1585.070000000000,0.200000000000,0.310000000000,0.020000000000,0.090000000000,-0.000126161474,BAIXA,1585.050000000000,1585.080000000000,1584.530000000000,1584.530000000000,0.520000000000,0.550000000000,0.030000000000,0.000000000000,-0.000328065361,BAIXA,1584.530000000000,1584.530000000000,1584.320000000000,1584.370000000000,0.160000000000,0.210000000000,0.000000000000,0.050000000000,-0.000100976315,BAIXA,3,7,0,-0.000725314093,0.000174107487,1584.370000000000,1584.290000000000,BAIXO,1789065990000
"USDARS_otc","2026-09-10 15:44:15","2026-09-10 15:46:30",1585.580000000000,1585.650000000000,1585.460000000000,1585.460000000000,0.120000000000,0.190000000000,0.070000000000,0.000000000000,-0.000075682085,BAIXA,1585.460000000000,1585.460000000000,1585.350000000000,1585.370000000000,0.090000000000,0.110000000000,0.000000000000,0.020000000000,-0.000056765860,BAIXA,1585.370000000000,1585.410000000000,1585.090000000000,1585.110000000000,0.260000000000,0.320000000000,0.040000000000,0.020000000000,-0.000163999571,BAIXA,1585.110000000000,1585.490000000000,1585.050000000000,1585.480000000000,0.370000000000,0.440000000000,0.010000000000,0.060000000000,0.000233422286,ALTA,1585.480000000000,1585.480000000000,1585.060000000000,1585.210000000000,0.270000000000,0.420000000000,0.000000000000,0.150000000000,-0.000170295431,BAIXA,1585.270000000000,1585.360000000000,1585.270000000000,1585.310000000000,0.040000000000,0.090000000000,0.050000000000,0.000000000000,0.000025232295,ALTA,1585.270000000000,1585.290000000000,1584.980000000000,1585.070000000000,0.200000000000,0.310000000000,0.020000000000,0.090000000000,-0.000126161474,BAIXA,1585.050000000000,1585.080000000000,1584.530000000000,1584.530000000000,0.520000000000,0.550000000000,0.030000000000,0.000000000000,-0.000328065361,BAIXA,1584.530000000000,1584.530000000000,1584.320000000000,1584.370000000000,0.160000000000,0.210000000000,0.000000000000,0.050000000000,-0.000100976315,BAIXA,1584.370000000000,1584.520000000000,1584.290000000000,1584.290000000000,0.080000000000,0.230000000000,0.150000000000,0.000000000000,-0.000050493256,BAIXA,2,8,0,-0.000813582411,0.000181055803,1584.290000000000,1584.580000000000,CIMA,1789066005000
"USDARS_otc","2026-09-10 15:44:30","2026-09-10 15:46:45",1585.460000000000,1585.460000000000,1585.350000000000,1585.370000000000,0.090000000000,0.110000000000,0.000000000000,0.020000000000,-0.000056765860,BAIXA,1585.370000000000,1585.410000000000,1585.090000000000,1585.110000000000,0.260000000000,0.320000000000,0.040000000000,0.020000000000,-0.000163999571,BAIXA,1585.110000000000,1585.490000000000,1585.050000000000,1585.480000000000,0.370000000000,0.440000000000,0.010000000000,0.060000000000,0.000233422286,ALTA,1585.480000000000,1585.480000000000,1585.060000000000,1585.210000000000,0.270000000000,0.420000000000,0.000000000000,0.150000000000,-0.000170295431,BAIXA,1585.270000000000,1585.360000000000,1585.270000000000,1585.310000000000,0.040000000000,0.090000000000,0.050000000000,0.000000000000,0.000025232295,ALTA,1585.270000000000,1585.290000000000,1584.980000000000,1585.070000000000,0.200000000000,0.310000000000,0.020000000000,0.090000000000,-0.000126161474,BAIXA,1585.050000000000,1585.080000000000,1584.530000000000,1584.530000000000,0.520000000000,0.550000000000,0.030000000000,0.000000000000,-0.000328065361,BAIXA,1584.530000000000,1584.530000000000,1584.320000000000,1584.370000000000,0.160000000000,0.210000000000,0.000000000000,0.050000000000,-0.000100976315,BAIXA,1584.370000000000,1584.520000000000,1584.290000000000,1584.290000000000,0.080000000000,0.230000000000,0.150000000000,0.000000000000,-0.000050493256,BAIXA,1584.290000000000,1584.590000000000,1584.220000000000,1584.580000000000,0.290000000000,0.370000000000,0.010000000000,0.070000000000,0.000183047296,ALTA,3,7,0,-0.000555043962,0.000192427117,1584.580000000000,1584.460000000000,BAIXO,1789066020000
"USDARS_otc","2026-09-10 15:44:45","2026-09-10 15:47:00",1585.370000000000,1585.410000000000,1585.090000000000,1585.110000000000,0.260000000000,0.320000000000,0.040000000000,0.020000000000,-0.000163999571,BAIXA,1585.110000000000,1585.490000000000,1585.050000000000,1585.480000000000,0.370000000000,0.440000000000,0.010000000000,0.060000000000,0.000233422286,ALTA,1585.480000000000,1585.480000000000,1585.060000000000,1585.210000000000,0.270000000000,0.420000000000,0.000000000000,0.150000000000,-0.000170295431,BAIXA,1585.270000000000,1585.360000000000,1585.270000000000,1585.310000000000,0.040000000000,0.090000000000,0.050000000000,0.000000000000,0.000025232295,ALTA,1585.270000000000,1585.290000000000,1584.980000000000,1585.070000000000,0.200000000000,0.310000000000,0.020000000000,0.090000000000,-0.000126161474,BAIXA,1585.050000000000,1585.080000000000,1584.530000000000,1584.530000000000,0.520000000000,0.550000000000,0.030000000000,0.000000000000,-0.000328065361,BAIXA,1584.530000000000,1584.530000000000,1584.320000000000,1584.370000000000,0.160000000000,0.210000000000,0.000000000000,0.050000000000,-0.000100976315,BAIXA,1584.370000000000,1584.520000000000,1584.290000000000,1584.290000000000,0.080000000000,0.230000000000,0.150000000000,0.000000000000,-0.000050493256,BAIXA,1584.290000000000,1584.590000000000,1584.220000000000,1584.580000000000,0.290000000000,0.370000000000,0.010000000000,0.070000000000,0.000183047296,ALTA,1584.550000000000,1584.610000000000,1584.410000000000,1584.460000000000,0.090000000000,0.200000000000,0.060000000000,0.050000000000,-0.000056798460,BAIXA,3,7,0,-0.000573998499,0.000198110947,1584.460000000000,1584.150000000000,BAIXO,1789066035000
"USDARS_otc","2026-09-10 15:45:00","2026-09-10 15:47:15",1585.110000000000,1585.490000000000,1585.050000000000,1585.480000000000,0.370000000000,0.440000000000,0.010000000000,0.060000000000,0.000233422286,ALTA,1585.480000000000,1585.480000000000,1585.060000000000,1585.210000000000,0.270000000000,0.420000000000,0.000000000000,0.150000000000,-0.000170295431,BAIXA,1585.270000000000,1585.360000000000,1585.270000000000,1585.310000000000,0.040000000000,0.090000000000,0.050000000000,0.000000000000,0.000025232295,ALTA,1585.270000000000,1585.290000000000,1584.980000000000,1585.070000000000,0.200000000000,0.310000000000,0.020000000000,0.090000000000,-0.000126161474,BAIXA,1585.050000000000,1585.080000000000,1584.530000000000,1584.530000000000,0.520000000000,0.550000000000,0.030000000000,0.000000000000,-0.000328065361,BAIXA,1584.530000000000,1584.530000000000,1584.320000000000,1584.370000000000,0.160000000000,0.210000000000,0.000000000000,0.050000000000,-0.000100976315,BAIXA,1584.370000000000,1584.520000000000,1584.290000000000,1584.290000000000,0.080000000000,0.230000000000,0.150000000000,0.000000000000,-0.000050493256,BAIXA,1584.290000000000,1584.590000000000,1584.220000000000,1584.580000000000,0.290000000000,0.370000000000,0.010000000000,0.070000000000,0.000183047296,ALTA,1584.550000000000,1584.610000000000,1584.410000000000,1584.460000000000,0.090000000000,0.200000000000,0.060000000000,0.050000000000,-0.000056798460,BAIXA,1584.460000000000,1584.500000000000,1584.150000000000,1584.150000000000,0.310000000000,0.350000000000,0.040000000000,0.000000000000,-0.000195650253,BAIXA,3,7,0,-0.000605636202,0.000200015929,1584.150000000000,1584.150000000000,EMPATE,1789066050000
"USDARS_otc","2026-09-10 15:45:15","2026-09-10 15:47:30",1585.480000000000,1585.480000000000,1585.060000000000,1585.210000000000,0.270000000000,0.420000000000,0.000000000000,0.150000000000,-0.000170295431,BAIXA,1585.270000000000,1585.360000000000,1585.270000000000,1585.310000000000,0.040000000000,0.090000000000,0.050000000000,0.000000000000,0.000025232295,ALTA,1585.270000000000,1585.290000000000,1584.980000000000,1585.070000000000,0.200000000000,0.310000000000,0.020000000000,0.090000000000,-0.000126161474,BAIXA,1585.050000000000,1585.080000000000,1584.530000000000,1584.530000000000,0.520000000000,0.550000000000,0.030000000000,0.000000000000,-0.000328065361,BAIXA,1584.530000000000,1584.530000000000,1584.320000000000,1584.370000000000,0.160000000000,0.210000000000,0.000000000000,0.050000000000,-0.000100976315,BAIXA,1584.370000000000,1584.520000000000,1584.290000000000,1584.290000000000,0.080000000000,0.230000000000,0.150000000000,0.000000000000,-0.000050493256,BAIXA,1584.290000000000,1584.590000000000,1584.220000000000,1584.580000000000,0.290000000000,0.370000000000,0.010000000000,0.070000000000,0.000183047296,ALTA,1584.550000000000,1584.610000000000,1584.410000000000,1584.460000000000,0.090000000000,0.200000000000,0.060000000000,0.050000000000,-0.000056798460,BAIXA,1584.460000000000,1584.500000000000,1584.150000000000,1584.150000000000,0.310000000000,0.350000000000,0.040000000000,0.000000000000,-0.000195650253,BAIXA,1584.150000000000,1584.170000000000,1584.050000000000,1584.150000000000,0.000000000000,0.120000000000,0.020000000000,0.100000000000,0.000000000000,EMPATE,2,7,1,-0.000838862679,0.000179832644,1584.150000000000,1584.220000000000,CIMA,1789066065000
