ativo,inicio_janela,fim_janela,c1_open,c1_high,c1_low,c1_close,c1_corpo,c1_amplitude,c1_pavio_sup,c1_pavio_inf,c1_variacao,c1_direcao,c2_open,c2_high,c2_low,c2_close,c2_corpo,c2_amplitude,c2_pavio_sup,c2_pavio_inf,c2_variacao,c2_direcao,c3_open,c3_high,c3_low,c3_close,c3_corpo,c3_amplitude,c3_pavio_sup,c3_pavio_inf,c3_variacao,c3_direcao,c4_open,c4_high,c4_low,c4_close,c4_corpo,c4_amplitude,c4_pavio_sup,c4_pavio_inf,c4_variacao,c4_direcao,c5_open,c5_high,c5_low,c5_close,c5_corpo,c5_amplitude,c5_pavio_sup,c5_pavio_inf,c5_variacao,c5_direcao,c6_open,c6_high,c6_low,c6_close,c6_corpo,c6_amplitude,c6_pavio_sup,c6_pavio_inf,c6_variacao,c6_direcao,c7_open,c7_high,c7_low,c7_close,c7_corpo,c7_amplitude,c7_pavio_sup,c7_pavio_inf,c7_variacao,c7_direcao,c8_open,c8_high,c8_low,c8_close,c8_corpo,c8_amplitude,c8_pavio_sup,c8_pavio_inf,c8_variacao,c8_direcao,c9_open,c9_high,c9_low,c9_close,c9_corpo,c9_amplitude,c9_pavio_sup,c9_pavio_inf,c9_variacao,c9_direcao,c10_open,c10_high,c10_low,c10_close,c10_corpo,c10_amplitude,c10_pavio_sup,c10_pavio_inf,c10_variacao,c10_direcao,rsi14,sma5,sma10,sma20,ema5,ema10,ema20,momentum3,momentum5,momentum10,atr14,atr14_relativo,volatilidade5,volatilidade10,bollinger_media10,bollinger_superior10,bollinger_inferior10,bollinger_largura10,bollinger_posicao10,suporte10,resistencia10,distancia_suporte10,distancia_resistencia10,distancia_sma5,distancia_sma10,distancia_sma20,slope_sma5,slope_sma10,altas_10,baixas_10,empates_10,tendencia_10,corpo_medio_rel_10,pavio_sup_medio_rel_10,pavio_inf_medio_rel_10,amplitude_media_rel_10,sequencia_atual,direcao_sequencia,corpo_atual_rel,pavio_sup_atual_rel,pavio_inf_atual_rel,posicao_fechamento_atual,preco_base,preco_15s_depois,resultado_15s,timestamp_resultado
"USDARS_otc","2026-09-10 16:21:45","2026-09-10 16:24:00",1582.830000000000,1582.940000000000,1582.800000000000,1582.830000000000,0.000000000000,0.140000000000,0.110000000000,0.030000000000,0.000000000000,EMPATE,1582.830000000000,1583.070000000000,1582.830000000000,1583.070000000000,0.240000000000,0.240000000000,0.000000000000,0.000000000000,0.000151627149,ALTA,1583.070000000000,1583.110000000000,1582.880000000000,1583.110000000000,0.040000000000,0.230000000000,0.000000000000,0.190000000000,0.000025267360,ALTA,1583.110000000000,1583.320000000000,1583.080000000000,1583.270000000000,0.160000000000,0.240000000000,0.050000000000,0.030000000000,0.000101066887,ALTA,1583.250000000000,1583.360000000000,1583.190000000000,1583.190000000000,0.060000000000,0.170000000000,0.110000000000,0.000000000000,-0.000037896731,BAIXA,1583.190000000000,1583.190000000000,1583.010000000000,1583.120000000000,0.070000000000,0.180000000000,0.000000000000,0.110000000000,-0.000044214529,BAIXA,1583.120000000000,1583.130000000000,1582.910000000000,1582.910000000000,0.210000000000,0.220000000000,0.010000000000,0.000000000000,-0.000132649452,BAIXA,1582.890000000000,1582.910000000000,1582.720000000000,1582.720000000000,0.170000000000,0.190000000000,0.020000000000,0.000000000000,-0.000107398493,BAIXA,1582.720000000000,1582.850000000000,1582.650000000000,1582.850000000000,0.130000000000,0.200000000000,0.000000000000,0.070000000000,0.000082137080,ALTA,1582.850000000000,1583.030000000000,1582.790000000000,1583.000000000000,0.150000000000,0.240000000000,0.030000000000,0.060000000000,0.000094765771,ALTA,38.048780487804,1582.920000000000,1583.007000000000,1583.158500000000,1582.944138487163,1583.007153279398,1583.112063963040,0.000056857307,-0.000120010864,0.000107402564,0.230714285714,0.000145744969,0.000096753172,0.000092156435,1583.007000000000,1583.340352666106,1582.673647333894,0.000421163856,0.489500608947,1582.650000000000,1583.360000000000,0.000221099179,0.000227416298,0.000050536955,-0.000004421984,-0.000100126342,-0.000126342388,-0.000037902716,5,4,1,0.000107402564,0.570669207216,0.191682414593,0.237648378192,0.000129502222,2,1,0.625000000000,0.125000000000,0.250000000000,0.875000000000,1583.000000000000,1582.920000000000,BAIXO,1789068255000
"USDARS_otc","2026-09-10 16:22:00","2026-09-10 16:24:15",1582.830000000000,1583.070000000000,1582.830000000000,1583.070000000000,0.240000000000,0.240000000000,0.000000000000,0.000000000000,0.000151627149,ALTA,1583.070000000000,1583.110000000000,1582.880000000000,1583.110000000000,0.040000000000,0.230000000000,0.000000000000,0.190000000000,0.000025267360,ALTA,1583.110000000000,1583.320000000000,1583.080000000000,1583.270000000000,0.160000000000,0.240000000000,0.050000000000,0.030000000000,0.000101066887,ALTA,1583.250000000000,1583.360000000000,1583.190000000000,1583.190000000000,0.060000000000,0.170000000000,0.110000000000,0.000000000000,-0.000037896731,BAIXA,1583.190000000000,1583.190000000000,1583.010000000000,1583.120000000000,0.070000000000,0.180000000000,0.000000000000,0.110000000000,-0.000044214529,BAIXA,1583.120000000000,1583.130000000000,1582.910000000000,1582.910000000000,0.210000000000,0.220000000000,0.010000000000,0.000000000000,-0.000132649452,BAIXA,1582.890000000000,1582.910000000000,1582.720000000000,1582.720000000000,0.170000000000,0.190000000000,0.020000000000,0.000000000000,-0.000107398493,BAIXA,1582.720000000000,1582.850000000000,1582.650000000000,1582.850000000000,0.130000000000,0.200000000000,0.000000000000,0.070000000000,0.000082137080,ALTA,1582.850000000000,1583.030000000000,1582.790000000000,1583.000000000000,0.150000000000,0.240000000000,0.030000000000,0.060000000000,0.000094765771,ALTA,1583.000000000000,1583.110000000000,1582.920000000000,1582.920000000000,0.080000000000,0.190000000000,0.110000000000,0.000000000000,-0.000050536955,BAIXA,34.782608695655,1582.880000000000,1583.016000000000,1583.133500000000,1582.936137434074,1582.991307228598,1583.093772157036,0.000126364739,-0.000126332811,0.000056860181,0.227857142857,0.000143947352,0.000097049974,0.000093974787,1583.016000000000,1583.334270325353,1582.697729674648,0.000402106265,0.349184808710,1582.650000000000,1583.360000000000,0.000170570844,0.000277967301,0.000025269755,-0.000060647411,-0.000134877315,-0.000102342506,0.000013898365,5,5,0,0.000056860181,0.612774470373,0.171005722863,0.216219806763,0.000132659832,1,-1,0.421052631579,0.578947368421,0.000000000000,0.000000000000,1582.920000000000,1582.970000000000,CIMA,1789068270000
"USDARS_otc","2026-09-10 16:22:15","2026-09-10 16:24:30",1583.070000000000,1583.110000000000,1582.880000000000,1583.110000000000,0.040000000000,0.230000000000,0.000000000000,0.190000000000,0.000025267360,ALTA,1583.110000000000,1583.320000000000,1583.080000000000,1583.270000000000,0.160000000000,0.240000000000,0.050000000000,0.030000000000,0.000101066887,ALTA,1583.250000000000,1583.360000000000,1583.190000000000,1583.190000000000,0.060000000000,0.170000000000,0.110000000000,0.000000000000,-0.000037896731,BAIXA,1583.190000000000,1583.190000000000,1583.010000000000,1583.120000000000,0.070000000000,0.180000000000,0.000000000000,0.110000000000,-0.000044214529,BAIXA,1583.120000000000,1583.130000000000,1582.910000000000,1582.910000000000,0.210000000000,0.220000000000,0.010000000000,0.000000000000,-0.000132649452,BAIXA,1582.890000000000,1582.910000000000,1582.720000000000,1582.720000000000,0.170000000000,0.190000000000,0.020000000000,0.000000000000,-0.000107398493,BAIXA,1582.720000000000,1582.850000000000,1582.650000000000,1582.850000000000,0.130000000000,0.200000000000,0.000000000000,0.070000000000,0.000082137080,ALTA,1582.850000000000,1583.030000000000,1582.790000000000,1583.000000000000,0.150000000000,0.240000000000,0.030000000000,0.060000000000,0.000094765771,ALTA,1583.000000000000,1583.110000000000,1582.920000000000,1582.920000000000,0.080000000000,0.190000000000,0.110000000000,0.000000000000,-0.000050536955,BAIXA,1582.920000000000,1583.050000000000,1582.890000000000,1582.970000000000,0.050000000000,0.160000000000,0.080000000000,0.030000000000,0.000031587193,ALTA,38.118811881188,1582.892000000000,1583.006000000000,1583.103500000000,1582.947307671872,1582.987433187035,1583.081984332557,0.000075812616,0.000037904871,-0.000063168401,0.220714285714,0.000139430492,0.000081729907,0.000081390865,1583.006000000000,1583.323137194287,1582.688862805713,0.000400677185,0.443242229785,1582.650000000000,1583.360000000000,0.000202151652,0.000246372325,0.000049274465,-0.000022742061,-0.000084335142,-0.000041693778,0.000010107583,5,5,0,-0.000063168401,0.544024470373,0.221005722863,0.234969806763,0.000127605019,1,1,0.312500000000,0.500000000000,0.187500000000,0.500000000000,1582.970000000000,1583.010000000000,CIMA,1789068285000
"USDARS_otc","2026-09-10 16:22:30","2026-09-10 16:24:45",1583.110000000000,1583.320000000000,1583.080000000000,1583.270000000000,0.160000000000,0.240000000000,0.050000000000,0.030000000000,0.000101066887,ALTA,1583.250000000000,1583.360000000000,1583.190000000000,1583.190000000000,0.060000000000,0.170000000000,0.110000000000,0.000000000000,-0.000037896731,BAIXA,1583.190000000000,1583.190000000000,1583.010000000000,1583.120000000000,0.070000000000,0.180000000000,0.000000000000,0.110000000000,-0.000044214529,BAIXA,1583.120000000000,1583.130000000000,1582.910000000000,1582.910000000000,0.210000000000,0.220000000000,0.010000000000,0.000000000000,-0.000132649452,BAIXA,1582.890000000000,1582.910000000000,1582.720000000000,1582.720000000000,0.170000000000,0.190000000000,0.020000000000,0.000000000000,-0.000107398493,BAIXA,1582.720000000000,1582.850000000000,1582.650000000000,1582.850000000000,0.130000000000,0.200000000000,0.000000000000,0.070000000000,0.000082137080,ALTA,1582.850000000000,1583.030000000000,1582.790000000000,1583.000000000000,0.150000000000,0.240000000000,0.030000000000,0.060000000000,0.000094765771,ALTA,1583.000000000000,1583.110000000000,1582.920000000000,1582.920000000000,0.080000000000,0.190000000000,0.110000000000,0.000000000000,-0.000050536955,BAIXA,1582.920000000000,1583.050000000000,1582.890000000000,1582.970000000000,0.050000000000,0.160000000000,0.080000000000,0.030000000000,0.000031587193,ALTA,1582.960000000000,1583.070000000000,1582.960000000000,1583.010000000000,0.050000000000,0.110000000000,0.060000000000,0.000000000000,0.000031586395,ALTA,53.999999999996,1582.950000000000,1582.996000000000,1583.095000000000,1582.968223158301,1582.991536243937,1583.075128681837,0.000006317119,0.000183228872,-0.000063166805,0.188571428571,0.000119122070,0.000051387241,0.000081390927,1582.996000000000,1583.305606201488,1582.686393798512,0.000391164856,0.522609366241,1582.650000000000,1583.360000000000,0.000227414862,0.000221097782,0.000037902477,0.000008843911,-0.000053695176,0.000018951238,-0.000006948787,5,5,0,-0.000063166805,0.572087711480,0.275551177409,0.152361111111,0.000120025294,2,1,0.454545454545,0.545454545455,0.000000000000,0.454545454545,1583.010000000000,1582.750000000000,BAIXO,1789068300000
"USDARS_otc","2026-09-10 16:22:45","2026-09-10 16:25:00",1583.250000000000,1583.360000000000,1583.190000000000,1583.190000000000,0.060000000000,0.170000000000,0.110000000000,0.000000000000,-0.000037896731,BAIXA,1583.190000000000,1583.190000000000,1583.010000000000,1583.120000000000,0.070000000000,0.180000000000,0.000000000000,0.110000000000,-0.000044214529,BAIXA,1583.120000000000,1583.130000000000,1582.910000000000,1582.910000000000,0.210000000000,0.220000000000,0.010000000000,0.000000000000,-0.000132649452,BAIXA,1582.890000000000,1582.910000000000,1582.720000000000,1582.720000000000,0.170000000000,0.190000000000,0.020000000000,0.000000000000,-0.000107398493,BAIXA,1582.720000000000,1582.850000000000,1582.650000000000,1582.850000000000,0.130000000000,0.200000000000,0.000000000000,0.070000000000,0.000082137080,ALTA,1582.850000000000,1583.030000000000,1582.790000000000,1583.000000000000,0.150000000000,0.240000000000,0.030000000000,0.060000000000,0.000094765771,ALTA,1583.000000000000,1583.110000000000,1582.920000000000,1582.920000000000,0.080000000000,0.190000000000,0.110000000000,0.000000000000,-0.000050536955,BAIXA,1582.920000000000,1583.050000000000,1582.890000000000,1582.970000000000,0.050000000000,0.160000000000,0.080000000000,0.030000000000,0.000031587193,ALTA,1582.960000000000,1583.070000000000,1582.960000000000,1583.010000000000,0.050000000000,0.110000000000,0.060000000000,0.000000000000,0.000031586395,ALTA,1582.990000000000,1583.020000000000,1582.740000000000,1582.750000000000,0.240000000000,0.280000000000,0.030000000000,0.010000000000,-0.000151611823,BAIXA,47.647058823531,1582.930000000000,1582.944000000000,1583.070500000000,1582.895554280412,1582.947620563221,1583.044164045472,-0.000107396457,-0.000063177180,-0.000328434190,0.199285714286,0.000125911050,0.000088712012,0.000085215803,1582.944000000000,1583.225453370916,1582.662546629084,0.000355607489,0.155360318890,1582.650000000000,1583.360000000000,0.000063181172,0.000385405149,-0.000113726110,-0.000122571474,-0.000202495656,0.000031590586,-0.000045490444,4,6,0,-0.000315806095,0.591135330528,0.265432129790,0.143432539682,0.000122553307,1,-1,0.857142857143,0.107142857143,0.035714285714,0.035714285714,1582.750000000000,1582.760000000000,CIMA,1789068315000
"USDARS_otc","2026-09-10 16:23:00","2026-09-10 16:25:15",1583.190000000000,1583.190000000000,1583.010000000000,1583.120000000000,0.070000000000,0.180000000000,0.000000000000,0.110000000000,-0.000044214529,BAIXA,1583.120000000000,1583.130000000000,1582.910000000000,1582.910000000000,0.210000000000,0.220000000000,0.010000000000,0.000000000000,-0.000132649452,BAIXA,1582.890000000000,1582.910000000000,1582.720000000000,1582.720000000000,0.170000000000,0.190000000000,0.020000000000,0.000000000000,-0.000107398493,BAIXA,1582.720000000000,1582.850000000000,1582.650000000000,1582.850000000000,0.130000000000,0.200000000000,0.000000000000,0.070000000000,0.000082137080,ALTA,1582.850000000000,1583.030000000000,1582.790000000000,1583.000000000000,0.150000000000,0.240000000000,0.030000000000,0.060000000000,0.000094765771,ALTA,1583.000000000000,1583.110000000000,1582.920000000000,1582.920000000000,0.080000000000,0.190000000000,0.110000000000,0.000000000000,-0.000050536955,BAIXA,1582.920000000000,1583.050000000000,1582.890000000000,1582.970000000000,0.050000000000,0.160000000000,0.080000000000,0.030000000000,0.000031587193,ALTA,1582.960000000000,1583.070000000000,1582.960000000000,1583.010000000000,0.050000000000,0.110000000000,0.060000000000,0.000000000000,0.000031586395,ALTA,1582.990000000000,1583.020000000000,1582.740000000000,1582.750000000000,0.240000000000,0.280000000000,0.030000000000,0.010000000000,-0.000151611823,BAIXA,1582.730000000000,1582.800000000000,1582.670000000000,1582.760000000000,0.030000000000,0.130000000000,0.040000000000,0.060000000000,0.000018954591,ALTA,47.953216374271,1582.882000000000,1582.901000000000,1583.034500000000,1582.850372527562,1582.913507733545,1583.017100803046,-0.000132662021,-0.000151610865,-0.000271603535,0.198571428571,0.000125458963,0.000072951169,0.000085740998,1582.901000000000,1583.148297391818,1582.653702608182,0.000312460971,0.214918141749,1582.650000000000,1583.190000000000,0.000069498850,0.000271677323,-0.000077080543,-0.000089084890,-0.000173431221,-0.000006318077,-0.000066339811,5,5,0,-0.000271603535,0.578918135958,0.231495478206,0.189586385836,0.000120029555,1,1,0.230769230769,0.307692307692,0.461538461538,0.692307692308,1582.760000000000,1582.730000000000,BAIXO,1789068330000
"USDARS_otc","2026-09-10 16:23:15","2026-09-10 16:25:30",1583.120000000000,1583.130000000000,1582.910000000000,1582.910000000000,0.210000000000,0.220000000000,0.010000000000,0.000000000000,-0.000132649452,BAIXA,1582.890000000000,1582.910000000000,1582.720000000000,1582.720000000000,0.170000000000,0.190000000000,0.020000000000,0.000000000000,-0.000107398493,BAIXA,1582.720000000000,1582.850000000000,1582.650000000000,1582.850000000000,0.130000000000,0.200000000000,0.000000000000,0.070000000000,0.000082137080,ALTA,1582.850000000000,1583.030000000000,1582.790000000000,1583.000000000000,0.150000000000,0.240000000000,0.030000000000,0.060000000000,0.000094765771,ALTA,1583.000000000000,1583.110000000000,1582.920000000000,1582.920000000000,0.080000000000,0.190000000000,0.110000000000,0.000000000000,-0.000050536955,BAIXA,1582.920000000000,1583.050000000000,1582.890000000000,1582.970000000000,0.050000000000,0.160000000000,0.080000000000,0.030000000000,0.000031587193,ALTA,1582.960000000000,1583.070000000000,1582.960000000000,1583.010000000000,0.050000000000,0.110000000000,0.060000000000,0.000000000000,0.000031586395,ALTA,1582.990000000000,1583.020000000000,1582.740000000000,1582.750000000000,0.240000000000,0.280000000000,0.030000000000,0.010000000000,-0.000151611823,BAIXA,1582.730000000000,1582.800000000000,1582.670000000000,1582.760000000000,0.030000000000,0.130000000000,0.040000000000,0.060000000000,0.000018954591,ALTA,1582.760000000000,1582.960000000000,1582.730000000000,1582.730000000000,0.030000000000,0.230000000000,0.200000000000,0.000000000000,-0.000018954232,BAIXA,38.666666666668,1582.844000000000,1582.862000000000,1582.996500000000,1582.810266395427,1582.880142691082,1582.989757869422,-0.000176878226,-0.000120031334,-0.000246348982,0.197857142857,0.000125010041,0.000072291649,0.000085573277,1582.862000000000,1583.080137571271,1582.643862428729,0.000275624244,0.197438641059,1582.650000000000,1583.130000000000,0.000050545576,0.000252727882,-0.000072027446,-0.000083400201,-0.000168379951,-0.000066972889,-0.000084663840,5,5,0,-0.000246348982,0.553072725330,0.318451999945,0.128475274725,0.000123191683,1,-1,0.130434782609,0.869565217391,0.000000000000,0.000000000000,1582.730000000000,1582.860000000000,CIMA,1789068345000
"USDARS_otc","2026-09-10 16:23:30","2026-09-10 16:25:45",1582.890000000000,1582.910000000000,1582.720000000000,1582.720000000000,0.170000000000,0.190000000000,0.020000000000,0.000000000000,-0.000107398493,BAIXA,1582.720000000000,1582.850000000000,1582.650000000000,1582.850000000000,0.130000000000,0.200000000000,0.000000000000,0.070000000000,0.000082137080,ALTA,1582.850000000000,1583.030000000000,1582.790000000000,1583.000000000000,0.150000000000,0.240000000000,0.030000000000,0.060000000000,0.000094765771,ALTA,1583.000000000000,1583.110000000000,1582.920000000000,1582.920000000000,0.080000000000,0.190000000000,0.110000000000,0.000000000000,-0.000050536955,BAIXA,1582.920000000000,1583.050000000000,1582.890000000000,1582.970000000000,0.050000000000,0.160000000000,0.080000000000,0.030000000000,0.000031587193,ALTA,1582.960000000000,1583.070000000000,1582.960000000000,1583.010000000000,0.050000000000,0.110000000000,0.060000000000,0.000000000000,0.000031586395,ALTA,1582.990000000000,1583.020000000000,1582.740000000000,1582.750000000000,0.240000000000,0.280000000000,0.030000000000,0.010000000000,-0.000151611823,BAIXA,1582.730000000000,1582.800000000000,1582.670000000000,1582.760000000000,0.030000000000,0.130000000000,0.040000000000,0.060000000000,0.000018954591,ALTA,1582.760000000000,1582.960000000000,1582.730000000000,1582.730000000000,0.030000000000,0.230000000000,0.200000000000,0.000000000000,-0.000018954232,BAIXA,1582.760000000000,1582.920000000000,1582.760000000000,1582.860000000000,0.100000000000,0.160000000000,0.060000000000,0.000000000000,0.000063180773,ALTA,42.138364779873,1582.822000000000,1582.857000000000,1582.962000000000,1582.826814190752,1582.876480383612,1582.977399977096,0.000069499289,-0.000069489630,-0.000031587393,0.195000000000,0.000123194723,0.000082212997,0.000082672339,1582.857000000000,1583.072786931949,1582.641213068051,0.000272654993,0.506951301390,1582.650000000000,1583.110000000000,0.000132671241,0.000157941953,0.000024007177,0.000001895303,-0.000064440317,-0.000068230924,-0.000054963800,6,4,0,-0.000018952675,0.520118179875,0.351406545400,0.128475274725,0.000119403997,1,1,0.624999999999,0.375000000001,0.000000000000,0.624999999999,1582.860000000000,1582.580000000000,BAIXO,1789068360000
"USDARS_otc","2026-09-10 16:23:45","2026-09-10 16:26:00",1582.720000000000,1582.850000000000,1582.650000000000,1582.850000000000,0.130000000000,0.200000000000,0.000000000000,0.070000000000,0.000082137080,ALTA,1582.850000000000,1583.030000000000,1582.790000000000,1583.000000000000,0.150000000000,0.240000000000,0.030000000000,0.060000000000,0.000094765771,ALTA,1583.000000000000,1583.110000000000,1582.920000000000,1582.920000000000,0.080000000000,0.190000000000,0.110000000000,0.000000000000,-0.000050536955,BAIXA,1582.920000000000,1583.050000000000,1582.890000000000,1582.970000000000,0.050000000000,0.160000000000,0.080000000000,0.030000000000,0.000031587193,ALTA,1582.960000000000,1583.070000000000,1582.960000000000,1583.010000000000,0.050000000000,0.110000000000,0.060000000000,0.000000000000,0.000031586395,ALTA,1582.990000000000,1583.020000000000,1582.740000000000,1582.750000000000,0.240000000000,0.280000000000,0.030000000000,0.010000000000,-0.000151611823,BAIXA,1582.730000000000,1582.800000000000,1582.670000000000,1582.760000000000,0.030000000000,0.130000000000,0.040000000000,0.060000000000,0.000018954591,ALTA,1582.760000000000,1582.960000000000,1582.730000000000,1582.730000000000,0.030000000000,0.230000000000,0.200000000000,0.000000000000,-0.000018954232,BAIXA,1582.760000000000,1582.920000000000,1582.760000000000,1582.860000000000,0.100000000000,0.160000000000,0.060000000000,0.000000000000,0.000063180773,ALTA,1582.820000000000,1582.890000000000,1582.580000000000,1582.580000000000,0.240000000000,0.310000000000,0.070000000000,0.000000000000,-0.000151628107,BAIXA,29.824561403502,1582.736000000000,1582.843000000000,1582.918500000000,1582.744374385786,1582.822574859319,1582.939552360230,-0.000113725391,-0.000271634418,-0.000088455317,0.200000000000,0.000126375918,0.000100653902,0.000091950586,1582.843000000000,1583.105609976962,1582.580390023038,0.000331820625,-0.000742589910,1582.580000000000,1583.110000000000,0.000000000000,0.000334896182,-0.000098573216,-0.000166184332,-0.000213891241,-0.000092254420,-0.000036649016,6,4,0,-0.000088455317,0.508063850503,0.363460874772,0.128475274725,0.000126985934,1,-1,0.774193548387,0.225806451613,0.000000000000,0.000000000000,1582.580000000000,1582.580000000000,EMPATE,1789068375000
"USDARS_otc","2026-09-10 16:24:00","2026-09-10 16:26:15",1582.850000000000,1583.030000000000,1582.790000000000,1583.000000000000,0.150000000000,0.240000000000,0.030000000000,0.060000000000,0.000094765771,ALTA,1583.000000000000,1583.110000000000,1582.920000000000,1582.920000000000,0.080000000000,0.190000000000,0.110000000000,0.000000000000,-0.000050536955,BAIXA,1582.920000000000,1583.050000000000,1582.890000000000,1582.970000000000,0.050000000000,0.160000000000,0.080000000000,0.030000000000,0.000031587193,ALTA,1582.960000000000,1583.070000000000,1582.960000000000,1583.010000000000,0.050000000000,0.110000000000,0.060000000000,0.000000000000,0.000031586395,ALTA,1582.990000000000,1583.020000000000,1582.740000000000,1582.750000000000,0.240000000000,0.280000000000,0.030000000000,0.010000000000,-0.000151611823,BAIXA,1582.730000000000,1582.800000000000,1582.670000000000,1582.760000000000,0.030000000000,0.130000000000,0.040000000000,0.060000000000,0.000018954591,ALTA,1582.760000000000,1582.960000000000,1582.730000000000,1582.730000000000,0.030000000000,0.230000000000,0.200000000000,0.000000000000,-0.000018954232,BAIXA,1582.760000000000,1582.920000000000,1582.760000000000,1582.860000000000,0.100000000000,0.160000000000,0.060000000000,0.000000000000,0.000063180773,ALTA,1582.820000000000,1582.890000000000,1582.580000000000,1582.580000000000,0.240000000000,0.310000000000,0.070000000000,0.000000000000,-0.000151628107,BAIXA,1582.600000000000,1582.620000000000,1582.490000000000,1582.580000000000,0.020000000000,0.130000000000,0.020000000000,0.090000000000,-0.000012637432,BAIXA,31.288343558274,1582.702000000000,1582.816000000000,1582.903000000000,1582.689564880138,1582.778470339443,1582.905309278303,-0.000094772956,-0.000107407992,-0.000170578387,0.197142857143,0.000124570548,0.000085006724,0.000086991665,1582.816000000000,1583.122098023516,1582.509901976485,0.000386776509,0.114502574552,1582.490000000000,1583.110000000000,0.000056869163,0.000334896182,-0.000077089310,-0.000149123583,-0.000204097107,-0.000089726902,-0.000029066461,5,5,0,-0.000170578387,0.458448465888,0.378845490156,0.162706043956,0.000122563790,2,-1,0.153846153846,0.153846153846,0.692307692308,0.692307692308,1582.580000000000,1582.720000000000,CIMA,1789068390000
"USDARS_otc","2026-09-10 16:24:15","2026-09-10 16:26:30",1583.000000000000,1583.110000000000,1582.920000000000,1582.920000000000,0.080000000000,0.190000000000,0.110000000000,0.000000000000,-0.000050536955,BAIXA,1582.920000000000,1583.050000000000,1582.890000000000,1582.970000000000,0.050000000000,0.160000000000,0.080000000000,0.030000000000,0.000031587193,ALTA,1582.960000000000,1583.070000000000,1582.960000000000,1583.010000000000,0.050000000000,0.110000000000,0.060000000000,0.000000000000,0.000031586395,ALTA,1582.990000000000,1583.020000000000,1582.740000000000,1582.750000000000,0.240000000000,0.280000000000,0.030000000000,0.010000000000,-0.000151611823,BAIXA,1582.730000000000,1582.800000000000,1582.670000000000,1582.760000000000,0.030000000000,0.130000000000,0.040000000000,0.060000000000,0.000018954591,ALTA,1582.760000000000,1582.960000000000,1582.730000000000,1582.730000000000,0.030000000000,0.230000000000,0.200000000000,0.000000000000,-0.000018954232,BAIXA,1582.760000000000,1582.920000000000,1582.760000000000,1582.860000000000,0.100000000000,0.160000000000,0.060000000000,0.000000000000,0.000063180773,ALTA,1582.820000000000,1582.890000000000,1582.580000000000,1582.580000000000,0.240000000000,0.310000000000,0.070000000000,0.000000000000,-0.000151628107,BAIXA,1582.600000000000,1582.620000000000,1582.490000000000,1582.580000000000,0.020000000000,0.130000000000,0.020000000000,0.090000000000,-0.000012637432,BAIXA,1582.580000000000,1582.760000000000,1582.480000000000,1582.720000000000,0.140000000000,0.280000000000,0.040000000000,0.100000000000,0.000088463142,ALTA,38.235294117648,1582.694000000000,1582.788000000000,1582.897500000000,1582.699709920092,1582.767839368635,1582.887660775608,-0.000088447494,-0.000025272309,-0.000176879343,0.204285714286,0.000129072555,0.000096016388,0.000086198442,1582.788000000000,1583.072084494473,1582.503915505527,0.000358967208,0.380317297630,1582.480000000000,1583.110000000000,0.000151637687,0.000246411241,0.000016427416,-0.000042964011,-0.000112148706,-0.000080873433,-0.000043595835,5,5,0,-0.000176879343,0.445948465888,0.380631204442,0.173420329670,0.000125093896,1,1,0.500000000000,0.142857142857,0.357142857143,0.857142857143,1582.720000000000,1583.060000000000,CIMA,1789068405000
"USDARS_otc","2026-09-10 16:24:30","2026-09-10 16:26:45",1582.920000000000,1583.050000000000,1582.890000000000,1582.970000000000,0.050000000000,0.160000000000,0.080000000000,0.030000000000,0.000031587193,ALTA,1582.960000000000,1583.070000000000,1582.960000000000,1583.010000000000,0.050000000000,0.110000000000,0.060000000000,0.000000000000,0.000031586395,ALTA,1582.990000000000,1583.020000000000,1582.740000000000,1582.750000000000,0.240000000000,0.280000000000,0.030000000000,0.010000000000,-0.000151611823,BAIXA,1582.730000000000,1582.800000000000,1582.670000000000,1582.760000000000,0.030000000000,0.130000000000,0.040000000000,0.060000000000,0.000018954591,ALTA,1582.760000000000,1582.960000000000,1582.730000000000,1582.730000000000,0.030000000000,0.230000000000,0.200000000000,0.000000000000,-0.000018954232,BAIXA,1582.760000000000,1582.920000000000,1582.760000000000,1582.860000000000,0.100000000000,0.160000000000,0.060000000000,0.000000000000,0.000063180773,ALTA,1582.820000000000,1582.890000000000,1582.580000000000,1582.580000000000,0.240000000000,0.310000000000,0.070000000000,0.000000000000,-0.000151628107,BAIXA,1582.600000000000,1582.620000000000,1582.490000000000,1582.580000000000,0.020000000000,0.130000000000,0.020000000000,0.090000000000,-0.000012637432,BAIXA,1582.580000000000,1582.760000000000,1582.480000000000,1582.720000000000,0.140000000000,0.280000000000,0.040000000000,0.100000000000,0.000088463142,ALTA,1582.760000000000,1583.060000000000,1582.700000000000,1583.060000000000,0.300000000000,0.360000000000,0.000000000000,0.060000000000,0.000189542318,ALTA,54.098360655735,1582.760000000000,1582.802000000000,1582.909000000000,1582.819878788273,1582.820959483428,1582.904074035074,0.000303302203,0.000208500502,0.000088444141,0.214285714286,0.000135361714,0.000129085336,0.000109653985,1582.802000000000,1583.122224920954,1582.481775079046,0.000404630422,0.902841851333,1582.480000000000,1583.070000000000,0.000366379038,0.000006316880,0.000189506399,0.000162975503,0.000095384887,0.000015160512,-0.000025899208,6,4,0,0.000088444141,0.487176536063,0.322736467600,0.190086996337,0.000135836447,2,1,0.833333333333,0.000000000000,0.166666666667,1.000000000000,1583.060000000000,1583.270000000000,CIMA,1789068420000
"USDARS_otc","2026-09-10 16:24:45","2026-09-10 16:27:00",1582.960000000000,1583.070000000000,1582.960000000000,1583.010000000000,0.050000000000,0.110000000000,0.060000000000,0.000000000000,0.000031586395,ALTA,1582.990000000000,1583.020000000000,1582.740000000000,1582.750000000000,0.240000000000,0.280000000000,0.030000000000,0.010000000000,-0.000151611823,BAIXA,1582.730000000000,1582.800000000000,1582.670000000000,1582.760000000000,0.030000000000,0.130000000000,0.040000000000,0.060000000000,0.000018954591,ALTA,1582.760000000000,1582.960000000000,1582.730000000000,1582.730000000000,0.030000000000,0.230000000000,0.200000000000,0.000000000000,-0.000018954232,BAIXA,1582.760000000000,1582.920000000000,1582.760000000000,1582.860000000000,0.100000000000,0.160000000000,0.060000000000,0.000000000000,0.000063180773,ALTA,1582.820000000000,1582.890000000000,1582.580000000000,1582.580000000000,0.240000000000,0.310000000000,0.070000000000,0.000000000000,-0.000151628107,BAIXA,1582.600000000000,1582.620000000000,1582.490000000000,1582.580000000000,0.020000000000,0.130000000000,0.020000000000,0.090000000000,-0.000012637432,BAIXA,1582.580000000000,1582.760000000000,1582.480000000000,1582.720000000000,0.140000000000,0.280000000000,0.040000000000,0.100000000000,0.000088463142,ALTA,1582.760000000000,1583.060000000000,1582.700000000000,1583.060000000000,0.300000000000,0.360000000000,0.000000000000,0.060000000000,0.000189542318,ALTA,1583.060000000000,1583.420000000000,1583.040000000000,1583.270000000000,0.210000000000,0.380000000000,0.150000000000,0.020000000000,0.000132654479,ALTA,64.864864864866,1582.842000000000,1582.832000000000,1582.919000000000,1582.969931221329,1582.902603213714,1582.938924126972,0.000435996916,0.000259024803,0.000189517173,0.227857142857,0.000143915531,0.000133747380,0.000115770919,1582.832000000000,1583.250645434706,1582.413354565294,0.000528982779,1.023115700889,1582.480000000000,1583.420000000000,0.000498967327,0.000094740632,0.000270326603,0.000276642645,0.000221693078,0.000088424590,0.000010105667,6,4,0,0.000195835650,0.511189693958,0.312210151810,0.176600154232,0.000149732689,3,1,0.552631578947,0.394736842105,0.052631578947,0.605263157895,1583.270000000000,1583.500000000000,CIMA,1789068435000
"USDARS_otc","2026-09-10 16:25:00","2026-09-10 16:27:15",1582.990000000000,1583.020000000000,1582.740000000000,1582.750000000000,0.240000000000,0.280000000000,0.030000000000,0.010000000000,-0.000151611823,BAIXA,1582.730000000000,1582.800000000000,1582.670000000000,1582.760000000000,0.030000000000,0.130000000000,0.040000000000,0.060000000000,0.000018954591,ALTA,1582.760000000000,1582.960000000000,1582.730000000000,1582.730000000000,0.030000000000,0.230000000000,0.200000000000,0.000000000000,-0.000018954232,BAIXA,1582.760000000000,1582.920000000000,1582.760000000000,1582.860000000000,0.100000000000,0.160000000000,0.060000000000,0.000000000000,0.000063180773,ALTA,1582.820000000000,1582.890000000000,1582.580000000000,1582.580000000000,0.240000000000,0.310000000000,0.070000000000,0.000000000000,-0.000151628107,BAIXA,1582.600000000000,1582.620000000000,1582.490000000000,1582.580000000000,0.020000000000,0.130000000000,0.020000000000,0.090000000000,-0.000012637432,BAIXA,1582.580000000000,1582.760000000000,1582.480000000000,1582.720000000000,0.140000000000,0.280000000000,0.040000000000,0.100000000000,0.000088463142,ALTA,1582.760000000000,1583.060000000000,1582.700000000000,1583.060000000000,0.300000000000,0.360000000000,0.000000000000,0.060000000000,0.000189542318,ALTA,1583.060000000000,1583.420000000000,1583.040000000000,1583.270000000000,0.210000000000,0.380000000000,0.150000000000,0.020000000000,0.000132654479,ALTA,1583.240000000000,1583.500000000000,1583.240000000000,1583.500000000000,0.260000000000,0.260000000000,0.000000000000,0.000000000000,0.000164220207,ALTA,66.666666666671,1583.026000000000,1582.881000000000,1582.938500000000,1583.146668930805,1583.011220811221,1582.992359924403,0.000492822483,0.000581329222,0.000309536895,0.232142857143,0.000146601110,0.000070870918,0.000121862208,1582.881000000000,1583.456739524438,1582.305260475562,0.000727457749,1.037569485615,1582.480000000000,1583.500000000000,0.000644142722,0.000000000000,0.000299336912,0.000390906220,0.000354594253,0.000209662141,0.000058730660,6,4,0,0.000322175124,0.565735148503,0.257664697265,0.176600154232,0.000159205703,4,1,1.000000000000,0.000000000000,0.000000000000,1.000000000000,1583.500000000000,1583.610000000000,CIMA,1789068450000
"USDARS_otc","2026-09-10 16:25:15","2026-09-10 16:27:30",1582.730000000000,1582.800000000000,1582.670000000000,1582.760000000000,0.030000000000,0.130000000000,0.040000000000,0.060000000000,0.000018954591,ALTA,1582.760000000000,1582.960000000000,1582.730000000000,1582.730000000000,0.030000000000,0.230000000000,0.200000000000,0.000000000000,-0.000018954232,BAIXA,1582.760000000000,1582.920000000000,1582.760000000000,1582.860000000000,0.100000000000,0.160000000000,0.060000000000,0.000000000000,0.000063180773,ALTA,1582.820000000000,1582.890000000000,1582.580000000000,1582.580000000000,0.240000000000,0.310000000000,0.070000000000,0.000000000000,-0.000151628107,BAIXA,1582.600000000000,1582.620000000000,1582.490000000000,1582.580000000000,0.020000000000,0.130000000000,0.020000000000,0.090000000000,-0.000012637432,BAIXA,1582.580000000000,1582.760000000000,1582.480000000000,1582.720000000000,0.140000000000,0.280000000000,0.040000000000,0.100000000000,0.000088463142,ALTA,1582.760000000000,1583.060000000000,1582.700000000000,1583.060000000000,0.300000000000,0.360000000000,0.000000000000,0.060000000000,0.000189542318,ALTA,1583.060000000000,1583.420000000000,1583.040000000000,1583.270000000000,0.210000000000,0.380000000000,0.150000000000,0.020000000000,0.000132654479,ALTA,1583.240000000000,1583.500000000000,1583.240000000000,1583.500000000000,0.260000000000,0.260000000000,0.000000000000,0.000000000000,0.000164220207,ALTA,1583.520000000000,1583.620000000000,1583.420000000000,1583.610000000000,0.090000000000,0.200000000000,0.010000000000,0.100000000000,0.000056835405,ALTA,65.968586387435,1583.232000000000,1582.967000000000,1582.955500000001,1583.301088562244,1583.120089754635,1583.051182788746,0.000347428398,0.000650835977,0.000543358079,0.229285714286,0.000144786730,0.000050644190,0.000103160810,1582.967000000000,1583.679463332390,1582.254536667610,0.000900161952,0.951251293062,1582.480000000000,1583.620000000000,0.000713559525,0.000006314686,0.000238695133,0.000406034314,0.000413296203,0.000298053182,0.000104192320,7,3,0,0.000556001339,0.525020862789,0.251950411551,0.223028725660,0.000154147747,5,1,0.450000000000,0.050000000000,0.500000000000,0.950000000000,1583.610000000000,1583.720000000000,CIMA,1789068465000
"USDARS_otc","2026-09-10 16:25:30","2026-09-10 16:27:45",1582.760000000000,1582.960000000000,1582.730000000000,1582.730000000000,0.030000000000,0.230000000000,0.200000000000,0.000000000000,-0.000018954232,BAIXA,1582.760000000000,1582.920000000000,1582.760000000000,1582.860000000000,0.100000000000,0.160000000000,0.060000000000,0.000000000000,0.000063180773,ALTA,1582.820000000000,1582.890000000000,1582.580000000000,1582.580000000000,0.240000000000,0.310000000000,0.070000000000,0.000000000000,-0.000151628107,BAIXA,1582.600000000000,1582.620000000000,1582.490000000000,1582.580000000000,0.020000000000,0.130000000000,0.020000000000,0.090000000000,-0.000012637432,BAIXA,1582.580000000000,1582.760000000000,1582.480000000000,1582.720000000000,0.140000000000,0.280000000000,0.040000000000,0.100000000000,0.000088463142,ALTA,1582.760000000000,1583.060000000000,1582.700000000000,1583.060000000000,0.300000000000,0.360000000000,0.000000000000,0.060000000000,0.000189542318,ALTA,1583.060000000000,1583.420000000000,1583.040000000000,1583.270000000000,0.210000000000,0.380000000000,0.150000000000,0.020000000000,0.000132654479,ALTA,1583.240000000000,1583.500000000000,1583.240000000000,1583.500000000000,0.260000000000,0.260000000000,0.000000000000,0.000000000000,0.000164220207,ALTA,1583.520000000000,1583.620000000000,1583.420000000000,1583.610000000000,0.090000000000,0.200000000000,0.010000000000,0.100000000000,0.000056835405,ALTA,1583.610000000000,1583.740000000000,1583.610000000000,1583.720000000000,0.110000000000,0.130000000000,0.020000000000,0.000000000000,0.000069461547,ALTA,70.618556701032,1583.432000000000,1583.063000000000,1582.982000000000,1583.440704657156,1583.229164344701,1583.114879666008,0.000284221895,0.000631823696,0.000606535419,0.225000000000,0.000142070568,0.000054215619,0.000101954359,1583.063000000000,1583.887866049732,1582.238133950268,0.001042113990,0.898246479058,1582.480000000000,1583.740000000000,0.000782966686,0.000012628495,0.000181850327,0.000414846059,0.000465991463,0.000372540601,0.000145859117,7,3,0,0.000606535419,0.586559324328,0.236565796166,0.176874879506,0.000154143182,6,1,0.846153846154,0.153846153846,0.000000000000,0.846153846154,1583.720000000000,1583.640000000000,BAIXO,1789068480000
"USDARS_otc","2026-09-10 16:25:45","2026-09-10 16:28:00",1582.760000000000,1582.920000000000,1582.760000000000,1582.860000000000,0.100000000000,0.160000000000,0.060000000000,0.000000000000,0.000063180773,ALTA,1582.820000000000,1582.890000000000,1582.580000000000,1582.580000000000,0.240000000000,0.310000000000,0.070000000000,0.000000000000,-0.000151628107,BAIXA,1582.600000000000,1582.620000000000,1582.490000000000,1582.580000000000,0.020000000000,0.130000000000,0.020000000000,0.090000000000,-0.000012637432,BAIXA,1582.580000000000,1582.760000000000,1582.480000000000,1582.720000000000,0.140000000000,0.280000000000,0.040000000000,0.100000000000,0.000088463142,ALTA,1582.760000000000,1583.060000000000,1582.700000000000,1583.060000000000,0.300000000000,0.360000000000,0.000000000000,0.060000000000,0.000189542318,ALTA,1583.060000000000,1583.420000000000,1583.040000000000,1583.270000000000,0.210000000000,0.380000000000,0.150000000000,0.020000000000,0.000132654479,ALTA,1583.240000000000,1583.500000000000,1583.240000000000,1583.500000000000,0.260000000000,0.260000000000,0.000000000000,0.000000000000,0.000164220207,ALTA,1583.520000000000,1583.620000000000,1583.420000000000,1583.610000000000,0.090000000000,0.200000000000,0.010000000000,0.100000000000,0.000056835405,ALTA,1583.610000000000,1583.740000000000,1583.610000000000,1583.720000000000,0.110000000000,0.130000000000,0.020000000000,0.000000000000,0.000069461547,ALTA,1583.720000000000,1583.830000000000,1583.570000000000,1583.640000000000,0.080000000000,0.260000000000,0.110000000000,0.070000000000,-0.000050513980,BAIXA,67.005076142136,1583.548000000000,1583.154000000000,1583.008000000000,1583.507073285086,1583.303861736574,1583.164891126388,0.000088411746,0.000366379038,0.000574955931,0.232142857143,0.000146588150,0.000069371195,0.000104817658,1583.154000000000,1584.011960372045,1582.296039627955,0.001083862179,0.783229864592,1582.480000000000,1583.830000000000,0.000732489707,0.000119976762,0.000058094011,0.000306887929,0.000399080599,0.000329620368,0.000172387664,7,3,0,0.000555990801,0.604285076836,0.191916966735,0.203797956430,0.000156028648,1,-1,0.307692307692,0.423076923077,0.269230769231,0.269230769231,1583.640000000000,1583.490000000000,BAIXO,1789068495000
"USDARS_otc","2026-09-10 16:26:00","2026-09-10 16:28:15",1582.820000000000,1582.890000000000,1582.580000000000,1582.580000000000,0.240000000000,0.310000000000,0.070000000000,0.000000000000,-0.000151628107,BAIXA,1582.600000000000,1582.620000000000,1582.490000000000,1582.580000000000,0.020000000000,0.130000000000,0.020000000000,0.090000000000,-0.000012637432,BAIXA,1582.580000000000,1582.760000000000,1582.480000000000,1582.720000000000,0.140000000000,0.280000000000,0.040000000000,0.100000000000,0.000088463142,ALTA,1582.760000000000,1583.060000000000,1582.700000000000,1583.060000000000,0.300000000000,0.360000000000,0.000000000000,0.060000000000,0.000189542318,ALTA,1583.060000000000,1583.420000000000,1583.040000000000,1583.270000000000,0.210000000000,0.380000000000,0.150000000000,0.020000000000,0.000132654479,ALTA,1583.240000000000,1583.500000000000,1583.240000000000,1583.500000000000,0.260000000000,0.260000000000,0.000000000000,0.000000000000,0.000164220207,ALTA,1583.520000000000,1583.620000000000,1583.420000000000,1583.610000000000,0.090000000000,0.200000000000,0.010000000000,0.100000000000,0.000056835405,ALTA,1583.610000000000,1583.740000000000,1583.610000000000,1583.720000000000,0.110000000000,0.130000000000,0.020000000000,0.000000000000,0.000069461547,ALTA,1583.720000000000,1583.830000000000,1583.570000000000,1583.640000000000,0.080000000000,0.260000000000,0.110000000000,0.070000000000,-0.000050513980,BAIXA,1583.680000000000,1583.720000000000,1583.490000000000,1583.490000000000,0.190000000000,0.230000000000,0.040000000000,0.000000000000,-0.000119973732,BAIXA,61.538461538462,1583.592000000000,1583.217000000000,1583.037000000001,1583.501325051612,1583.337705057196,1583.195853876256,-0.000075776233,0.000138952927,0.000398013722,0.240714285714,0.000152015034,0.000087652257,0.000113709401,1583.217000000000,1584.071870750465,1582.362129249535,0.001079916083,0.659673260462,1582.480000000000,1583.830000000000,0.000637831625,0.000214715597,-0.000064414679,0.000172403994,0.000286076957,0.000227345926,0.000157879115,6,4,0,0.000423295131,0.624393772488,0.171808271082,0.203797956430,0.000160442860,2,-1,0.826086956522,0.173913043478,0.000000000000,0.000000000000,1583.490000000000,1583.080000000000,BAIXO,1789068510000
"USDARS_otc","2026-09-10 16:26:15","2026-09-10 16:28:30",1582.600000000000,1582.620000000000,1582.490000000000,1582.580000000000,0.020000000000,0.130000000000,0.020000000000,0.090000000000,-0.000012637432,BAIXA,1582.580000000000,1582.760000000000,1582.480000000000,1582.720000000000,0.140000000000,0.280000000000,0.040000000000,0.100000000000,0.000088463142,ALTA,1582.760000000000,1583.060000000000,1582.700000000000,1583.060000000000,0.300000000000,0.360000000000,0.000000000000,0.060000000000,0.000189542318,ALTA,1583.060000000000,1583.420000000000,1583.040000000000,1583.270000000000,0.210000000000,0.380000000000,0.150000000000,0.020000000000,0.000132654479,ALTA,1583.240000000000,1583.500000000000,1583.240000000000,1583.500000000000,0.260000000000,0.260000000000,0.000000000000,0.000000000000,0.000164220207,ALTA,1583.520000000000,1583.620000000000,1583.420000000000,1583.610000000000,0.090000000000,0.200000000000,0.010000000000,0.100000000000,0.000056835405,ALTA,1583.610000000000,1583.740000000000,1583.610000000000,1583.720000000000,0.110000000000,0.130000000000,0.020000000000,0.000000000000,0.000069461547,ALTA,1583.720000000000,1583.830000000000,1583.570000000000,1583.640000000000,0.080000000000,0.260000000000,0.110000000000,0.070000000000,-0.000050513980,BAIXA,1583.680000000000,1583.720000000000,1583.490000000000,1583.490000000000,0.190000000000,0.230000000000,0.040000000000,0.000000000000,-0.000119973732,BAIXA,1583.520000000000,1583.520000000000,1583.080000000000,1583.080000000000,0.440000000000,0.440000000000,0.000000000000,0.000000000000,-0.000277861978,BAIXA,57.399103139012,1583.508000000000,1583.267000000000,1583.055000000000,1583.360922462467,1583.290849592252,1583.184820173756,-0.000404111838,-0.000265235238,0.000315939795,0.252142857143,0.000159273604,0.000121774556,0.000130730074,1583.267000000000,1584.019332373357,1582.514667626644,0.000950354392,0.375719823696,1582.480000000000,1583.830000000000,0.000379008010,0.000473760012,-0.000270359047,-0.000118124163,0.000015792000,0.000048007681,0.000128862723,6,4,0,0.000303298370,0.646974417650,0.149227625921,0.203797956430,0.000168643761,3,-1,1.000000000000,0.000000000000,0.000000000000,0.000000000000,1583.080000000000,1583.110000000000,CIMA,1789068525000
"USDARS_otc","2026-09-10 16:26:30","2026-09-10 16:28:45",1582.580000000000,1582.760000000000,1582.480000000000,1582.720000000000,0.140000000000,0.280000000000,0.040000000000,0.100000000000,0.000088463142,ALTA,1582.760000000000,1583.060000000000,1582.700000000000,1583.060000000000,0.300000000000,0.360000000000,0.000000000000,0.060000000000,0.000189542318,ALTA,1583.060000000000,1583.420000000000,1583.040000000000,1583.270000000000,0.210000000000,0.380000000000,0.150000000000,0.020000000000,0.000132654479,ALTA,1583.240000000000,1583.500000000000,1583.240000000000,1583.500000000000,0.260000000000,0.260000000000,0.000000000000,0.000000000000,0.000164220207,ALTA,1583.520000000000,1583.620000000000,1583.420000000000,1583.610000000000,0.090000000000,0.200000000000,0.010000000000,0.100000000000,0.000056835405,ALTA,1583.610000000000,1583.740000000000,1583.610000000000,1583.720000000000,0.110000000000,0.130000000000,0.020000000000,0.000000000000,0.000069461547,ALTA,1583.720000000000,1583.830000000000,1583.570000000000,1583.640000000000,0.080000000000,0.260000000000,0.110000000000,0.070000000000,-0.000050513980,BAIXA,1583.680000000000,1583.720000000000,1583.490000000000,1583.490000000000,0.190000000000,0.230000000000,0.040000000000,0.000000000000,-0.000119973732,BAIXA,1583.520000000000,1583.520000000000,1583.080000000000,1583.080000000000,0.440000000000,0.440000000000,0.000000000000,0.000000000000,-0.000277861978,BAIXA,1583.080000000000,1583.380000000000,1583.080000000000,1583.110000000000,0.030000000000,0.300000000000,0.270000000000,0.000000000000,0.000018950400,ALTA,57.777777777776,1583.408000000000,1583.320000000000,1583.068000000000,1583.277326750944,1583.257967848206,1583.177694442922,-0.000334672021,-0.000315734303,0.000334896182,0.264285714286,0.000166940841,0.000112968239,0.000130395221,1583.320000000000,1583.933057909173,1582.706942090827,0.000774395459,0.328727435975,1582.480000000000,1583.830000000000,0.000397950869,0.000454800993,-0.000188237078,-0.000132650290,0.000026530058,-0.000088433526,0.000104856896,7,3,0,0.000334896182,0.641589802265,0.223843010536,0.134567187199,0.000179379831,1,1,0.100000000000,0.900000000000,0.000000000000,0.100000000000,1583.110000000000,1583.490000000000,CIMA,1789068540000
"USDARS_otc","2026-09-10 16:26:45","2026-09-10 16:29:00",1582.760000000000,1583.060000000000,1582.700000000000,1583.060000000000,0.300000000000,0.360000000000,0.000000000000,0.060000000000,0.000189542318,ALTA,1583.060000000000,1583.420000000000,1583.040000000000,1583.270000000000,0.210000000000,0.380000000000,0.150000000000,0.020000000000,0.000132654479,ALTA,1583.240000000000,1583.500000000000,1583.240000000000,1583.500000000000,0.260000000000,0.260000000000,0.000000000000,0.000000000000,0.000164220207,ALTA,1583.520000000000,1583.620000000000,1583.420000000000,1583.610000000000,0.090000000000,0.200000000000,0.010000000000,0.100000000000,0.000056835405,ALTA,1583.610000000000,1583.740000000000,1583.610000000000,1583.720000000000,0.110000000000,0.130000000000,0.020000000000,0.000000000000,0.000069461547,ALTA,1583.720000000000,1583.830000000000,1583.570000000000,1583.640000000000,0.080000000000,0.260000000000,0.110000000000,0.070000000000,-0.000050513980,BAIXA,1583.680000000000,1583.720000000000,1583.490000000000,1583.490000000000,0.190000000000,0.230000000000,0.040000000000,0.000000000000,-0.000119973732,BAIXA,1583.520000000000,1583.520000000000,1583.080000000000,1583.080000000000,0.440000000000,0.440000000000,0.000000000000,0.000000000000,-0.000277861978,BAIXA,1583.080000000000,1583.380000000000,1583.080000000000,1583.110000000000,0.030000000000,0.300000000000,0.270000000000,0.000000000000,0.000018950400,ALTA,1583.110000000000,1583.580000000000,1583.110000000000,1583.490000000000,0.380000000000,0.470000000000,0.090000000000,0.000000000000,0.000240033857,ALTA,64.615384615384,1583.362000000000,1583.397000000000,1583.092500000000,1583.348193775670,1583.300155512168,1583.207437829310,0.000000000000,-0.000145227692,0.000486504246,0.281428571429,0.000177726775,0.000162680198,0.000144003179,1583.397000000000,1583.865704597801,1582.928295402199,0.000592024107,0.599209609247,1582.700000000000,1583.830000000000,0.000498898004,0.000214715597,0.000080834107,0.000058731031,0.000251027793,-0.000145248786,0.000113672963,7,3,0,0.000461219642,0.672440866095,0.228706232421,0.098852901485,0.000191375600,2,1,0.808510638298,0.191489361702,0.000000000000,0.808510638298,1583.490000000000,1583.380000000000,BAIXO,1789068555000
"USDARS_otc","2026-09-10 16:27:00","2026-09-10 16:29:15",1583.060000000000,1583.420000000000,1583.040000000000,1583.270000000000,0.210000000000,0.380000000000,0.150000000000,0.020000000000,0.000132654479,ALTA,1583.240000000000,1583.500000000000,1583.240000000000,1583.500000000000,0.260000000000,0.260000000000,0.000000000000,0.000000000000,0.000164220207,ALTA,1583.520000000000,1583.620000000000,1583.420000000000,1583.610000000000,0.090000000000,0.200000000000,0.010000000000,0.100000000000,0.000056835405,ALTA,1583.610000000000,1583.740000000000,1583.610000000000,1583.720000000000,0.110000000000,0.130000000000,0.020000000000,0.000000000000,0.000069461547,ALTA,1583.720000000000,1583.830000000000,1583.570000000000,1583.640000000000,0.080000000000,0.260000000000,0.110000000000,0.070000000000,-0.000050513980,BAIXA,1583.680000000000,1583.720000000000,1583.490000000000,1583.490000000000,0.190000000000,0.230000000000,0.040000000000,0.000000000000,-0.000119973732,BAIXA,1583.520000000000,1583.520000000000,1583.080000000000,1583.080000000000,0.440000000000,0.440000000000,0.000000000000,0.000000000000,-0.000277861978,BAIXA,1583.080000000000,1583.380000000000,1583.080000000000,1583.110000000000,0.030000000000,0.300000000000,0.270000000000,0.000000000000,0.000018950400,ALTA,1583.110000000000,1583.580000000000,1583.110000000000,1583.490000000000,0.380000000000,0.470000000000,0.090000000000,0.000000000000,0.000240033857,ALTA,1583.490000000000,1583.600000000000,1583.380000000000,1583.380000000000,0.110000000000,0.220000000000,0.110000000000,0.000000000000,-0.000069466811,BAIXA,60.077519379848,1583.310000000000,1583.429000000000,1583.115500000000,1583.358810886880,1583.314721679156,1583.223872321757,0.000189504005,-0.000164178727,0.000202140159,0.283571428571,0.000179092466,0.000163355940,0.000136244790,1583.429000000000,1583.841645125986,1583.016354874014,0.000521204457,0.440626949267,1583.040000000000,1583.830000000000,0.000214730513,0.000284202150,0.000044209223,-0.000030946456,0.000167047708,-0.000125048946,0.000102312774,6,4,0,0.000202140159,0.639107532761,0.278706232421,0.082186234818,0.000182523884,1,-1,0.500000000000,0.500000000000,0.000000000000,0.000000000000,1583.380000000000,1583.440000000000,CIMA,1789068570000
"USDARS_otc","2026-09-10 16:27:15","2026-09-10 16:29:30",1583.240000000000,1583.500000000000,1583.240000000000,1583.500000000000,0.260000000000,0.260000000000,0.000000000000,0.000000000000,0.000164220207,ALTA,1583.520000000000,1583.620000000000,1583.420000000000,1583.610000000000,0.090000000000,0.200000000000,0.010000000000,0.100000000000,0.000056835405,ALTA,1583.610000000000,1583.740000000000,1583.610000000000,1583.720000000000,0.110000000000,0.130000000000,0.020000000000,0.000000000000,0.000069461547,ALTA,1583.720000000000,1583.830000000000,1583.570000000000,1583.640000000000,0.080000000000,0.260000000000,0.110000000000,0.070000000000,-0.000050513980,BAIXA,1583.680000000000,1583.720000000000,1583.490000000000,1583.490000000000,0.190000000000,0.230000000000,0.040000000000,0.000000000000,-0.000119973732,BAIXA,1583.520000000000,1583.520000000000,1583.080000000000,1583.080000000000,0.440000000000,0.440000000000,0.000000000000,0.000000000000,-0.000277861978,BAIXA,1583.080000000000,1583.380000000000,1583.080000000000,1583.110000000000,0.030000000000,0.300000000000,0.270000000000,0.000000000000,0.000018950400,ALTA,1583.110000000000,1583.580000000000,1583.110000000000,1583.490000000000,0.380000000000,0.470000000000,0.090000000000,0.000000000000,0.000240033857,ALTA,1583.490000000000,1583.600000000000,1583.380000000000,1583.380000000000,0.110000000000,0.220000000000,0.110000000000,0.000000000000,-0.000069466811,BAIXA,1583.360000000000,1583.440000000000,1583.330000000000,1583.440000000000,0.080000000000,0.110000000000,0.000000000000,0.030000000000,0.000050525465,ALTA,68.220338983053,1583.300000000000,1583.446000000000,1583.139000000000,1583.385885953733,1583.337372188480,1583.244455910161,0.000208450455,-0.000031575823,0.000107372716,0.269285714286,0.000170063731,0.000161912830,0.000131301024,1583.446000000000,1583.844818254347,1583.047181745654,0.000503734582,0.492477776613,1583.080000000000,1583.830000000000,0.000227353105,0.000246299197,0.000088415096,-0.000003789218,0.000190092457,-0.000068205931,0.000079573587,6,4,0,0.000126323236,0.656571647594,0.239232548210,0.104195804196,0.000165466992,1,1,0.727272727273,0.000000000000,0.272727272727,1.000000000000,1583.440000000000,1583.070000000000,BAIXO,1789068585000
"USDARS_otc","2026-09-10 16:27:30","2026-09-10 16:29:45",1583.520000000000,1583.620000000000,1583.420000000000,1583.610000000000,0.090000000000,0.200000000000,0.010000000000,0.100000000000,0.000056835405,ALTA,1583.610000000000,1583.740000000000,1583.610000000000,1583.720000000000,0.110000000000,0.130000000000,0.020000000000,0.000000000000,0.000069461547,ALTA,1583.720000000000,1583.830000000000,1583.570000000000,1583.640000000000,0.080000000000,0.260000000000,0.110000000000,0.070000000000,-0.000050513980,BAIXA,1583.680000000000,1583.720000000000,1583.490000000000,1583.490000000000,0.190000000000,0.230000000000,0.040000000000,0.000000000000,-0.000119973732,BAIXA,1583.520000000000,1583.520000000000,1583.080000000000,1583.080000000000,0.440000000000,0.440000000000,0.000000000000,0.000000000000,-0.000277861978,BAIXA,1583.080000000000,1583.380000000000,1583.080000000000,1583.110000000000,0.030000000000,0.300000000000,0.270000000000,0.000000000000,0.000018950400,ALTA,1583.110000000000,1583.580000000000,1583.110000000000,1583.490000000000,0.380000000000,0.470000000000,0.090000000000,0.000000000000,0.000240033857,ALTA,1583.490000000000,1583.600000000000,1583.380000000000,1583.380000000000,0.110000000000,0.220000000000,0.110000000000,0.000000000000,-0.000069466811,BAIXA,1583.360000000000,1583.440000000000,1583.330000000000,1583.440000000000,0.080000000000,0.110000000000,0.000000000000,0.030000000000,0.000050525465,ALTA,1583.440000000000,1583.530000000000,1583.050000000000,1583.070000000000,0.370000000000,0.480000000000,0.090000000000,0.020000000000,-0.000233668469,BAIXA,58.974358974358,1583.298000000000,1583.403000000000,1583.142000000000,1583.280512446370,1583.288778658254,1583.227841061574,-0.000265236913,-0.000006316800,-0.000271550363,0.294285714286,0.000185895579,0.000154162289,0.000141308796,1583.403000000000,1583.858020878642,1582.947979121358,0.000574737927,0.134082724958,1583.050000000000,1583.830000000000,0.000012633680,0.000480079845,-0.000144023953,-0.000210350774,-0.000045481248,-0.000040427776,0.000003790104,5,5,0,-0.000284177023,0.633654980927,0.257982548210,0.108362470862,0.000179358719,1,-1,0.770833333334,0.187500000000,0.041666666667,0.041666666667,1583.070000000000,1583.750000000000,CIMA,1789068600000
"USDARS_otc","2026-09-10 16:27:45","2026-09-10 16:30:00",1583.610000000000,1583.740000000000,1583.610000000000,1583.720000000000,0.110000000000,0.130000000000,0.020000000000,0.000000000000,0.000069461547,ALTA,1583.720000000000,1583.830000000000,1583.570000000000,1583.640000000000,0.080000000000,0.260000000000,0.110000000000,0.070000000000,-0.000050513980,BAIXA,1583.680000000000,1583.720000000000,1583.490000000000,1583.490000000000,0.190000000000,0.230000000000,0.040000000000,0.000000000000,-0.000119973732,BAIXA,1583.520000000000,1583.520000000000,1583.080000000000,1583.080000000000,0.440000000000,0.440000000000,0.000000000000,0.000000000000,-0.000277861978,BAIXA,1583.080000000000,1583.380000000000,1583.080000000000,1583.110000000000,0.030000000000,0.300000000000,0.270000000000,0.000000000000,0.000018950400,ALTA,1583.110000000000,1583.580000000000,1583.110000000000,1583.490000000000,0.380000000000,0.470000000000,0.090000000000,0.000000000000,0.000240033857,ALTA,1583.490000000000,1583.600000000000,1583.380000000000,1583.380000000000,0.110000000000,0.220000000000,0.110000000000,0.000000000000,-0.000069466811,BAIXA,1583.360000000000,1583.440000000000,1583.330000000000,1583.440000000000,0.080000000000,0.110000000000,0.000000000000,0.030000000000,0.000050525465,ALTA,1583.440000000000,1583.530000000000,1583.050000000000,1583.070000000000,0.370000000000,0.480000000000,0.090000000000,0.020000000000,-0.000233668469,BAIXA,1583.070000000000,1583.750000000000,1583.070000000000,1583.750000000000,0.680000000000,0.680000000000,0.000000000000,0.000000000000,0.000429545124,ALTA,65.749235474005,1583.426000000000,1583.417000000000,1583.192000000000,1583.437011304867,1583.372715463837,1583.277570484281,0.000233677323,0.000404267549,0.000088405605,0.322857142857,0.000203856128,0.000232503785,0.000196456262,1583.417000000000,1583.904118055506,1582.929881944494,0.000615274505,0.841806258499,1583.050000000000,1583.830000000000,0.000441988950,0.000050513023,0.000204577743,0.000210260458,0.000352328335,0.000073243883,-0.000007576953,5,5,0,0.000088405605,0.688654980927,0.252982548210,0.058362470862,0.000209683141,1,1,1.000000000000,0.000000000000,0.000000000000,1.000000000000,1583.750000000000,1583.690000000000,BAIXO,1789068615000
"USDARS_otc","2026-09-10 16:28:00","2026-09-10 16:30:15",1583.720000000000,1583.830000000000,1583.570000000000,1583.640000000000,0.080000000000,0.260000000000,0.110000000000,0.070000000000,-0.000050513980,BAIXA,1583.680000000000,1583.720000000000,1583.490000000000,1583.490000000000,0.190000000000,0.230000000000,0.040000000000,0.000000000000,-0.000119973732,BAIXA,1583.520000000000,1583.520000000000,1583.080000000000,1583.080000000000,0.440000000000,0.440000000000,0.000000000000,0.000000000000,-0.000277861978,BAIXA,1583.080000000000,1583.380000000000,1583.080000000000,1583.110000000000,0.030000000000,0.300000000000,0.270000000000,0.000000000000,0.000018950400,ALTA,1583.110000000000,1583.580000000000,1583.110000000000,1583.490000000000,0.380000000000,0.470000000000,0.090000000000,0.000000000000,0.000240033857,ALTA,1583.490000000000,1583.600000000000,1583.380000000000,1583.380000000000,0.110000000000,0.220000000000,0.110000000000,0.000000000000,-0.000069466811,BAIXA,1583.360000000000,1583.440000000000,1583.330000000000,1583.440000000000,0.080000000000,0.110000000000,0.000000000000,0.030000000000,0.000050525465,ALTA,1583.440000000000,1583.530000000000,1583.050000000000,1583.070000000000,0.370000000000,0.480000000000,0.090000000000,0.020000000000,-0.000233668469,BAIXA,1583.070000000000,1583.750000000000,1583.070000000000,1583.750000000000,0.680000000000,0.680000000000,0.000000000000,0.000000000000,0.000429545124,ALTA,1583.720000000000,1583.750000000000,1583.590000000000,1583.690000000000,0.030000000000,0.160000000000,0.030000000000,0.100000000000,-0.000018942742,BAIXA,60.535117056857,1583.466000000000,1583.414000000000,1583.238500000000,1583.521331848051,1583.430406827147,1583.316849485778,0.000157884100,0.000126303292,-0.000018942742,0.308571428571,0.000194843327,0.000220730809,0.000195783228,1583.414000000000,1583.893933328703,1582.934066671297,0.000606200689,0.787539938876,1583.050000000000,1583.830000000000,0.000404119493,0.000088401139,0.000141441823,0.000174276531,0.000285093674,0.000104818494,-0.000020205975,4,6,0,-0.000018942742,0.622789596312,0.256347932826,0.120862470863,0.000211576845,1,-1,0.187500000000,0.187500000000,0.625000000001,0.625000000001,1583.690000000000,1583.650000000000,BAIXO,1789068630000
"USDARS_otc","2026-09-10 16:28:15","2026-09-10 16:30:30",1583.680000000000,1583.720000000000,1583.490000000000,1583.490000000000,0.190000000000,0.230000000000,0.040000000000,0.000000000000,-0.000119973732,BAIXA,1583.520000000000,1583.520000000000,1583.080000000000,1583.080000000000,0.440000000000,0.440000000000,0.000000000000,0.000000000000,-0.000277861978,BAIXA,1583.080000000000,1583.380000000000,1583.080000000000,1583.110000000000,0.030000000000,0.300000000000,0.270000000000,0.000000000000,0.000018950400,ALTA,1583.110000000000,1583.580000000000,1583.110000000000,1583.490000000000,0.380000000000,0.470000000000,0.090000000000,0.000000000000,0.000240033857,ALTA,1583.490000000000,1583.600000000000,1583.380000000000,1583.380000000000,0.110000000000,0.220000000000,0.110000000000,0.000000000000,-0.000069466811,BAIXA,1583.360000000000,1583.440000000000,1583.330000000000,1583.440000000000,0.080000000000,0.110000000000,0.000000000000,0.030000000000,0.000050525465,ALTA,1583.440000000000,1583.530000000000,1583.050000000000,1583.070000000000,0.370000000000,0.480000000000,0.090000000000,0.020000000000,-0.000233668469,BAIXA,1583.070000000000,1583.750000000000,1583.070000000000,1583.750000000000,0.680000000000,0.680000000000,0.000000000000,0.000000000000,0.000429545124,ALTA,1583.720000000000,1583.750000000000,1583.590000000000,1583.690000000000,0.030000000000,0.160000000000,0.030000000000,0.100000000000,-0.000018942742,BAIXA,1583.690000000000,1583.690000000000,1583.560000000000,1583.650000000000,0.040000000000,0.130000000000,0.000000000000,0.090000000000,-0.000025257468,BAIXA,56.737588652484,1583.520000000000,1583.415000000000,1583.284500000000,1583.564260326761,1583.470352453528,1583.348578106180,0.000366376724,0.000170521290,0.000006314566,0.290714285714,0.000183572308,0.000217621829,0.000195301800,1583.415000000000,1583.896850599253,1582.933149400747,0.000608621996,0.743851517840,1583.050000000000,1583.750000000000,0.000378871594,0.000063145266,0.000082088845,0.000148391374,0.000230795946,0.000140182490,0.000007577432,4,6,0,-0.000018943221,0.622789596312,0.214040240518,0.163170163170,0.000203368479,2,-1,0.307692307692,0.000000000000,0.692307692308,0.692307692308,1583.650000000000,1583.500000000000,BAIXO,1789068645000
"USDARS_otc","2026-09-10 16:28:30","2026-09-10 16:30:45",1583.520000000000,1583.520000000000,1583.080000000000,1583.080000000000,0.440000000000,0.440000000000,0.000000000000,0.000000000000,-0.000277861978,BAIXA,1583.080000000000,1583.380000000000,1583.080000000000,1583.110000000000,0.030000000000,0.300000000000,0.270000000000,0.000000000000,0.000018950400,ALTA,1583.110000000000,1583.580000000000,1583.110000000000,1583.490000000000,0.380000000000,0.470000000000,0.090000000000,0.000000000000,0.000240033857,ALTA,1583.490000000000,1583.600000000000,1583.380000000000,1583.380000000000,0.110000000000,0.220000000000,0.110000000000,0.000000000000,-0.000069466811,BAIXA,1583.360000000000,1583.440000000000,1583.330000000000,1583.440000000000,0.080000000000,0.110000000000,0.000000000000,0.030000000000,0.000050525465,ALTA,1583.440000000000,1583.530000000000,1583.050000000000,1583.070000000000,0.370000000000,0.480000000000,0.090000000000,0.020000000000,-0.000233668469,BAIXA,1583.070000000000,1583.750000000000,1583.070000000000,1583.750000000000,0.680000000000,0.680000000000,0.000000000000,0.000000000000,0.000429545124,ALTA,1583.720000000000,1583.750000000000,1583.590000000000,1583.690000000000,0.030000000000,0.160000000000,0.030000000000,0.100000000000,-0.000018942742,BAIXA,1583.690000000000,1583.690000000000,1583.560000000000,1583.650000000000,0.040000000000,0.130000000000,0.000000000000,0.090000000000,-0.000025257468,BAIXA,1583.650000000000,1583.720000000000,1583.500000000000,1583.500000000000,0.150000000000,0.220000000000,0.070000000000,0.000000000000,-0.000094717899,BAIXA,50.000000000000,1583.532000000000,1583.416000000000,1583.316500000000,1583.542756013816,1583.475710258268,1583.362999238925,-0.000157853197,0.000037892184,0.000006315165,0.287857142857,0.000181785376,0.000223546680,0.000195301771,1583.416000000000,1583.898510103521,1582.933489896479,0.000609454627,0.587044809411,1583.050000000000,1583.750000000000,0.000284180613,0.000157878118,-0.000020208399,0.000053047048,0.000115882539,0.000066940322,-0.000000631512,4,6,0,-0.000012630090,0.608362718841,0.228467117988,0.163170163170,0.000202737301,3,-1,0.681818181819,0.318181818181,0.000000000000,0.000000000000,1583.500000000000,1583.400000000000,BAIXO,1789068660000
"USDARS_otc","2026-09-10 16:28:45","2026-09-10 16:31:00",1583.080000000000,1583.380000000000,1583.080000000000,1583.110000000000,0.030000000000,0.300000000000,0.270000000000,0.000000000000,0.000018950400,ALTA,1583.110000000000,1583.580000000000,1583.110000000000,1583.490000000000,0.380000000000,0.470000000000,0.090000000000,0.000000000000,0.000240033857,ALTA,1583.490000000000,1583.600000000000,1583.380000000000,1583.380000000000,0.110000000000,0.220000000000,0.110000000000,0.000000000000,-0.000069466811,BAIXA,1583.360000000000,1583.440000000000,1583.330000000000,1583.440000000000,0.080000000000,0.110000000000,0.000000000000,0.030000000000,0.000050525465,ALTA,1583.440000000000,1583.530000000000,1583.050000000000,1583.070000000000,0.370000000000,0.480000000000,0.090000000000,0.020000000000,-0.000233668469,BAIXA,1583.070000000000,1583.750000000000,1583.070000000000,1583.750000000000,0.680000000000,0.680000000000,0.000000000000,0.000000000000,0.000429545124,ALTA,1583.720000000000,1583.750000000000,1583.590000000000,1583.690000000000,0.030000000000,0.160000000000,0.030000000000,0.100000000000,-0.000018942742,BAIXA,1583.690000000000,1583.690000000000,1583.560000000000,1583.650000000000,0.040000000000,0.130000000000,0.000000000000,0.090000000000,-0.000025257468,BAIXA,1583.650000000000,1583.720000000000,1583.500000000000,1583.500000000000,0.150000000000,0.220000000000,0.070000000000,0.000000000000,-0.000094717899,BAIXA,1583.540000000000,1583.540000000000,1583.300000000000,1583.400000000000,0.140000000000,0.240000000000,0.000000000000,0.100000000000,-0.000088409513,BAIXA,46.153846153850,1583.598000000000,1583.448000000000,1583.357500000000,1583.495170675877,1583.461761870538,1583.366523120932,-0.000183116645,0.000208455722,0.000202137605,0.290714285714,0.000183601292,0.000195368629,0.000177281721,1583.448000000000,1583.876560380810,1583.019439619190,0.000541300227,0.443998556389,1583.050000000000,1583.750000000000,0.000221043324,0.000221043324,-0.000125047366,-0.000030314513,0.000026840975,0.000083364911,0.000021472780,4,6,0,0.000202137605,0.566696052175,0.228467117988,0.204836829837,0.000190107020,4,-1,0.583333333333,0.000000000000,0.416666666667,0.416666666667,1583.400000000000,1583.250000000000,BAIXO,1789068675000
"USDARS_otc","2026-09-10 16:29:00","2026-09-10 16:31:15",1583.110000000000,1583.580000000000,1583.110000000000,1583.490000000000,0.380000000000,0.470000000000,0.090000000000,0.000000000000,0.000240033857,ALTA,1583.490000000000,1583.600000000000,1583.380000000000,1583.380000000000,0.110000000000,0.220000000000,0.110000000000,0.000000000000,-0.000069466811,BAIXA,1583.360000000000,1583.440000000000,1583.330000000000,1583.440000000000,0.080000000000,0.110000000000,0.000000000000,0.030000000000,0.000050525465,ALTA,1583.440000000000,1583.530000000000,1583.050000000000,1583.070000000000,0.370000000000,0.480000000000,0.090000000000,0.020000000000,-0.000233668469,BAIXA,1583.070000000000,1583.750000000000,1583.070000000000,1583.750000000000,0.680000000000,0.680000000000,0.000000000000,0.000000000000,0.000429545124,ALTA,1583.720000000000,1583.750000000000,1583.590000000000,1583.690000000000,0.030000000000,0.160000000000,0.030000000000,0.100000000000,-0.000018942742,BAIXA,1583.690000000000,1583.690000000000,1583.560000000000,1583.650000000000,0.040000000000,0.130000000000,0.000000000000,0.090000000000,-0.000025257468,BAIXA,1583.650000000000,1583.720000000000,1583.500000000000,1583.500000000000,0.150000000000,0.220000000000,0.070000000000,0.000000000000,-0.000094717899,BAIXA,1583.540000000000,1583.540000000000,1583.300000000000,1583.400000000000,0.140000000000,0.240000000000,0.000000000000,0.100000000000,-0.000088409513,BAIXA,1583.400000000000,1583.400000000000,1583.170000000000,1583.250000000000,0.150000000000,0.230000000000,0.000000000000,0.080000000000,-0.000094732853,BAIXA,41.516245487365,1583.498000000000,1583.462000000000,1583.391000000000,1583.413489219264,1583.423240117306,1583.355425680843,-0.000252581063,-0.000315706393,0.000088433526,0.297857142857,0.000188130202,0.000028524322,0.000180612840,1583.462000000000,1583.852978260265,1583.071021739735,0.000493827146,0.228885181677,1583.050000000000,1583.750000000000,0.000126322438,0.000315806095,-0.000156639823,-0.000133901784,-0.000089057319,-0.000013895468,0.000029685773,3,7,0,0.000088433526,0.621913443479,0.138467117988,0.239619438533,0.000185682324,5,-1,0.652173913044,0.000000000000,0.347826086956,0.347826086956,1583.250000000000,1583.310000000000,CIMA,1789068690000
"USDARS_otc","2026-09-10 16:29:15","2026-09-10 16:31:30",1583.490000000000,1583.600000000000,1583.380000000000,1583.380000000000,0.110000000000,0.220000000000,0.110000000000,0.000000000000,-0.000069466811,BAIXA,1583.360000000000,1583.440000000000,1583.330000000000,1583.440000000000,0.080000000000,0.110000000000,0.000000000000,0.030000000000,0.000050525465,ALTA,1583.440000000000,1583.530000000000,1583.050000000000,1583.070000000000,0.370000000000,0.480000000000,0.090000000000,0.020000000000,-0.000233668469,BAIXA,1583.070000000000,1583.750000000000,1583.070000000000,1583.750000000000,0.680000000000,0.680000000000,0.000000000000,0.000000000000,0.000429545124,ALTA,1583.720000000000,1583.750000000000,1583.590000000000,1583.690000000000,0.030000000000,0.160000000000,0.030000000000,0.100000000000,-0.000018942742,BAIXA,1583.690000000000,1583.690000000000,1583.560000000000,1583.650000000000,0.040000000000,0.130000000000,0.000000000000,0.090000000000,-0.000025257468,BAIXA,1583.650000000000,1583.720000000000,1583.500000000000,1583.500000000000,0.150000000000,0.220000000000,0.070000000000,0.000000000000,-0.000094717899,BAIXA,1583.540000000000,1583.540000000000,1583.300000000000,1583.400000000000,0.140000000000,0.240000000000,0.000000000000,0.100000000000,-0.000088409513,BAIXA,1583.400000000000,1583.400000000000,1583.170000000000,1583.250000000000,0.150000000000,0.230000000000,0.000000000000,0.080000000000,-0.000094732853,BAIXA,1583.230000000000,1583.340000000000,1583.230000000000,1583.310000000000,0.080000000000,0.110000000000,0.030000000000,0.000000000000,0.000050529614,ALTA,43.999999999998,1583.422000000000,1583.444000000000,1583.420500000000,1583.379095060587,1583.402651005069,1583.351099425525,-0.000119987370,-0.000239945949,-0.000113672963,0.287142857143,0.000181356056,0.000049983103,0.000164172330,1583.444000000000,1583.844619520243,1583.043380479757,0.000506010342,0.332759022927,1583.050000000000,1583.750000000000,0.000164212946,0.000277898832,-0.000070737885,-0.000084632826,-0.000069790502,-0.000069474708,0.000017684471,3,7,0,-0.000113672963,0.613789652377,0.146590909091,0.239619438533,0.000162941747,1,1,0.727272727273,0.272727272727,0.000000000000,0.727272727273,1583.310000000000,1583.520000000000,CIMA,1789068705000
"USDARS_otc","2026-09-10 16:29:30","2026-09-10 16:31:45",1583.360000000000,1583.440000000000,1583.330000000000,1583.440000000000,0.080000000000,0.110000000000,0.000000000000,0.030000000000,0.000050525465,ALTA,1583.440000000000,1583.530000000000,1583.050000000000,1583.070000000000,0.370000000000,0.480000000000,0.090000000000,0.020000000000,-0.000233668469,BAIXA,1583.070000000000,1583.750000000000,1583.070000000000,1583.750000000000,0.680000000000,0.680000000000,0.000000000000,0.000000000000,0.000429545124,ALTA,1583.720000000000,1583.750000000000,1583.590000000000,1583.690000000000,0.030000000000,0.160000000000,0.030000000000,0.100000000000,-0.000018942742,BAIXA,1583.690000000000,1583.690000000000,1583.560000000000,1583.650000000000,0.040000000000,0.130000000000,0.000000000000,0.090000000000,-0.000025257468,BAIXA,1583.650000000000,1583.720000000000,1583.500000000000,1583.500000000000,0.150000000000,0.220000000000,0.070000000000,0.000000000000,-0.000094717899,BAIXA,1583.540000000000,1583.540000000000,1583.300000000000,1583.400000000000,0.140000000000,0.240000000000,0.000000000000,0.100000000000,-0.000088409513,BAIXA,1583.400000000000,1583.400000000000,1583.170000000000,1583.250000000000,0.150000000000,0.230000000000,0.000000000000,0.080000000000,-0.000094732853,BAIXA,1583.230000000000,1583.340000000000,1583.230000000000,1583.310000000000,0.080000000000,0.110000000000,0.030000000000,0.000000000000,0.000050529614,ALTA,1583.310000000000,1583.520000000000,1583.290000000000,1583.520000000000,0.210000000000,0.230000000000,0.000000000000,0.020000000000,0.000132633534,ALTA,50.533807829181,1583.396000000000,1583.458000000000,1583.443500000000,1583.426126526743,1583.424065565776,1583.367185194522,0.000075786283,-0.000082088845,0.000088418447,0.287142857143,0.000181332005,0.000089010714,0.000168165560,1583.458000000000,1583.858479712345,1583.057520287655,0.000505829283,0.577407167066,1583.050000000000,1583.750000000000,0.000296807113,0.000145246034,0.000078306558,0.000039153279,0.000048310094,-0.000127563908,0.000006315045,4,6,0,0.000101050930,0.655094000203,0.096590909091,0.248315090706,0.000163574915,2,1,0.913043478261,0.000000000000,0.086956521739,1.000000000000,1583.520000000000,1583.500000000000,BAIXO,1789068720000
"USDARS_otc","2026-09-10 16:29:45","2026-09-10 16:32:00",1583.440000000000,1583.530000000000,1583.050000000000,1583.070000000000,0.370000000000,0.480000000000,0.090000000000,0.020000000000,-0.000233668469,BAIXA,1583.070000000000,1583.750000000000,1583.070000000000,1583.750000000000,0.680000000000,0.680000000000,0.000000000000,0.000000000000,0.000429545124,ALTA,1583.720000000000,1583.750000000000,1583.590000000000,1583.690000000000,0.030000000000,0.160000000000,0.030000000000,0.100000000000,-0.000018942742,BAIXA,1583.690000000000,1583.690000000000,1583.560000000000,1583.650000000000,0.040000000000,0.130000000000,0.000000000000,0.090000000000,-0.000025257468,BAIXA,1583.650000000000,1583.720000000000,1583.500000000000,1583.500000000000,0.150000000000,0.220000000000,0.070000000000,0.000000000000,-0.000094717899,BAIXA,1583.540000000000,1583.540000000000,1583.300000000000,1583.400000000000,0.140000000000,0.240000000000,0.000000000000,0.100000000000,-0.000088409513,BAIXA,1583.400000000000,1583.400000000000,1583.170000000000,1583.250000000000,0.150000000000,0.230000000000,0.000000000000,0.080000000000,-0.000094732853,BAIXA,1583.230000000000,1583.340000000000,1583.230000000000,1583.310000000000,0.080000000000,0.110000000000,0.030000000000,0.000000000000,0.000050529614,ALTA,1583.310000000000,1583.520000000000,1583.290000000000,1583.520000000000,0.210000000000,0.230000000000,0.000000000000,0.020000000000,0.000132633534,ALTA,1583.520000000000,1583.610000000000,1583.460000000000,1583.500000000000,0.020000000000,0.150000000000,0.090000000000,0.040000000000,-0.000012630090,BAIXA,58.677685950414,1583.396000000000,1583.464000000000,1583.455000000000,1583.450820185421,1583.437884889846,1583.379834223616,0.000157903048,0.000000000000,0.000037892184,0.266428571429,0.000168252966,0.000080186943,0.000167976107,1583.464000000000,1583.865018702806,1583.062981297194,0.000506508140,0.544885687062,1583.050000000000,1583.750000000000,0.000284180613,0.000157878118,0.000065677297,0.000022734449,0.000028418061,-0.000064414272,0.000001263025,3,7,0,0.000037892184,0.595700060809,0.156590909091,0.247709030100,0.000166100231,1,-1,0.133333333333,0.600000000000,0.266666666667,0.266666666667,1583.500000000000,1583.370000000000,BAIXO,1789068735000
"USDARS_otc","2026-09-10 16:48:30","2026-09-10 16:50:45",1584.870000000000,1585.110000000000,1584.800000000000,1585.110000000000,0.240000000000,0.310000000000,0.000000000000,0.070000000000,0.000151431979,ALTA,1585.110000000000,1585.200000000000,1584.910000000000,1584.910000000000,0.200000000000,0.290000000000,0.090000000000,0.000000000000,-0.000126174209,BAIXA,1584.880000000000,1584.890000000000,1584.740000000000,1584.760000000000,0.120000000000,0.150000000000,0.010000000000,0.020000000000,-0.000075715512,BAIXA,1584.720000000000,1584.750000000000,1584.610000000000,1584.610000000000,0.110000000000,0.140000000000,0.030000000000,0.000000000000,-0.000069412893,BAIXA,1584.560000000000,1584.700000000000,1584.440000000000,1584.650000000000,0.090000000000,0.260000000000,0.050000000000,0.120000000000,0.000056798102,ALTA,1584.650000000000,1584.690000000000,1584.560000000000,1584.560000000000,0.090000000000,0.130000000000,0.040000000000,0.000000000000,-0.000056794876,BAIXA,1584.560000000000,1584.640000000000,1584.460000000000,1584.570000000000,0.010000000000,0.180000000000,0.070000000000,0.100000000000,0.000006310900,ALTA,1584.590000000000,1584.610000000000,1584.340000000000,1584.400000000000,0.190000000000,0.270000000000,0.020000000000,0.060000000000,-0.000119904833,BAIXA,1584.400000000000,1584.420000000000,1584.180000000000,1584.180000000000,0.220000000000,0.240000000000,0.020000000000,0.000000000000,-0.000138853825,BAIXA,1584.180000000000,1584.400000000000,1584.130000000000,1584.380000000000,0.200000000000,0.270000000000,0.020000000000,0.050000000000,0.000126248280,ALTA,44.827586206902,1584.418000000000,1584.613000000000,1584.647000000000,1584.412566969168,1584.512939984328,1584.615041534420,-0.000119906347,-0.000170384628,-0.000321788894,0.249285714286,0.000157339599,0.000094009594,0.000096634062,1584.613000000000,1585.122905873667,1584.103094126333,0.000643571489,0.271526460046,1584.130000000000,1585.200000000000,0.000157790429,0.000517552607,-0.000023984145,-0.000147060680,-0.000168520178,-0.000133806284,-0.000037238541,4,6,0,-0.000309173623,0.650469121164,0.171166757891,0.178364120945,0.000141356012,1,1,0.740740740741,0.074074074074,0.185185185185,0.925925925926,1584.380000000000,1584.560000000000,CIMA,1789069860000
"USDARS_otc","2026-09-10 16:48:45","2026-09-10 16:51:00",1585.110000000000,1585.200000000000,1584.910000000000,1584.910000000000,0.200000000000,0.290000000000,0.090000000000,0.000000000000,-0.000126174209,BAIXA,1584.880000000000,1584.890000000000,1584.740000000000,1584.760000000000,0.120000000000,0.150000000000,0.010000000000,0.020000000000,-0.000075715512,BAIXA,1584.720000000000,1584.750000000000,1584.610000000000,1584.610000000000,0.110000000000,0.140000000000,0.030000000000,0.000000000000,-0.000069412893,BAIXA,1584.560000000000,1584.700000000000,1584.440000000000,1584.650000000000,0.090000000000,0.260000000000,0.050000000000,0.120000000000,0.000056798102,ALTA,1584.650000000000,1584.690000000000,1584.560000000000,1584.560000000000,0.090000000000,0.130000000000,0.040000000000,0.000000000000,-0.000056794876,BAIXA,1584.560000000000,1584.640000000000,1584.460000000000,1584.570000000000,0.010000000000,0.180000000000,0.070000000000,0.100000000000,0.000006310900,ALTA,1584.590000000000,1584.610000000000,1584.340000000000,1584.400000000000,0.190000000000,0.270000000000,0.020000000000,0.060000000000,-0.000119904833,BAIXA,1584.400000000000,1584.420000000000,1584.180000000000,1584.180000000000,0.220000000000,0.240000000000,0.020000000000,0.000000000000,-0.000138853825,BAIXA,1584.180000000000,1584.400000000000,1584.130000000000,1584.380000000000,0.200000000000,0.270000000000,0.020000000000,0.050000000000,0.000126248280,ALTA,1584.360000000000,1584.590000000000,1584.360000000000,1584.560000000000,0.200000000000,0.230000000000,0.030000000000,0.000000000000,0.000126233937,ALTA,49.193548387098,1584.418000000000,1584.558000000000,1584.631500000000,1584.461693269059,1584.521496350814,1584.609799483523,0.000100984600,0.000000000000,-0.000346979074,0.257142857143,0.000162280291,0.000109248213,0.000092376696,1584.558000000000,1584.945587409496,1584.170412590504,0.000489205708,0.502580063169,1584.130000000000,1585.200000000000,0.000271368708,0.000403897612,0.000089614783,0.000001262180,-0.000045122936,-0.000088352603,-0.000075730802,4,6,0,-0.000346979074,0.660006288065,0.184210236152,0.155783475783,0.000136312951,2,1,0.869565217391,0.130434782609,0.000000000000,0.869565217391,1584.560000000000,1584.460000000000,BAIXO,1789069875000
"USDARS_otc","2026-09-10 16:49:00","2026-09-10 16:51:15",1584.880000000000,1584.890000000000,1584.740000000000,1584.760000000000,0.120000000000,0.150000000000,0.010000000000,0.020000000000,-0.000075715512,BAIXA,1584.720000000000,1584.750000000000,1584.610000000000,1584.610000000000,0.110000000000,0.140000000000,0.030000000000,0.000000000000,-0.000069412893,BAIXA,1584.560000000000,1584.700000000000,1584.440000000000,1584.650000000000,0.090000000000,0.260000000000,0.050000000000,0.120000000000,0.000056798102,ALTA,1584.650000000000,1584.690000000000,1584.560000000000,1584.560000000000,0.090000000000,0.130000000000,0.040000000000,0.000000000000,-0.000056794876,BAIXA,1584.560000000000,1584.640000000000,1584.460000000000,1584.570000000000,0.010000000000,0.180000000000,0.070000000000,0.100000000000,0.000006310900,ALTA,1584.590000000000,1584.610000000000,1584.340000000000,1584.400000000000,0.190000000000,0.270000000000,0.020000000000,0.060000000000,-0.000119904833,BAIXA,1584.400000000000,1584.420000000000,1584.180000000000,1584.180000000000,0.220000000000,0.240000000000,0.020000000000,0.000000000000,-0.000138853825,BAIXA,1584.180000000000,1584.400000000000,1584.130000000000,1584.380000000000,0.200000000000,0.270000000000,0.020000000000,0.050000000000,0.000126248280,ALTA,1584.360000000000,1584.590000000000,1584.360000000000,1584.560000000000,0.200000000000,0.230000000000,0.030000000000,0.000000000000,0.000126233937,ALTA,1584.580000000000,1584.620000000000,1584.440000000000,1584.460000000000,0.120000000000,0.180000000000,0.040000000000,0.020000000000,-0.000075729846,BAIXA,52.586206896554,1584.396000000000,1584.513000000000,1584.614000000000,1584.461143882472,1584.510315196120,1584.595532866044,0.000176747592,-0.000069419464,-0.000283927794,0.251428571429,0.000158684076,0.000111942649,0.000087963765,1584.513000000000,1584.823489935425,1584.202510064576,0.000391905823,0.414651017709,1584.130000000000,1584.890000000000,0.000208272850,0.000271385835,0.000040392310,-0.000033449882,-0.000097193997,-0.000047965868,-0.000095300607,4,6,0,-0.000265004291,0.657707437490,0.175397975615,0.166894586895,0.000129377168,1,-1,0.666666666667,0.222222222222,0.111111111111,0.111111111111,1584.460000000000,1584.660000000000,CIMA,1789069890000
"USDARS_otc","2026-09-10 16:49:15","2026-09-10 16:51:30",1584.720000000000,1584.750000000000,1584.610000000000,1584.610000000000,0.110000000000,0.140000000000,0.030000000000,0.000000000000,-0.000069412893,BAIXA,1584.560000000000,1584.700000000000,1584.440000000000,1584.650000000000,0.090000000000,0.260000000000,0.050000000000,0.120000000000,0.000056798102,ALTA,1584.650000000000,1584.690000000000,1584.560000000000,1584.560000000000,0.090000000000,0.130000000000,0.040000000000,0.000000000000,-0.000056794876,BAIXA,1584.560000000000,1584.640000000000,1584.460000000000,1584.570000000000,0.010000000000,0.180000000000,0.070000000000,0.100000000000,0.000006310900,ALTA,1584.590000000000,1584.610000000000,1584.340000000000,1584.400000000000,0.190000000000,0.270000000000,0.020000000000,0.060000000000,-0.000119904833,BAIXA,1584.400000000000,1584.420000000000,1584.180000000000,1584.180000000000,0.220000000000,0.240000000000,0.020000000000,0.000000000000,-0.000138853825,BAIXA,1584.180000000000,1584.400000000000,1584.130000000000,1584.380000000000,0.200000000000,0.270000000000,0.020000000000,0.050000000000,0.000126248280,ALTA,1584.360000000000,1584.590000000000,1584.360000000000,1584.560000000000,0.200000000000,0.230000000000,0.030000000000,0.000000000000,0.000126233937,ALTA,1584.580000000000,1584.620000000000,1584.440000000000,1584.460000000000,0.120000000000,0.180000000000,0.040000000000,0.020000000000,-0.000075729846,BAIXA,1584.460000000000,1584.660000000000,1584.400000000000,1584.660000000000,0.200000000000,0.260000000000,0.000000000000,0.060000000000,0.000126225970,ALTA,56.800000000003,1584.448000000000,1584.503000000000,1584.604000000000,1584.527399182116,1584.537530615007,1584.601672593088,0.000176725281,0.000164099975,-0.000063101037,0.252857142857,0.000159565549,0.000111941658,0.000095924846,1584.503000000000,1584.786273719219,1584.219726280781,0.000357555296,0.777117129738,1584.130000000000,1584.750000000000,0.000334456603,0.000056794517,0.000133782641,0.000099074880,0.000035338811,0.000018931506,-0.000069415521,5,5,0,-0.000037861578,0.654630514413,0.168731308949,0.176638176638,0.000136322105,1,1,0.769230769231,0.000000000000,0.230769230769,1.000000000000,1584.660000000000,1584.770000000000,CIMA,1789069905000
"USDARS_otc","2026-09-10 16:49:30","2026-09-10 16:51:45",1584.560000000000,1584.700000000000,1584.440000000000,1584.650000000000,0.090000000000,0.260000000000,0.050000000000,0.120000000000,0.000056798102,ALTA,1584.650000000000,1584.690000000000,1584.560000000000,1584.560000000000,0.090000000000,0.130000000000,0.040000000000,0.000000000000,-0.000056794876,BAIXA,1584.560000000000,1584.640000000000,1584.460000000000,1584.570000000000,0.010000000000,0.180000000000,0.070000000000,0.100000000000,0.000006310900,ALTA,1584.590000000000,1584.610000000000,1584.340000000000,1584.400000000000,0.190000000000,0.270000000000,0.020000000000,0.060000000000,-0.000119904833,BAIXA,1584.400000000000,1584.420000000000,1584.180000000000,1584.180000000000,0.220000000000,0.240000000000,0.020000000000,0.000000000000,-0.000138853825,BAIXA,1584.180000000000,1584.400000000000,1584.130000000000,1584.380000000000,0.200000000000,0.270000000000,0.020000000000,0.050000000000,0.000126248280,ALTA,1584.360000000000,1584.590000000000,1584.360000000000,1584.560000000000,0.200000000000,0.230000000000,0.030000000000,0.000000000000,0.000126233937,ALTA,1584.580000000000,1584.620000000000,1584.440000000000,1584.460000000000,0.120000000000,0.180000000000,0.040000000000,0.020000000000,-0.000075729846,BAIXA,1584.460000000000,1584.660000000000,1584.400000000000,1584.660000000000,0.200000000000,0.260000000000,0.000000000000,0.060000000000,0.000126225970,ALTA,1584.660000000000,1584.790000000000,1584.620000000000,1584.770000000000,0.110000000000,0.170000000000,0.020000000000,0.040000000000,0.000069415521,ALTA,47.058823529408,1584.566000000000,1584.519000000000,1584.604500000000,1584.608260106838,1584.579797775915,1584.617703774699,0.000132528904,0.000372432426,0.000100971217,0.222142857143,0.000140173563,0.000071895855,0.000093409136,1584.519000000000,1584.840179077775,1584.197820922226,0.000405396310,0.890747743812,1584.130000000000,1584.790000000000,0.000403844091,0.000012620128,0.000128725304,0.000158382604,0.000104431558,0.000093388946,-0.000024609249,6,4,0,0.000132528904,0.640764968195,0.159067443402,0.200167588403,0.000138215590,2,1,0.647058823529,0.117647058823,0.235294117648,0.882352941177,1584.770000000000,1585.060000000000,CIMA,1789069920000
"USDARS_otc","2026-09-10 16:49:45","2026-09-10 16:52:00",1584.650000000000,1584.690000000000,1584.560000000000,1584.560000000000,0.090000000000,0.130000000000,0.040000000000,0.000000000000,-0.000056794876,BAIXA,1584.560000000000,1584.640000000000,1584.460000000000,1584.570000000000,0.010000000000,0.180000000000,0.070000000000,0.100000000000,0.000006310900,ALTA,1584.590000000000,1584.610000000000,1584.340000000000,1584.400000000000,0.190000000000,0.270000000000,0.020000000000,0.060000000000,-0.000119904833,BAIXA,1584.400000000000,1584.420000000000,1584.180000000000,1584.180000000000,0.220000000000,0.240000000000,0.020000000000,0.000000000000,-0.000138853825,BAIXA,1584.180000000000,1584.400000000000,1584.130000000000,1584.380000000000,0.200000000000,0.270000000000,0.020000000000,0.050000000000,0.000126248280,ALTA,1584.360000000000,1584.590000000000,1584.360000000000,1584.560000000000,0.200000000000,0.230000000000,0.030000000000,0.000000000000,0.000126233937,ALTA,1584.580000000000,1584.620000000000,1584.440000000000,1584.460000000000,0.120000000000,0.180000000000,0.040000000000,0.020000000000,-0.000075729846,BAIXA,1584.460000000000,1584.660000000000,1584.400000000000,1584.660000000000,0.200000000000,0.260000000000,0.000000000000,0.060000000000,0.000126225970,ALTA,1584.660000000000,1584.790000000000,1584.620000000000,1584.770000000000,0.110000000000,0.170000000000,0.020000000000,0.040000000000,0.000069415521,ALTA,1584.770000000000,1585.060000000000,1584.770000000000,1585.060000000000,0.290000000000,0.290000000000,0.000000000000,0.000000000000,0.000182991854,ALTA,48.815165876778,1584.702000000000,1584.560000000000,1584.620500000000,1584.758803983786,1584.667107271203,1584.659827224727,0.000378677909,0.000429189967,0.000258732212,0.220714285714,0.000139246644,0.000082820529,0.000106970162,1584.560000000000,1585.014576726197,1584.105423273803,0.000573757669,1.049962163905,1584.130000000000,1585.060000000000,0.000586728578,0.000000000000,0.000225858958,0.000315445472,0.000277276570,0.000193052629,0.000029651874,6,4,0,0.000258732212,0.706149583579,0.139836674172,0.154013742249,0.000140106435,3,1,1.000000000000,0.000000000000,0.000000000000,1.000000000000,1585.060000000000,1585.290000000000,CIMA,1789069935000
"USDARS_otc","2026-09-10 16:50:00","2026-09-10 16:52:15",1584.560000000000,1584.640000000000,1584.460000000000,1584.570000000000,0.010000000000,0.180000000000,0.070000000000,0.100000000000,0.000006310900,ALTA,1584.590000000000,1584.610000000000,1584.340000000000,1584.400000000000,0.190000000000,0.270000000000,0.020000000000,0.060000000000,-0.000119904833,BAIXA,1584.400000000000,1584.420000000000,1584.180000000000,1584.180000000000,0.220000000000,0.240000000000,0.020000000000,0.000000000000,-0.000138853825,BAIXA,1584.180000000000,1584.400000000000,1584.130000000000,1584.380000000000,0.200000000000,0.270000000000,0.020000000000,0.050000000000,0.000126248280,ALTA,1584.360000000000,1584.590000000000,1584.360000000000,1584.560000000000,0.200000000000,0.230000000000,0.030000000000,0.000000000000,0.000126233937,ALTA,1584.580000000000,1584.620000000000,1584.440000000000,1584.460000000000,0.120000000000,0.180000000000,0.040000000000,0.020000000000,-0.000075729846,BAIXA,1584.460000000000,1584.660000000000,1584.400000000000,1584.660000000000,0.200000000000,0.260000000000,0.000000000000,0.060000000000,0.000126225970,ALTA,1584.660000000000,1584.790000000000,1584.620000000000,1584.770000000000,0.110000000000,0.170000000000,0.020000000000,0.040000000000,0.000069415521,ALTA,1584.770000000000,1585.060000000000,1584.770000000000,1585.060000000000,0.290000000000,0.290000000000,0.000000000000,0.000000000000,0.000182991854,ALTA,1585.060000000000,1585.320000000000,1585.060000000000,1585.290000000000,0.230000000000,0.260000000000,0.030000000000,0.000000000000,0.000145104917,ALTA,58.878504672894,1584.848000000000,1584.633000000000,1584.654000000000,1584.935863307951,1584.780360494621,1584.719843679515,0.000397561622,0.000460695714,0.000460695714,0.218571428571,0.000137874729,0.000085836879,0.000108503867,1584.633000000000,1585.264255891061,1584.001744108938,0.000796721880,1.020391183119,1584.130000000000,1585.320000000000,0.000731727318,0.000018923982,0.000278813340,0.000414435214,0.000401188426,0.000252319765,0.000082003924,7,3,0,0.000460695714,0.725380352810,0.120605904941,0.154013742249,0.000148305895,4,1,0.884615384615,0.115384615385,0.000000000000,0.884615384615,1585.290000000000,1585.490000000000,CIMA,1789069950000
"USDARS_otc","2026-09-10 16:50:15","2026-09-10 16:52:30",1584.590000000000,1584.610000000000,1584.340000000000,1584.400000000000,0.190000000000,0.270000000000,0.020000000000,0.060000000000,-0.000119904833,BAIXA,1584.400000000000,1584.420000000000,1584.180000000000,1584.180000000000,0.220000000000,0.240000000000,0.020000000000,0.000000000000,-0.000138853825,BAIXA,1584.180000000000,1584.400000000000,1584.130000000000,1584.380000000000,0.200000000000,0.270000000000,0.020000000000,0.050000000000,0.000126248280,ALTA,1584.360000000000,1584.590000000000,1584.360000000000,1584.560000000000,0.200000000000,0.230000000000,0.030000000000,0.000000000000,0.000126233937,ALTA,1584.580000000000,1584.620000000000,1584.440000000000,1584.460000000000,0.120000000000,0.180000000000,0.040000000000,0.020000000000,-0.000075729846,BAIXA,1584.460000000000,1584.660000000000,1584.400000000000,1584.660000000000,0.200000000000,0.260000000000,0.000000000000,0.060000000000,0.000126225970,ALTA,1584.660000000000,1584.790000000000,1584.620000000000,1584.770000000000,0.110000000000,0.170000000000,0.020000000000,0.040000000000,0.000069415521,ALTA,1584.770000000000,1585.060000000000,1584.770000000000,1585.060000000000,0.290000000000,0.290000000000,0.000000000000,0.000000000000,0.000182991854,ALTA,1585.060000000000,1585.320000000000,1585.060000000000,1585.290000000000,0.230000000000,0.260000000000,0.030000000000,0.000000000000,0.000145104917,ALTA,1585.290000000000,1585.550000000000,1585.290000000000,1585.490000000000,0.200000000000,0.260000000000,0.060000000000,0.000000000000,0.000126159882,ALTA,66.666666666667,1585.054000000000,1584.725000000000,1584.698500000000,1585.120497349182,1584.909385859235,1584.793191900514,0.000454324602,0.000650063744,0.000580599153,0.225000000000,0.000141911964,0.000036703574,0.000110058665,1584.725000000000,1585.535444322579,1583.914555677422,0.001022820139,0.971963328441,1584.130000000000,1585.550000000000,0.000857778983,0.000037843190,0.000274993850,0.000482500678,0.000499214754,0.000307791282,0.000129928287,7,3,0,0.000567970264,0.796747874177,0.104793939129,0.098458186694,0.000153347059,5,1,0.769230769231,0.230769230769,0.000000000000,0.769230769231,1585.490000000000,1585.420000000000,BAIXO,1789069965000
"USDARS_otc","2026-09-10 16:50:30","2026-09-10 16:52:45",1584.400000000000,1584.420000000000,1584.180000000000,1584.180000000000,0.220000000000,0.240000000000,0.020000000000,0.000000000000,-0.000138853825,BAIXA,1584.180000000000,1584.400000000000,1584.130000000000,1584.380000000000,0.200000000000,0.270000000000,0.020000000000,0.050000000000,0.000126248280,ALTA,1584.360000000000,1584.590000000000,1584.360000000000,1584.560000000000,0.200000000000,0.230000000000,0.030000000000,0.000000000000,0.000126233937,ALTA,1584.580000000000,1584.620000000000,1584.440000000000,1584.460000000000,0.120000000000,0.180000000000,0.040000000000,0.020000000000,-0.000075729846,BAIXA,1584.460000000000,1584.660000000000,1584.400000000000,1584.660000000000,0.200000000000,0.260000000000,0.000000000000,0.060000000000,0.000126225970,ALTA,1584.660000000000,1584.790000000000,1584.620000000000,1584.770000000000,0.110000000000,0.170000000000,0.020000000000,0.040000000000,0.000069415521,ALTA,1584.770000000000,1585.060000000000,1584.770000000000,1585.060000000000,0.290000000000,0.290000000000,0.000000000000,0.000000000000,0.000182991854,ALTA,1585.060000000000,1585.320000000000,1585.060000000000,1585.290000000000,0.230000000000,0.260000000000,0.030000000000,0.000000000000,0.000145104917,ALTA,1585.290000000000,1585.550000000000,1585.290000000000,1585.490000000000,0.200000000000,0.260000000000,0.060000000000,0.000000000000,0.000126159882,ALTA,1585.490000000000,1585.490000000000,1585.410000000000,1585.420000000000,0.070000000000,0.080000000000,0.000000000000,0.010000000000,-0.000044150389,BAIXA,69.194312796214,1585.206000000000,1584.827000000000,1584.752500000000,1585.220325551549,1585.002224793919,1584.852887909989,0.000227120740,0.000479598147,0.000643776824,0.220000000000,0.000138764491,0.000079040894,0.000101901807,1584.827000000000,1585.702307945811,1583.951692054189,0.001104610088,0.838737928085,1584.130000000000,1585.550000000000,0.000813664518,0.000081997199,0.000134980005,0.000374033379,0.000421024082,0.000317896835,0.000168409633,7,3,0,0.000643776824,0.813877503807,0.097386531721,0.088735964471,0.000141353710,1,-1,0.875000000000,0.000000000000,0.125000000000,0.125000000000,1585.420000000000,1585.590000000000,CIMA,1789069980000
"USDARS_otc","2026-09-10 16:50:45","2026-09-10 16:53:00",1584.180000000000,1584.400000000000,1584.130000000000,1584.380000000000,0.200000000000,0.270000000000,0.020000000000,0.050000000000,0.000126248280,ALTA,1584.360000000000,1584.590000000000,1584.360000000000,1584.560000000000,0.200000000000,0.230000000000,0.030000000000,0.000000000000,0.000126233937,ALTA,1584.580000000000,1584.620000000000,1584.440000000000,1584.460000000000,0.120000000000,0.180000000000,0.040000000000,0.020000000000,-0.000075729846,BAIXA,1584.460000000000,1584.660000000000,1584.400000000000,1584.660000000000,0.200000000000,0.260000000000,0.000000000000,0.060000000000,0.000126225970,ALTA,1584.660000000000,1584.790000000000,1584.620000000000,1584.770000000000,0.110000000000,0.170000000000,0.020000000000,0.040000000000,0.000069415521,ALTA,1584.770000000000,1585.060000000000,1584.770000000000,1585.060000000000,0.290000000000,0.290000000000,0.000000000000,0.000000000000,0.000182991854,ALTA,1585.060000000000,1585.320000000000,1585.060000000000,1585.290000000000,0.230000000000,0.260000000000,0.030000000000,0.000000000000,0.000145104917,ALTA,1585.290000000000,1585.550000000000,1585.290000000000,1585.490000000000,0.200000000000,0.260000000000,0.060000000000,0.000000000000,0.000126159882,ALTA,1585.490000000000,1585.490000000000,1585.410000000000,1585.420000000000,0.070000000000,0.080000000000,0.000000000000,0.010000000000,-0.000044150389,BAIXA,1585.390000000000,1585.590000000000,1585.310000000000,1585.590000000000,0.200000000000,0.280000000000,0.000000000000,0.080000000000,0.000126151925,ALTA,70.982142857143,1585.370000000000,1584.968000000000,1584.816000000000,1585.343721783035,1585.109093013207,1584.923089061418,0.000189239824,0.000517425242,0.000890050373,0.221428571429,0.000139650585,0.000077946029,0.000076370052,1584.968000000000,1585.835216236010,1584.100783763990,0.001094301255,0.858618747074,1584.130000000000,1585.590000000000,0.000920792891,0.000000000000,0.000138749614,0.000392282999,0.000488146368,0.000329214993,0.000211277821,8,2,0,0.000890050373,0.793639408569,0.089053198388,0.117307393043,0.000143867290,1,1,0.714285714285,0.000000000000,0.285714285715,1.000000000000,1585.590000000000,1585.510000000000,BAIXO,1789069995000
"USDARS_otc","2026-09-10 16:51:00","2026-09-10 16:53:15",1584.360000000000,1584.590000000000,1584.360000000000,1584.560000000000,0.200000000000,0.230000000000,0.030000000000,0.000000000000,0.000126233937,ALTA,1584.580000000000,1584.620000000000,1584.440000000000,1584.460000000000,0.120000000000,0.180000000000,0.040000000000,0.020000000000,-0.000075729846,BAIXA,1584.460000000000,1584.660000000000,1584.400000000000,1584.660000000000,0.200000000000,0.260000000000,0.000000000000,0.060000000000,0.000126225970,ALTA,1584.660000000000,1584.790000000000,1584.620000000000,1584.770000000000,0.110000000000,0.170000000000,0.020000000000,0.040000000000,0.000069415521,ALTA,1584.770000000000,1585.060000000000,1584.770000000000,1585.060000000000,0.290000000000,0.290000000000,0.000000000000,0.000000000000,0.000182991854,ALTA,1585.060000000000,1585.320000000000,1585.060000000000,1585.290000000000,0.230000000000,0.260000000000,0.030000000000,0.000000000000,0.000145104917,ALTA,1585.290000000000,1585.550000000000,1585.290000000000,1585.490000000000,0.200000000000,0.260000000000,0.060000000000,0.000000000000,0.000126159882,ALTA,1585.490000000000,1585.490000000000,1585.410000000000,1585.420000000000,0.070000000000,0.080000000000,0.000000000000,0.010000000000,-0.000044150389,BAIXA,1585.390000000000,1585.590000000000,1585.310000000000,1585.590000000000,0.200000000000,0.280000000000,0.000000000000,0.080000000000,0.000126151925,ALTA,1585.620000000000,1585.620000000000,1585.450000000000,1585.510000000000,0.110000000000,0.170000000000,0.000000000000,0.060000000000,-0.000069373494,BAIXA,71.300448430501,1585.460000000000,1585.081000000000,1584.847000000000,1585.399214015662,1585.181985192623,1584.978985341283,0.000012614397,0.000283900925,0.000713212739,0.224285714286,0.000141459666,0.000085843964,0.000085587254,1585.081000000000,1585.905739959017,1584.256260040983,0.001040628156,0.760081978149,1584.360000000000,1585.620000000000,0.000725318667,0.000069378307,0.000031535594,0.000270575398,0.000418161979,0.000256069025,0.000224533431,7,3,0,0.000725845136,0.784271216848,0.081645790981,0.134082992171,0.000137545130,1,-1,0.647058823529,0.000000000000,0.352941176471,0.352941176471,1585.510000000000,1585.640000000000,CIMA,1789070010000
"USDARS_otc","2026-09-10 16:51:15","2026-09-10 16:53:30",1584.580000000000,1584.620000000000,1584.440000000000,1584.460000000000,0.120000000000,0.180000000000,0.040000000000,0.020000000000,-0.000075729846,BAIXA,1584.460000000000,1584.660000000000,1584.400000000000,1584.660000000000,0.200000000000,0.260000000000,0.000000000000,0.060000000000,0.000126225970,ALTA,1584.660000000000,1584.790000000000,1584.620000000000,1584.770000000000,0.110000000000,0.170000000000,0.020000000000,0.040000000000,0.000069415521,ALTA,1584.770000000000,1585.060000000000,1584.770000000000,1585.060000000000,0.290000000000,0.290000000000,0.000000000000,0.000000000000,0.000182991854,ALTA,1585.060000000000,1585.320000000000,1585.060000000000,1585.290000000000,0.230000000000,0.260000000000,0.030000000000,0.000000000000,0.000145104917,ALTA,1585.290000000000,1585.550000000000,1585.290000000000,1585.490000000000,0.200000000000,0.260000000000,0.060000000000,0.000000000000,0.000126159882,ALTA,1585.490000000000,1585.490000000000,1585.410000000000,1585.420000000000,0.070000000000,0.080000000000,0.000000000000,0.010000000000,-0.000044150389,BAIXA,1585.390000000000,1585.590000000000,1585.310000000000,1585.590000000000,0.200000000000,0.280000000000,0.000000000000,0.080000000000,0.000126151925,ALTA,1585.620000000000,1585.620000000000,1585.450000000000,1585.510000000000,0.110000000000,0.170000000000,0.000000000000,0.060000000000,-0.000069373494,BAIXA,1585.510000000000,1585.670000000000,1585.510000000000,1585.640000000000,0.130000000000,0.160000000000,0.030000000000,0.000000000000,0.000081992545,ALTA,72.765957446817,1585.530000000000,1585.189000000000,1584.873500000000,1585.479415864710,1585.265260612146,1585.041939118304,0.000138764491,0.000220779794,0.000681577220,0.222857142857,0.000140547125,0.000076004411,0.000084543610,1585.189000000000,1585.995198486726,1584.382801513274,0.001017163867,0.779707793692,1584.400000000000,1585.670000000000,0.000782018617,0.000018919805,0.000069372619,0.000284427739,0.000483401024,0.000204333897,0.000228298983,7,3,0,0.000668946976,0.778564695109,0.087352312720,0.134082992171,0.000133119618,1,1,0.812500000000,0.187500000000,0.000000000000,0.812500000000,1585.640000000000,1585.430000000000,BAIXO,1789070025000
"USDARS_otc","2026-09-10 16:51:30","2026-09-10 16:53:45",1584.460000000000,1584.660000000000,1584.400000000000,1584.660000000000,0.200000000000,0.260000000000,0.000000000000,0.060000000000,0.000126225970,ALTA,1584.660000000000,1584.790000000000,1584.620000000000,1584.770000000000,0.110000000000,0.170000000000,0.020000000000,0.040000000000,0.000069415521,ALTA,1584.770000000000,1585.060000000000,1584.770000000000,1585.060000000000,0.290000000000,0.290000000000,0.000000000000,0.000000000000,0.000182991854,ALTA,1585.060000000000,1585.320000000000,1585.060000000000,1585.290000000000,0.230000000000,0.260000000000,0.030000000000,0.000000000000,0.000145104917,ALTA,1585.290000000000,1585.550000000000,1585.290000000000,1585.490000000000,0.200000000000,0.260000000000,0.060000000000,0.000000000000,0.000126159882,ALTA,1585.490000000000,1585.490000000000,1585.410000000000,1585.420000000000,0.070000000000,0.080000000000,0.000000000000,0.010000000000,-0.000044150389,BAIXA,1585.390000000000,1585.590000000000,1585.310000000000,1585.590000000000,0.200000000000,0.280000000000,0.000000000000,0.080000000000,0.000126151925,ALTA,1585.620000000000,1585.620000000000,1585.450000000000,1585.510000000000,0.110000000000,0.170000000000,0.000000000000,0.060000000000,-0.000069373494,BAIXA,1585.510000000000,1585.670000000000,1585.510000000000,1585.640000000000,0.130000000000,0.160000000000,0.030000000000,0.000000000000,0.000081992545,ALTA,1585.600000000000,1585.620000000000,1585.410000000000,1585.430000000000,0.170000000000,0.210000000000,0.020000000000,0.020000000000,-0.000107214934,BAIXA,71.548117154814,1585.518000000000,1585.286000000000,1584.899500000000,1585.462898800507,1585.295213228120,1585.078897297513,-0.000100908810,-0.000037843190,0.000612195953,0.220000000000,0.000138763616,0.000089408275,0.000096954167,1585.286000000000,1585.936366050774,1584.635633949225,0.000820503115,0.610706885629,1584.400000000000,1585.670000000000,0.000649666021,0.000151378490,-0.000055505446,0.000090827094,0.000334609538,0.000093350069,0.000200576500,7,3,0,0.000612195953,0.792850409394,0.074653900021,0.132495690584,0.000135004338,1,-1,0.809523809524,0.095238095238,0.095238095238,0.095238095238,1585.430000000000,1585.900000000000,CIMA,1789070040000
"USDARS_otc","2026-09-10 16:51:45","2026-09-10 16:54:00",1584.660000000000,1584.790000000000,1584.620000000000,1584.770000000000,0.110000000000,0.170000000000,0.020000000000,0.040000000000,0.000069415521,ALTA,1584.770000000000,1585.060000000000,1584.770000000000,1585.060000000000,0.290000000000,0.290000000000,0.000000000000,0.000000000000,0.000182991854,ALTA,1585.060000000000,1585.320000000000,1585.060000000000,1585.290000000000,0.230000000000,0.260000000000,0.030000000000,0.000000000000,0.000145104917,ALTA,1585.290000000000,1585.550000000000,1585.290000000000,1585.490000000000,0.200000000000,0.260000000000,0.060000000000,0.000000000000,0.000126159882,ALTA,1585.490000000000,1585.490000000000,1585.410000000000,1585.420000000000,0.070000000000,0.080000000000,0.000000000000,0.010000000000,-0.000044150389,BAIXA,1585.390000000000,1585.590000000000,1585.310000000000,1585.590000000000,0.200000000000,0.280000000000,0.000000000000,0.080000000000,0.000126151925,ALTA,1585.620000000000,1585.620000000000,1585.450000000000,1585.510000000000,0.110000000000,0.170000000000,0.000000000000,0.060000000000,-0.000069373494,BAIXA,1585.510000000000,1585.670000000000,1585.510000000000,1585.640000000000,0.130000000000,0.160000000000,0.030000000000,0.000000000000,0.000081992545,ALTA,1585.600000000000,1585.620000000000,1585.410000000000,1585.430000000000,0.170000000000,0.210000000000,0.020000000000,0.020000000000,-0.000107214934,BAIXA,1585.430000000000,1585.930000000000,1585.430000000000,1585.900000000000,0.470000000000,0.500000000000,0.030000000000,0.000000000000,0.000296449544,ALTA,82.575757575762,1585.614000000000,1585.410000000000,1584.956500000000,1585.608554091039,1585.405174459370,1585.157097554893,0.000245977635,0.000302758890,0.000782502240,0.238571428571,0.000150432832,0.000146869821,0.000119253905,1585.410000000000,1586.006254979015,1584.813745020985,0.000752177644,0.910898036281,1584.620000000000,1585.930000000000,0.000807112680,0.000018916703,0.000180339240,0.000308972823,0.000594930323,0.000097105744,0.000207453181,7,3,0,0.000782502240,0.809927332471,0.080653900021,0.109418767507,0.000150132148,1,1,0.940000000000,0.060000000000,0.000000000000,0.940000000000,1585.900000000000,1585.710000000000,BAIXO,1789070055000
"USDARS_otc","2026-09-10 16:52:00","2026-09-10 16:54:15",1584.770000000000,1585.060000000000,1584.770000000000,1585.060000000000,0.290000000000,0.290000000000,0.000000000000,0.000000000000,0.000182991854,ALTA,1585.060000000000,1585.320000000000,1585.060000000000,1585.290000000000,0.230000000000,0.260000000000,0.030000000000,0.000000000000,0.000145104917,ALTA,1585.290000000000,1585.550000000000,1585.290000000000,1585.490000000000,0.200000000000,0.260000000000,0.060000000000,0.000000000000,0.000126159882,ALTA,1585.490000000000,1585.490000000000,1585.410000000000,1585.420000000000,0.070000000000,0.080000000000,0.000000000000,0.010000000000,-0.000044150389,BAIXA,1585.390000000000,1585.590000000000,1585.310000000000,1585.590000000000,0.200000000000,0.280000000000,0.000000000000,0.080000000000,0.000126151925,ALTA,1585.620000000000,1585.620000000000,1585.450000000000,1585.510000000000,0.110000000000,0.170000000000,0.000000000000,0.060000000000,-0.000069373494,BAIXA,1585.510000000000,1585.670000000000,1585.510000000000,1585.640000000000,0.130000000000,0.160000000000,0.030000000000,0.000000000000,0.000081992545,ALTA,1585.600000000000,1585.620000000000,1585.410000000000,1585.430000000000,0.170000000000,0.210000000000,0.020000000000,0.020000000000,-0.000107214934,BAIXA,1585.430000000000,1585.930000000000,1585.430000000000,1585.900000000000,0.470000000000,0.500000000000,0.030000000000,0.000000000000,0.000296449544,ALTA,1585.900000000000,1585.970000000000,1585.710000000000,1585.710000000000,0.190000000000,0.260000000000,0.070000000000,0.000000000000,-0.000119805789,BAIXA,75.285171102664,1585.638000000000,1585.504000000000,1585.011500000000,1585.642381423173,1585.460597284939,1585.209754930618,0.000044146212,0.000075681607,0.000593146009,0.237857142857,0.000150000405,0.000159935467,0.000133332242,1585.504000000000,1585.942561284201,1585.065438715799,0.000553213722,0.734858852595,1584.770000000000,1585.970000000000,0.000592794395,0.000163964407,0.000045405528,0.000129910261,0.000440496686,0.000068108292,0.000198649186,6,4,0,0.000593146009,0.818298373195,0.095812271062,0.085889355742,0.000155798771,1,-1,0.730769230769,0.269230769231,0.000000000000,0.000000000000,1585.710000000000,1585.410000000000,BAIXO,1789070070000
"USDARS_otc","2026-09-10 16:52:15","2026-09-10 16:54:30",1585.060000000000,1585.320000000000,1585.060000000000,1585.290000000000,0.230000000000,0.260000000000,0.030000000000,0.000000000000,0.000145104917,ALTA,1585.290000000000,1585.550000000000,1585.290000000000,1585.490000000000,0.200000000000,0.260000000000,0.060000000000,0.000000000000,0.000126159882,ALTA,1585.490000000000,1585.490000000000,1585.410000000000,1585.420000000000,0.070000000000,0.080000000000,0.000000000000,0.010000000000,-0.000044150389,BAIXA,1585.390000000000,1585.590000000000,1585.310000000000,1585.590000000000,0.200000000000,0.280000000000,0.000000000000,0.080000000000,0.000126151925,ALTA,1585.620000000000,1585.620000000000,1585.450000000000,1585.510000000000,0.110000000000,0.170000000000,0.000000000000,0.060000000000,-0.000069373494,BAIXA,1585.510000000000,1585.670000000000,1585.510000000000,1585.640000000000,0.130000000000,0.160000000000,0.030000000000,0.000000000000,0.000081992545,ALTA,1585.600000000000,1585.620000000000,1585.410000000000,1585.430000000000,0.170000000000,0.210000000000,0.020000000000,0.020000000000,-0.000107214934,BAIXA,1585.430000000000,1585.930000000000,1585.430000000000,1585.900000000000,0.470000000000,0.500000000000,0.030000000000,0.000000000000,0.000296449544,ALTA,1585.900000000000,1585.970000000000,1585.710000000000,1585.710000000000,0.190000000000,0.260000000000,0.070000000000,0.000000000000,-0.000119805789,BAIXA,1585.710000000000,1585.820000000000,1585.410000000000,1585.410000000000,0.300000000000,0.410000000000,0.110000000000,0.000000000000,-0.000189189701,BAIXA,65.454545454549,1585.618000000000,1585.539000000000,1585.049500000000,1585.564893883203,1585.451397778587,1585.228825889606,-0.000012614874,-0.000063071188,0.000220811830,0.250714285714,0.000158138454,0.000179720712,0.000145043482,1585.539000000000,1585.873837273911,1585.204162726089,0.000422363971,0.307369116208,1585.060000000000,1585.970000000000,0.000220763083,0.000353220933,-0.000131196347,-0.000081366965,0.000227385976,0.000063075167,0.000159580172,5,5,0,0.000220811830,0.791469104903,0.122641539355,0.085889355742,0.000163355511,2,-1,0.731707317073,0.268292682927,0.000000000000,0.000000000000,1585.410000000000,1585.350000000000,BAIXO,1789070085000
"USDARS_otc","2026-09-10 16:52:30","2026-09-10 16:54:45",1585.290000000000,1585.550000000000,1585.290000000000,1585.490000000000,0.200000000000,0.260000000000,0.060000000000,0.000000000000,0.000126159882,ALTA,1585.490000000000,1585.490000000000,1585.410000000000,1585.420000000000,0.070000000000,0.080000000000,0.000000000000,0.010000000000,-0.000044150389,BAIXA,1585.390000000000,1585.590000000000,1585.310000000000,1585.590000000000,0.200000000000,0.280000000000,0.000000000000,0.080000000000,0.000126151925,ALTA,1585.620000000000,1585.620000000000,1585.450000000000,1585.510000000000,0.110000000000,0.170000000000,0.000000000000,0.060000000000,-0.000069373494,BAIXA,1585.510000000000,1585.670000000000,1585.510000000000,1585.640000000000,0.130000000000,0.160000000000,0.030000000000,0.000000000000,0.000081992545,ALTA,1585.600000000000,1585.620000000000,1585.410000000000,1585.430000000000,0.170000000000,0.210000000000,0.020000000000,0.020000000000,-0.000107214934,BAIXA,1585.430000000000,1585.930000000000,1585.430000000000,1585.900000000000,0.470000000000,0.500000000000,0.030000000000,0.000000000000,0.000296449544,ALTA,1585.900000000000,1585.970000000000,1585.710000000000,1585.710000000000,0.190000000000,0.260000000000,0.070000000000,0.000000000000,-0.000119805789,BAIXA,1585.710000000000,1585.820000000000,1585.410000000000,1585.410000000000,0.300000000000,0.410000000000,0.110000000000,0.000000000000,-0.000189189701,BAIXA,1585.520000000000,1585.520000000000,1585.320000000000,1585.350000000000,0.170000000000,0.200000000000,0.000000000000,0.030000000000,-0.000107220344,BAIXA,66.420664206639,1585.560000000000,1585.545000000000,1585.089000000000,1585.493265596088,1585.432961818844,1585.240366281072,-0.000346806230,-0.000182891451,0.000037847965,0.252142857143,0.000159045546,0.000173387086,0.000139817171,1585.545000000000,1585.863527863773,1585.226472136226,0.000401789749,0.193904329609,1585.290000000000,1585.970000000000,0.000037846532,0.000391080834,-0.000132462863,-0.000123001230,0.000164632416,-0.000034061879,0.000085154698,4,6,0,0.000037847965,0.788007566441,0.111103077816,0.100889355742,0.000159566505,3,-1,0.850000000000,0.000000000000,0.150000000000,0.150000000000,1585.350000000000,1585.570000000000,CIMA,1789070100000
"USDARS_otc","2026-09-10 16:52:45","2026-09-10 16:55:00",1585.490000000000,1585.490000000000,1585.410000000000,1585.420000000000,0.070000000000,0.080000000000,0.000000000000,0.010000000000,-0.000044150389,BAIXA,1585.390000000000,1585.590000000000,1585.310000000000,1585.590000000000,0.200000000000,0.280000000000,0.000000000000,0.080000000000,0.000126151925,ALTA,1585.620000000000,1585.620000000000,1585.450000000000,1585.510000000000,0.110000000000,0.170000000000,0.000000000000,0.060000000000,-0.000069373494,BAIXA,1585.510000000000,1585.670000000000,1585.510000000000,1585.640000000000,0.130000000000,0.160000000000,0.030000000000,0.000000000000,0.000081992545,ALTA,1585.600000000000,1585.620000000000,1585.410000000000,1585.430000000000,0.170000000000,0.210000000000,0.020000000000,0.020000000000,-0.000107214934,BAIXA,1585.430000000000,1585.930000000000,1585.430000000000,1585.900000000000,0.470000000000,0.500000000000,0.030000000000,0.000000000000,0.000296449544,ALTA,1585.900000000000,1585.970000000000,1585.710000000000,1585.710000000000,0.190000000000,0.260000000000,0.070000000000,0.000000000000,-0.000119805789,BAIXA,1585.710000000000,1585.820000000000,1585.410000000000,1585.410000000000,0.300000000000,0.410000000000,0.110000000000,0.000000000000,-0.000189189701,BAIXA,1585.520000000000,1585.520000000000,1585.320000000000,1585.350000000000,0.170000000000,0.200000000000,0.000000000000,0.030000000000,-0.000107220344,BAIXA,1585.350000000000,1585.570000000000,1585.330000000000,1585.570000000000,0.220000000000,0.240000000000,0.000000000000,0.020000000000,0.000138770618,ALTA,66.666666666664,1585.588000000000,1585.553000000000,1585.139000000000,1585.518792606854,1585.457877851781,1585.271759968589,-0.000088288527,0.000088304119,0.000050457587,0.250714285714,0.000158122496,0.000177288380,0.000140967292,1585.553000000000,1585.869613328842,1585.236386671159,0.000399372747,0.526846627181,1585.310000000000,1585.970000000000,0.000163978885,0.000252275207,-0.000011352384,0.000010721696,0.000271826536,-0.000031534401,0.000030903713,4,6,0,0.000050457587,0.802751156185,0.088026154739,0.109222689076,0.000158304333,1,1,0.916666666667,0.000000000000,0.083333333333,1.000000000000,1585.570000000000,1585.540000000000,BAIXO,1789070115000
"USDARS_otc","2026-09-10 16:53:00","2026-09-10 16:55:15",1585.390000000000,1585.590000000000,1585.310000000000,1585.590000000000,0.200000000000,0.280000000000,0.000000000000,0.080000000000,0.000126151925,ALTA,1585.620000000000,1585.620000000000,1585.450000000000,1585.510000000000,0.110000000000,0.170000000000,0.000000000000,0.060000000000,-0.000069373494,BAIXA,1585.510000000000,1585.670000000000,1585.510000000000,1585.640000000000,0.130000000000,0.160000000000,0.030000000000,0.000000000000,0.000081992545,ALTA,1585.600000000000,1585.620000000000,1585.410000000000,1585.430000000000,0.170000000000,0.210000000000,0.020000000000,0.020000000000,-0.000107214934,BAIXA,1585.430000000000,1585.930000000000,1585.430000000000,1585.900000000000,0.470000000000,0.500000000000,0.030000000000,0.000000000000,0.000296449544,ALTA,1585.900000000000,1585.970000000000,1585.710000000000,1585.710000000000,0.190000000000,0.260000000000,0.070000000000,0.000000000000,-0.000119805789,BAIXA,1585.710000000000,1585.820000000000,1585.410000000000,1585.410000000000,0.300000000000,0.410000000000,0.110000000000,0.000000000000,-0.000189189701,BAIXA,1585.520000000000,1585.520000000000,1585.320000000000,1585.350000000000,0.170000000000,0.200000000000,0.000000000000,0.030000000000,-0.000107220344,BAIXA,1585.350000000000,1585.570000000000,1585.330000000000,1585.570000000000,0.220000000000,0.240000000000,0.000000000000,0.020000000000,0.000138770618,ALTA,1585.610000000000,1585.690000000000,1585.490000000000,1585.540000000000,0.070000000000,0.200000000000,0.080000000000,0.050000000000,-0.000044147048,BAIXA,64.528301886792,1585.516000000000,1585.565000000000,1585.196000000000,1585.525795577597,1585.472809151457,1585.297306638247,0.000081997717,-0.000227000441,0.000075689723,0.252857142857,0.000159476988,0.000110352842,0.000140288187,1585.565000000000,1585.869401051246,1585.260598948753,0.000383965402,0.458935752854,1585.310000000000,1585.970000000000,0.000145060989,0.000271200979,0.000015136799,-0.000015767499,0.000216960783,-0.000064331395,0.000016398199,4,6,0,0.000094613944,0.750251156185,0.128026154740,0.121722689076,0.000165872016,1,-1,0.350000000000,0.400000000001,0.250000000000,0.250000000000,1585.540000000000,1585.660000000000,CIMA,1789070130000
"USDARS_otc","2026-09-10 16:53:15","2026-09-10 16:55:30",1585.620000000000,1585.620000000000,1585.450000000000,1585.510000000000,0.110000000000,0.170000000000,0.000000000000,0.060000000000,-0.000069373494,BAIXA,1585.510000000000,1585.670000000000,1585.510000000000,1585.640000000000,0.130000000000,0.160000000000,0.030000000000,0.000000000000,0.000081992545,ALTA,1585.600000000000,1585.620000000000,1585.410000000000,1585.430000000000,0.170000000000,0.210000000000,0.020000000000,0.020000000000,-0.000107214934,BAIXA,1585.430000000000,1585.930000000000,1585.430000000000,1585.900000000000,0.470000000000,0.500000000000,0.030000000000,0.000000000000,0.000296449544,ALTA,1585.900000000000,1585.970000000000,1585.710000000000,1585.710000000000,0.190000000000,0.260000000000,0.070000000000,0.000000000000,-0.000119805789,BAIXA,1585.710000000000,1585.820000000000,1585.410000000000,1585.410000000000,0.300000000000,0.410000000000,0.110000000000,0.000000000000,-0.000189189701,BAIXA,1585.520000000000,1585.520000000000,1585.320000000000,1585.350000000000,0.170000000000,0.200000000000,0.000000000000,0.030000000000,-0.000107220344,BAIXA,1585.350000000000,1585.570000000000,1585.330000000000,1585.570000000000,0.220000000000,0.240000000000,0.000000000000,0.020000000000,0.000138770618,ALTA,1585.610000000000,1585.690000000000,1585.490000000000,1585.540000000000,0.070000000000,0.200000000000,0.080000000000,0.050000000000,-0.000044147048,BAIXA,1585.540000000000,1585.690000000000,1585.410000000000,1585.660000000000,0.120000000000,0.280000000000,0.030000000000,0.130000000000,0.000075683994,ALTA,62.096774193550,1585.506000000000,1585.572000000000,1585.270000000000,1585.570590530797,1585.506843851192,1585.331848863176,0.000195540417,-0.000031531617,0.000044147604,0.252142857143,0.000159014453,0.000111686952,0.000138353451,1585.572000000000,1585.881554518623,1585.262445481377,0.000390464159,0.642139743899,1585.320000000000,1585.970000000000,0.000214421755,0.000195502188,0.000097120442,0.000055497395,0.000245954366,-0.000034055220,0.000017027610,4,6,0,0.000025226725,0.721679727613,0.138740440454,0.139579831933,0.000165870346,1,1,0.428571428572,0.107142857143,0.464285714285,0.892857142857,1585.660000000000,1585.960000000000,CIMA,1789070145000
"USDARS_otc","2026-09-10 16:53:30","2026-09-10 16:55:45",1585.510000000000,1585.670000000000,1585.510000000000,1585.640000000000,0.130000000000,0.160000000000,0.030000000000,0.000000000000,0.000081992545,ALTA,1585.600000000000,1585.620000000000,1585.410000000000,1585.430000000000,0.170000000000,0.210000000000,0.020000000000,0.020000000000,-0.000107214934,BAIXA,1585.430000000000,1585.930000000000,1585.430000000000,1585.900000000000,0.470000000000,0.500000000000,0.030000000000,0.000000000000,0.000296449544,ALTA,1585.900000000000,1585.970000000000,1585.710000000000,1585.710000000000,0.190000000000,0.260000000000,0.070000000000,0.000000000000,-0.000119805789,BAIXA,1585.710000000000,1585.820000000000,1585.410000000000,1585.410000000000,0.300000000000,0.410000000000,0.110000000000,0.000000000000,-0.000189189701,BAIXA,1585.520000000000,1585.520000000000,1585.320000000000,1585.350000000000,0.170000000000,0.200000000000,0.000000000000,0.030000000000,-0.000107220344,BAIXA,1585.350000000000,1585.570000000000,1585.330000000000,1585.570000000000,0.220000000000,0.240000000000,0.000000000000,0.020000000000,0.000138770618,ALTA,1585.610000000000,1585.690000000000,1585.490000000000,1585.540000000000,0.070000000000,0.200000000000,0.080000000000,0.050000000000,-0.000044147048,BAIXA,1585.540000000000,1585.690000000000,1585.410000000000,1585.660000000000,0.120000000000,0.280000000000,0.030000000000,0.130000000000,0.000075683994,ALTA,1585.720000000000,1585.980000000000,1585.690000000000,1585.960000000000,0.240000000000,0.290000000000,0.020000000000,0.030000000000,0.000151350806,ALTA,63.137254901961,1585.616000000000,1585.617000000000,1585.349000000000,1585.700447818357,1585.589235878248,1585.391672780969,0.000245968327,0.000346913417,0.000283820348,0.256428571429,0.000161686658,0.000087755133,0.000147242103,1585.617000000000,1585.999627756442,1585.234372243558,0.000482623176,0.948216307136,1585.320000000000,1585.980000000000,0.000403541073,0.000012610659,0.000216903327,0.000216272794,0.000385255618,0.000017654922,0.000040354107,5,5,0,0.000283820348,0.739732465950,0.145636992178,0.114630541872,0.000173437210,2,1,0.827586206897,0.068965517241,0.103448275862,0.931034482759,1585.960000000000,1585.950000000000,BAIXO,1789070160000
"USDARS_otc","2026-09-10 16:53:45","2026-09-10 16:56:00",1585.600000000000,1585.620000000000,1585.410000000000,1585.430000000000,0.170000000000,0.210000000000,0.020000000000,0.020000000000,-0.000107214934,BAIXA,1585.430000000000,1585.930000000000,1585.430000000000,1585.900000000000,0.470000000000,0.500000000000,0.030000000000,0.000000000000,0.000296449544,ALTA,1585.900000000000,1585.970000000000,1585.710000000000,1585.710000000000,0.190000000000,0.260000000000,0.070000000000,0.000000000000,-0.000119805789,BAIXA,1585.710000000000,1585.820000000000,1585.410000000000,1585.410000000000,0.300000000000,0.410000000000,0.110000000000,0.000000000000,-0.000189189701,BAIXA,1585.520000000000,1585.520000000000,1585.320000000000,1585.350000000000,0.170000000000,0.200000000000,0.000000000000,0.030000000000,-0.000107220344,BAIXA,1585.350000000000,1585.570000000000,1585.330000000000,1585.570000000000,0.220000000000,0.240000000000,0.000000000000,0.020000000000,0.000138770618,ALTA,1585.610000000000,1585.690000000000,1585.490000000000,1585.540000000000,0.070000000000,0.200000000000,0.080000000000,0.050000000000,-0.000044147048,BAIXA,1585.540000000000,1585.690000000000,1585.410000000000,1585.660000000000,0.120000000000,0.280000000000,0.030000000000,0.130000000000,0.000075683994,ALTA,1585.720000000000,1585.980000000000,1585.690000000000,1585.960000000000,0.240000000000,0.290000000000,0.020000000000,0.030000000000,0.000151350806,ALTA,1585.960000000000,1586.210000000000,1585.950000000000,1585.950000000000,0.010000000000,0.260000000000,0.250000000000,0.000000000000,-0.000006305329,BAIXA,59.745762711865,1585.736000000000,1585.648000000000,1585.418500000000,1585.783601806039,1585.654809759977,1585.444846801829,0.000258586980,0.000378465323,0.000195504654,0.256428571429,0.000161687677,0.000080668591,0.000146408032,1585.648000000000,1586.080092582672,1585.215907417328,0.000545004418,0.849462143197,1585.320000000000,1586.210000000000,0.000397238248,0.000163939595,0.000134934897,0.000190422144,0.000335130364,0.000138718118,0.000052334563,4,6,0,0.000220736630,0.662328619796,0.223040838332,0.114630541872,0.000179739676,1,-1,0.038461538462,0.961538461538,0.000000000000,0.000000000000,1585.950000000000,1586.080000000000,CIMA,1789070175000
"USDARS_otc","2026-09-10 16:54:00","2026-09-10 16:56:15",1585.430000000000,1585.930000000000,1585.430000000000,1585.900000000000,0.470000000000,0.500000000000,0.030000000000,0.000000000000,0.000296449544,ALTA,1585.900000000000,1585.970000000000,1585.710000000000,1585.710000000000,0.190000000000,0.260000000000,0.070000000000,0.000000000000,-0.000119805789,BAIXA,1585.710000000000,1585.820000000000,1585.410000000000,1585.410000000000,0.300000000000,0.410000000000,0.110000000000,0.000000000000,-0.000189189701,BAIXA,1585.520000000000,1585.520000000000,1585.320000000000,1585.350000000000,0.170000000000,0.200000000000,0.000000000000,0.030000000000,-0.000107220344,BAIXA,1585.350000000000,1585.570000000000,1585.330000000000,1585.570000000000,0.220000000000,0.240000000000,0.000000000000,0.020000000000,0.000138770618,ALTA,1585.610000000000,1585.690000000000,1585.490000000000,1585.540000000000,0.070000000000,0.200000000000,0.080000000000,0.050000000000,-0.000044147048,BAIXA,1585.540000000000,1585.690000000000,1585.410000000000,1585.660000000000,0.120000000000,0.280000000000,0.030000000000,0.130000000000,0.000075683994,ALTA,1585.720000000000,1585.980000000000,1585.690000000000,1585.960000000000,0.240000000000,0.290000000000,0.020000000000,0.030000000000,0.000151350806,ALTA,1585.960000000000,1586.210000000000,1585.950000000000,1585.950000000000,0.010000000000,0.260000000000,0.250000000000,0.000000000000,-0.000006305329,BAIXA,1585.950000000000,1586.140000000000,1585.910000000000,1586.080000000000,0.130000000000,0.230000000000,0.060000000000,0.040000000000,0.000081969797,ALTA,63.636363636360,1585.838000000000,1585.713000000000,1585.499500000000,1585.882461349758,1585.732133405472,1585.505337582607,0.000264873933,0.000321650889,0.000409983411,0.267142857143,0.000168429623,0.000074768348,0.000138038998,1585.713000000000,1586.187809435458,1585.238190564542,0.000598859233,0.886470837133,1585.320000000000,1586.210000000000,0.000479168768,0.000081963079,0.000152577424,0.000231388076,0.000365996671,0.000209321094,0.000088898416,5,5,0,0.000409983411,0.637897977974,0.239603985330,0.122498036696,0.000180997827,1,1,0.565217391304,0.260869565218,0.173913043478,0.739130434782,1586.080000000000,1585.720000000000,BAIXO,1789070190000
"USDARS_otc","2026-09-10 16:54:15","2026-09-10 16:56:30",1585.900000000000,1585.970000000000,1585.710000000000,1585.710000000000,0.190000000000,0.260000000000,0.070000000000,0.000000000000,-0.000119805789,BAIXA,1585.710000000000,1585.820000000000,1585.410000000000,1585.410000000000,0.300000000000,0.410000000000,0.110000000000,0.000000000000,-0.000189189701,BAIXA,1585.520000000000,1585.520000000000,1585.320000000000,1585.350000000000,0.170000000000,0.200000000000,0.000000000000,0.030000000000,-0.000107220344,BAIXA,1585.350000000000,1585.570000000000,1585.330000000000,1585.570000000000,0.220000000000,0.240000000000,0.000000000000,0.020000000000,0.000138770618,ALTA,1585.610000000000,1585.690000000000,1585.490000000000,1585.540000000000,0.070000000000,0.200000000000,0.080000000000,0.050000000000,-0.000044147048,BAIXA,1585.540000000000,1585.690000000000,1585.410000000000,1585.660000000000,0.120000000000,0.280000000000,0.030000000000,0.130000000000,0.000075683994,ALTA,1585.720000000000,1585.980000000000,1585.690000000000,1585.960000000000,0.240000000000,0.290000000000,0.020000000000,0.030000000000,0.000151350806,ALTA,1585.960000000000,1586.210000000000,1585.950000000000,1585.950000000000,0.010000000000,0.260000000000,0.250000000000,0.000000000000,-0.000006305329,BAIXA,1585.950000000000,1586.140000000000,1585.910000000000,1586.080000000000,0.130000000000,0.230000000000,0.060000000000,0.040000000000,0.000081969797,ALTA,1586.080000000000,1586.120000000000,1585.710000000000,1585.720000000000,0.360000000000,0.410000000000,0.040000000000,0.010000000000,-0.000226974680,BAIXA,52.490421455941,1585.874000000000,1585.695000000000,1585.552500000000,1585.828340646658,1585.729894673495,1585.525781622359,-0.000151327902,0.000113525991,-0.000113500221,0.276428571429,0.000174323696,0.000139441581,0.000130271500,1585.695000000000,1586.153453923530,1585.236546076470,0.000578237206,0.527265553545,1585.320000000000,1586.210000000000,0.000252251343,0.000309007895,-0.000097116767,0.000015765709,0.000105630250,0.000162702116,0.000049189012,4,6,0,-0.000113500221,0.631702856023,0.243360082891,0.124937061086,0.000175310535,1,-1,0.878048780488,0.097560975610,0.024390243902,0.024390243902,1585.720000000000,1585.480000000000,BAIXO,1789070205000
"USDARS_otc","2026-09-10 16:54:30","2026-09-10 16:56:45",1585.710000000000,1585.820000000000,1585.410000000000,1585.410000000000,0.300000000000,0.410000000000,0.110000000000,0.000000000000,-0.000189189701,BAIXA,1585.520000000000,1585.520000000000,1585.320000000000,1585.350000000000,0.170000000000,0.200000000000,0.000000000000,0.030000000000,-0.000107220344,BAIXA,1585.350000000000,1585.570000000000,1585.330000000000,1585.570000000000,0.220000000000,0.240000000000,0.000000000000,0.020000000000,0.000138770618,ALTA,1585.610000000000,1585.690000000000,1585.490000000000,1585.540000000000,0.070000000000,0.200000000000,0.080000000000,0.050000000000,-0.000044147048,BAIXA,1585.540000000000,1585.690000000000,1585.410000000000,1585.660000000000,0.120000000000,0.280000000000,0.030000000000,0.130000000000,0.000075683994,ALTA,1585.720000000000,1585.980000000000,1585.690000000000,1585.960000000000,0.240000000000,0.290000000000,0.020000000000,0.030000000000,0.000151350806,ALTA,1585.960000000000,1586.210000000000,1585.950000000000,1585.950000000000,0.010000000000,0.260000000000,0.250000000000,0.000000000000,-0.000006305329,BAIXA,1585.950000000000,1586.140000000000,1585.910000000000,1586.080000000000,0.130000000000,0.230000000000,0.060000000000,0.040000000000,0.000081969797,ALTA,1586.080000000000,1586.120000000000,1585.710000000000,1585.720000000000,0.360000000000,0.410000000000,0.040000000000,0.010000000000,-0.000226974680,BAIXA,1585.680000000000,1585.700000000000,1585.410000000000,1585.480000000000,0.200000000000,0.290000000000,0.020000000000,0.070000000000,-0.000126128853,BAIXA,49.458483754513,1585.838000000000,1585.672000000000,1585.588000000000,1585.712314309084,1585.684452746663,1585.521421467849,-0.000296352344,-0.000113517400,-0.000145045437,0.286428571429,0.000180657322,0.000151263677,0.000133208556,1585.672000000000,1586.147882338399,1585.196117661601,0.000600227964,0.298269462315,1585.320000000000,1586.210000000000,0.000100915811,0.000460428388,-0.000225799127,-0.000121098973,-0.000068118172,0.000064333830,0.000015137372,4,6,0,-0.000145045437,0.627591450188,0.223333557692,0.149074992121,0.000177204743,2,-1,0.689655172414,0.068965517241,0.241379310345,0.241379310345,1585.480000000000,1585.420000000000,BAIXO,1789070220000
"USDARS_otc","2026-09-10 16:54:45","2026-09-10 16:57:00",1585.520000000000,1585.520000000000,1585.320000000000,1585.350000000000,0.170000000000,0.200000000000,0.000000000000,0.030000000000,-0.000107220344,BAIXA,1585.350000000000,1585.570000000000,1585.330000000000,1585.570000000000,0.220000000000,0.240000000000,0.000000000000,0.020000000000,0.000138770618,ALTA,1585.610000000000,1585.690000000000,1585.490000000000,1585.540000000000,0.070000000000,0.200000000000,0.080000000000,0.050000000000,-0.000044147048,BAIXA,1585.540000000000,1585.690000000000,1585.410000000000,1585.660000000000,0.120000000000,0.280000000000,0.030000000000,0.130000000000,0.000075683994,ALTA,1585.720000000000,1585.980000000000,1585.690000000000,1585.960000000000,0.240000000000,0.290000000000,0.020000000000,0.030000000000,0.000151350806,ALTA,1585.960000000000,1586.210000000000,1585.950000000000,1585.950000000000,0.010000000000,0.260000000000,0.250000000000,0.000000000000,-0.000006305329,BAIXA,1585.950000000000,1586.140000000000,1585.910000000000,1586.080000000000,0.130000000000,0.230000000000,0.060000000000,0.040000000000,0.000081969797,ALTA,1586.080000000000,1586.120000000000,1585.710000000000,1585.720000000000,0.360000000000,0.410000000000,0.040000000000,0.010000000000,-0.000226974680,BAIXA,1585.680000000000,1585.700000000000,1585.410000000000,1585.480000000000,0.200000000000,0.290000000000,0.020000000000,0.070000000000,-0.000126128853,BAIXA,1585.480000000000,1585.550000000000,1585.360000000000,1585.420000000000,0.060000000000,0.190000000000,0.070000000000,0.060000000000,-0.000037843429,BAIXA,45.925925925925,1585.730000000000,1585.673000000000,1585.606000000000,1585.614945373648,1585.636331239183,1585.511762280434,-0.000416120246,-0.000340487780,0.000006307517,0.288571428571,0.000182015761,0.000109020040,0.000120491504,1585.673000000000,1586.146712993278,1585.199287006722,0.000597491404,0.232960670712,1585.320000000000,1586.210000000000,0.000063074769,0.000498290674,-0.000195531783,-0.000159579165,-0.000117319070,-0.000068120750,-0.000025229908,4,6,0,-0.000063070791,0.585999665849,0.233346394662,0.180653939489,0.000163332569,3,-1,0.315789473684,0.368421052631,0.315789473685,0.315789473685,1585.420000000000,1585.820000000000,CIMA,1789070235000
"USDARS_otc","2026-09-10 16:55:00","2026-09-10 16:57:15",1585.350000000000,1585.570000000000,1585.330000000000,1585.570000000000,0.220000000000,0.240000000000,0.000000000000,0.020000000000,0.000138770618,ALTA,1585.610000000000,1585.690000000000,1585.490000000000,1585.540000000000,0.070000000000,0.200000000000,0.080000000000,0.050000000000,-0.000044147048,BAIXA,1585.540000000000,1585.690000000000,1585.410000000000,1585.660000000000,0.120000000000,0.280000000000,0.030000000000,0.130000000000,0.000075683994,ALTA,1585.720000000000,1585.980000000000,1585.690000000000,1585.960000000000,0.240000000000,0.290000000000,0.020000000000,0.030000000000,0.000151350806,ALTA,1585.960000000000,1586.210000000000,1585.950000000000,1585.950000000000,0.010000000000,0.260000000000,0.250000000000,0.000000000000,-0.000006305329,BAIXA,1585.950000000000,1586.140000000000,1585.910000000000,1586.080000000000,0.130000000000,0.230000000000,0.060000000000,0.040000000000,0.000081969797,ALTA,1586.080000000000,1586.120000000000,1585.710000000000,1585.720000000000,0.360000000000,0.410000000000,0.040000000000,0.010000000000,-0.000226974680,BAIXA,1585.680000000000,1585.700000000000,1585.410000000000,1585.480000000000,0.200000000000,0.290000000000,0.020000000000,0.070000000000,-0.000126128853,BAIXA,1585.480000000000,1585.550000000000,1585.360000000000,1585.420000000000,0.060000000000,0.190000000000,0.070000000000,0.060000000000,-0.000037843429,BAIXA,1585.420000000000,1585.820000000000,1585.420000000000,1585.820000000000,0.400000000000,0.400000000000,0.000000000000,0.000000000000,0.000252299075,ALTA,56.747404844289,1585.704000000000,1585.720000000000,1585.632500000000,1585.683357061497,1585.669719027680,1585.541118253726,0.000063062836,-0.000081969797,0.000296464503,0.300714285714,0.000189626998,0.000170228696,0.000140931190,1585.720000000000,1586.147176778395,1585.292823221605,0.000538779581,0.617047560937,1585.330000000000,1586.210000000000,0.000308988410,0.000245929551,0.000073148277,0.000063058859,0.000118235361,-0.000107200061,0.000015764715,5,5,0,0.000296464503,0.600999665849,0.233346394662,0.165653939489,0.000175948319,1,1,1.000000000000,0.000000000000,0.000000000000,1.000000000000,1585.820000000000,1585.700000000000,BAIXO,1789070250000
"USDARS_otc","2026-09-10 16:55:15","2026-09-10 16:57:30",1585.610000000000,1585.690000000000,1585.490000000000,1585.540000000000,0.070000000000,0.200000000000,0.080000000000,0.050000000000,-0.000044147048,BAIXA,1585.540000000000,1585.690000000000,1585.410000000000,1585.660000000000,0.120000000000,0.280000000000,0.030000000000,0.130000000000,0.000075683994,ALTA,1585.720000000000,1585.980000000000,1585.690000000000,1585.960000000000,0.240000000000,0.290000000000,0.020000000000,0.030000000000,0.000151350806,ALTA,1585.960000000000,1586.210000000000,1585.950000000000,1585.950000000000,0.010000000000,0.260000000000,0.250000000000,0.000000000000,-0.000006305329,BAIXA,1585.950000000000,1586.140000000000,1585.910000000000,1586.080000000000,0.130000000000,0.230000000000,0.060000000000,0.040000000000,0.000081969797,ALTA,1586.080000000000,1586.120000000000,1585.710000000000,1585.720000000000,0.360000000000,0.410000000000,0.040000000000,0.010000000000,-0.000226974680,BAIXA,1585.680000000000,1585.700000000000,1585.410000000000,1585.480000000000,0.200000000000,0.290000000000,0.020000000000,0.070000000000,-0.000126128853,BAIXA,1585.480000000000,1585.550000000000,1585.360000000000,1585.420000000000,0.060000000000,0.190000000000,0.070000000000,0.060000000000,-0.000037843429,BAIXA,1585.420000000000,1585.820000000000,1585.420000000000,1585.820000000000,0.400000000000,0.400000000000,0.000000000000,0.000000000000,0.000252299075,ALTA,1585.820000000000,1585.840000000000,1585.640000000000,1585.700000000000,0.120000000000,0.200000000000,0.020000000000,0.060000000000,-0.000075670631,BAIXA,46.062992125983,1585.628000000000,1585.733000000000,1585.643000000000,1585.688883656659,1585.675139747549,1585.556249848610,0.000138759240,-0.000239584384,0.000081989442,0.279285714286,0.000176127713,0.000163561387,0.000138997721,1585.733000000000,1586.148889408377,1585.317110591623,0.000524539009,0.460325991315,1585.360000000000,1586.210000000000,0.000214416346,0.000321624519,0.000045405814,-0.000020810998,0.000035946270,-0.000132433626,0.000038468815,4,6,0,0.000056760490,0.569332999182,0.243346394662,0.187320606156,0.000173421478,1,-1,0.600000000000,0.100000000000,0.300000000000,0.300000000000,1585.700000000000,1585.600000000000,BAIXO,1789070265000
"USDARS_otc","2026-09-10 16:55:30","2026-09-10 16:57:45",1585.540000000000,1585.690000000000,1585.410000000000,1585.660000000000,0.120000000000,0.280000000000,0.030000000000,0.130000000000,0.000075683994,ALTA,1585.720000000000,1585.980000000000,1585.690000000000,1585.960000000000,0.240000000000,0.290000000000,0.020000000000,0.030000000000,0.000151350806,ALTA,1585.960000000000,1586.210000000000,1585.950000000000,1585.950000000000,0.010000000000,0.260000000000,0.250000000000,0.000000000000,-0.000006305329,BAIXA,1585.950000000000,1586.140000000000,1585.910000000000,1586.080000000000,0.130000000000,0.230000000000,0.060000000000,0.040000000000,0.000081969797,ALTA,1586.080000000000,1586.120000000000,1585.710000000000,1585.720000000000,0.360000000000,0.410000000000,0.040000000000,0.010000000000,-0.000226974680,BAIXA,1585.680000000000,1585.700000000000,1585.410000000000,1585.480000000000,0.200000000000,0.290000000000,0.020000000000,0.070000000000,-0.000126128853,BAIXA,1585.480000000000,1585.550000000000,1585.360000000000,1585.420000000000,0.060000000000,0.190000000000,0.070000000000,0.060000000000,-0.000037843429,BAIXA,1585.420000000000,1585.820000000000,1585.420000000000,1585.820000000000,0.400000000000,0.400000000000,0.000000000000,0.000000000000,0.000252299075,ALTA,1585.820000000000,1585.840000000000,1585.640000000000,1585.700000000000,0.120000000000,0.200000000000,0.020000000000,0.060000000000,-0.000075670631,BAIXA,1585.650000000000,1585.740000000000,1585.550000000000,1585.600000000000,0.050000000000,0.190000000000,0.090000000000,0.050000000000,-0.000031532810,BAIXA,47.755102040814,1585.604000000000,1585.739000000000,1585.652000000000,1585.659306894978,1585.661471443616,1585.560416529694,0.000113534584,-0.000075675403,0.000037841997,0.274285714286,0.000172985440,0.000138962671,0.000140482210,1585.739000000000,1586.145196996542,1585.332803003458,0.000512312551,0.328900753596,1585.360000000000,1586.210000000000,0.000151362260,0.000384712412,-0.000002522704,-0.000087663976,-0.000032795156,-0.000079465187,0.000041624622,4,6,0,0.000037841997,0.560648788656,0.250714815715,0.188636395629,0.000172790503,2,-1,0.263157894738,0.473684210526,0.263157894737,0.263157894737,1585.600000000000,1585.490000000000,BAIXO,1789070280000
"USDARS_otc","2026-09-10 16:55:45","2026-09-10 16:58:00",1585.720000000000,1585.980000000000,1585.690000000000,1585.960000000000,0.240000000000,0.290000000000,0.020000000000,0.030000000000,0.000151350806,ALTA,1585.960000000000,1586.210000000000,1585.950000000000,1585.950000000000,0.010000000000,0.260000000000,0.250000000000,0.000000000000,-0.000006305329,BAIXA,1585.950000000000,1586.140000000000,1585.910000000000,1586.080000000000,0.130000000000,0.230000000000,0.060000000000,0.040000000000,0.000081969797,ALTA,1586.080000000000,1586.120000000000,1585.710000000000,1585.720000000000,0.360000000000,0.410000000000,0.040000000000,0.010000000000,-0.000226974680,BAIXA,1585.680000000000,1585.700000000000,1585.410000000000,1585.480000000000,0.200000000000,0.290000000000,0.020000000000,0.070000000000,-0.000126128853,BAIXA,1585.480000000000,1585.550000000000,1585.360000000000,1585.420000000000,0.060000000000,0.190000000000,0.070000000000,0.060000000000,-0.000037843429,BAIXA,1585.420000000000,1585.820000000000,1585.420000000000,1585.820000000000,0.400000000000,0.400000000000,0.000000000000,0.000000000000,0.000252299075,ALTA,1585.820000000000,1585.840000000000,1585.640000000000,1585.700000000000,0.120000000000,0.200000000000,0.020000000000,0.060000000000,-0.000075670631,BAIXA,1585.650000000000,1585.740000000000,1585.550000000000,1585.600000000000,0.050000000000,0.190000000000,0.090000000000,0.050000000000,-0.000031532810,BAIXA,1585.600000000000,1585.600000000000,1585.380000000000,1585.490000000000,0.110000000000,0.220000000000,0.000000000000,0.110000000000,-0.000069374369,BAIXA,51.769911504423,1585.606000000000,1585.722000000000,1585.647000000000,1585.602847205026,1585.630480969555,1585.553710193533,-0.000208094235,0.000006307238,-0.000107210877,0.260714285714,0.000164437673,0.000126170330,0.000139797625,1585.722000000000,1586.153444086760,1585.290555913241,0.000544161066,0.231135496905,1585.360000000000,1586.210000000000,0.000081993579,0.000454118285,-0.000073163502,-0.000146327003,-0.000099023015,-0.000061810544,0.000001261440,3,7,0,-0.000145044522,0.567791645799,0.240000530001,0.192207824201,0.000169005779,3,-1,0.500000000000,0.000000000000,0.500000000000,0.500000000000,1585.490000000000,1585.690000000000,CIMA,1789070295000
"USDARS_otc","2026-09-10 16:56:00","2026-09-10 16:58:15",1585.960000000000,1586.210000000000,1585.950000000000,1585.950000000000,0.010000000000,0.260000000000,0.250000000000,0.000000000000,-0.000006305329,BAIXA,1585.950000000000,1586.140000000000,1585.910000000000,1586.080000000000,0.130000000000,0.230000000000,0.060000000000,0.040000000000,0.000081969797,ALTA,1586.080000000000,1586.120000000000,1585.710000000000,1585.720000000000,0.360000000000,0.410000000000,0.040000000000,0.010000000000,-0.000226974680,BAIXA,1585.680000000000,1585.700000000000,1585.410000000000,1585.480000000000,0.200000000000,0.290000000000,0.020000000000,0.070000000000,-0.000126128853,BAIXA,1585.480000000000,1585.550000000000,1585.360000000000,1585.420000000000,0.060000000000,0.190000000000,0.070000000000,0.060000000000,-0.000037843429,BAIXA,1585.420000000000,1585.820000000000,1585.420000000000,1585.820000000000,0.400000000000,0.400000000000,0.000000000000,0.000000000000,0.000252299075,ALTA,1585.820000000000,1585.840000000000,1585.640000000000,1585.700000000000,0.120000000000,0.200000000000,0.020000000000,0.060000000000,-0.000075670631,BAIXA,1585.650000000000,1585.740000000000,1585.550000000000,1585.600000000000,0.050000000000,0.190000000000,0.090000000000,0.050000000000,-0.000031532810,BAIXA,1585.600000000000,1585.600000000000,1585.380000000000,1585.490000000000,0.110000000000,0.220000000000,0.000000000000,0.110000000000,-0.000069374369,BAIXA,1585.490000000000,1585.690000000000,1585.340000000000,1585.690000000000,0.200000000000,0.350000000000,0.000000000000,0.150000000000,0.000126143968,ALTA,57.083333333337,1585.660000000000,1585.695000000000,1585.656000000000,1585.631937231410,1585.641374459615,1585.566690175101,-0.000006306363,0.000170301876,-0.000170243890,0.271428571429,0.000171173793,0.000132876056,0.000131834256,1585.695000000000,1586.096223129942,1585.293776870059,0.000506053346,0.493769053144,1585.340000000000,1586.210000000000,0.000220724101,0.000327932950,0.000018919209,-0.000003153201,0.000021441770,0.000020180489,-0.000023964331,3,7,0,-0.000170243890,0.542175882252,0.233103978276,0.224720139472,0.000172792751,1,1,0.571428571428,0.000000000000,0.428571428572,1.000000000000,1585.690000000000,1585.830000000000,CIMA,1789070310000
"USDARS_otc","2026-09-10 16:56:15","2026-09-10 16:58:30",1585.950000000000,1586.140000000000,1585.910000000000,1586.080000000000,0.130000000000,0.230000000000,0.060000000000,0.040000000000,0.000081969797,ALTA,1586.080000000000,1586.120000000000,1585.710000000000,1585.720000000000,0.360000000000,0.410000000000,0.040000000000,0.010000000000,-0.000226974680,BAIXA,1585.680000000000,1585.700000000000,1585.410000000000,1585.480000000000,0.200000000000,0.290000000000,0.020000000000,0.070000000000,-0.000126128853,BAIXA,1585.480000000000,1585.550000000000,1585.360000000000,1585.420000000000,0.060000000000,0.190000000000,0.070000000000,0.060000000000,-0.000037843429,BAIXA,1585.420000000000,1585.820000000000,1585.420000000000,1585.820000000000,0.400000000000,0.400000000000,0.000000000000,0.000000000000,0.000252299075,ALTA,1585.820000000000,1585.840000000000,1585.640000000000,1585.700000000000,0.120000000000,0.200000000000,0.020000000000,0.060000000000,-0.000075670631,BAIXA,1585.650000000000,1585.740000000000,1585.550000000000,1585.600000000000,0.050000000000,0.190000000000,0.090000000000,0.050000000000,-0.000031532810,BAIXA,1585.600000000000,1585.600000000000,1585.380000000000,1585.490000000000,0.110000000000,0.220000000000,0.000000000000,0.110000000000,-0.000069374369,BAIXA,1585.490000000000,1585.690000000000,1585.340000000000,1585.690000000000,0.200000000000,0.350000000000,0.000000000000,0.150000000000,0.000126143968,ALTA,1585.690000000000,1585.860000000000,1585.690000000000,1585.830000000000,0.140000000000,0.170000000000,0.030000000000,0.000000000000,0.000088289640,ALTA,55.603448275863,1585.662000000000,1585.683000000000,1585.665500000000,1585.697895001255,1585.675604695903,1585.591767301282,0.000145055499,0.000006305886,-0.000075664428,0.266428571429,0.000168005758,0.000087424515,0.000135603333,1585.683000000000,1586.059409351637,1585.306590648363,0.000474759900,0.695266136934,1585.340000000000,1586.140000000000,0.000308986461,0.000195481231,0.000105938215,0.000092695938,0.000103731169,0.000036573908,-0.000035312738,4,6,0,-0.000075664428,0.620682669582,0.154597190946,0.224720139472,0.000167119779,2,1,0.823529411765,0.176470588235,0.000000000000,0.823529411765,1585.830000000000,1585.830000000000,EMPATE,1789070325000
"USDARS_otc","2026-09-10 16:56:30","2026-09-10 16:58:45",1586.080000000000,1586.120000000000,1585.710000000000,1585.720000000000,0.360000000000,0.410000000000,0.040000000000,0.010000000000,-0.000226974680,BAIXA,1585.680000000000,1585.700000000000,1585.410000000000,1585.480000000000,0.200000000000,0.290000000000,0.020000000000,0.070000000000,-0.000126128853,BAIXA,1585.480000000000,1585.550000000000,1585.360000000000,1585.420000000000,0.060000000000,0.190000000000,0.070000000000,0.060000000000,-0.000037843429,BAIXA,1585.420000000000,1585.820000000000,1585.420000000000,1585.820000000000,0.400000000000,0.400000000000,0.000000000000,0.000000000000,0.000252299075,ALTA,1585.820000000000,1585.840000000000,1585.640000000000,1585.700000000000,0.120000000000,0.200000000000,0.020000000000,0.060000000000,-0.000075670631,BAIXA,1585.650000000000,1585.740000000000,1585.550000000000,1585.600000000000,0.050000000000,0.190000000000,0.090000000000,0.050000000000,-0.000031532810,BAIXA,1585.600000000000,1585.600000000000,1585.380000000000,1585.490000000000,0.110000000000,0.220000000000,0.000000000000,0.110000000000,-0.000069374369,BAIXA,1585.490000000000,1585.690000000000,1585.340000000000,1585.690000000000,0.200000000000,0.350000000000,0.000000000000,0.150000000000,0.000126143968,ALTA,1585.690000000000,1585.860000000000,1585.690000000000,1585.830000000000,0.140000000000,0.170000000000,0.030000000000,0.000000000000,0.000088289640,ALTA,1585.830000000000,1585.910000000000,1585.750000000000,1585.830000000000,0.000000000000,0.160000000000,0.080000000000,0.080000000000,0.000000000000,EMPATE,56.331877729258,1585.688000000000,1585.658000000000,1585.685500000000,1585.742071343307,1585.703627581993,1585.614456129731,0.000214444746,0.000081982721,-0.000157621305,0.263571428571,0.000166204088,0.000078933554,0.000132383047,1585.658000000000,1585.949176922162,1585.366823077838,0.000367263208,0.795353077302,1585.340000000000,1586.120000000000,0.000308986461,0.000182869538,0.000089543015,0.000108460554,0.000091119477,0.000051707938,-0.000040357415,3,6,1,-0.000157621305,0.564160930452,0.178510234424,0.257328835124,0.000162706785,0,0,0.000000000000,0.500000000001,0.499999999999,0.499999999999,1585.830000000000,1585.780000000000,BAIXO,1789070340000
"USDARS_otc","2026-09-10 16:56:45","2026-09-10 16:59:00",1585.680000000000,1585.700000000000,1585.410000000000,1585.480000000000,0.200000000000,0.290000000000,0.020000000000,0.070000000000,-0.000126128853,BAIXA,1585.480000000000,1585.550000000000,1585.360000000000,1585.420000000000,0.060000000000,0.190000000000,0.070000000000,0.060000000000,-0.000037843429,BAIXA,1585.420000000000,1585.820000000000,1585.420000000000,1585.820000000000,0.400000000000,0.400000000000,0.000000000000,0.000000000000,0.000252299075,ALTA,1585.820000000000,1585.840000000000,1585.640000000000,1585.700000000000,0.120000000000,0.200000000000,0.020000000000,0.060000000000,-0.000075670631,BAIXA,1585.650000000000,1585.740000000000,1585.550000000000,1585.600000000000,0.050000000000,0.190000000000,0.090000000000,0.050000000000,-0.000031532810,BAIXA,1585.600000000000,1585.600000000000,1585.380000000000,1585.490000000000,0.110000000000,0.220000000000,0.000000000000,0.110000000000,-0.000069374369,BAIXA,1585.490000000000,1585.690000000000,1585.340000000000,1585.690000000000,0.200000000000,0.350000000000,0.000000000000,0.150000000000,0.000126143968,ALTA,1585.690000000000,1585.860000000000,1585.690000000000,1585.830000000000,0.140000000000,0.170000000000,0.030000000000,0.000000000000,0.000088289640,ALTA,1585.830000000000,1585.910000000000,1585.750000000000,1585.830000000000,0.000000000000,0.160000000000,0.080000000000,0.080000000000,0.000000000000,EMPATE,1585.790000000000,1585.820000000000,1585.640000000000,1585.780000000000,0.010000000000,0.180000000000,0.030000000000,0.140000000000,-0.000006306005,BAIXA,52.702702702701,1585.724000000000,1585.664000000000,1585.679500000000,1585.754657090426,1585.717464488794,1585.630222212614,0.000056757626,0.000113521695,0.000037837701,0.257142857143,0.000162155442,0.000073398153,0.000112724306,1585.664000000000,1585.962422519258,1585.365577480743,0.000376400699,0.694355305840,1585.340000000000,1585.910000000000,0.000277465979,0.000081978585,0.000035313852,0.000073150122,0.000063375752,0.000040358688,-0.000019548739,3,6,1,0.000063064427,0.481911607958,0.185420803530,0.332667588511,0.000148207700,1,-1,0.055555555556,0.166666666667,0.777777777778,0.777777777778,1585.780000000000,1585.850000000000,CIMA,1789070355000
"USDARS_otc","2026-09-10 16:57:00","2026-09-10 16:59:15",1585.480000000000,1585.550000000000,1585.360000000000,1585.420000000000,0.060000000000,0.190000000000,0.070000000000,0.060000000000,-0.000037843429,BAIXA,1585.420000000000,1585.820000000000,1585.420000000000,1585.820000000000,0.400000000000,0.400000000000,0.000000000000,0.000000000000,0.000252299075,ALTA,1585.820000000000,1585.840000000000,1585.640000000000,1585.700000000000,0.120000000000,0.200000000000,0.020000000000,0.060000000000,-0.000075670631,BAIXA,1585.650000000000,1585.740000000000,1585.550000000000,1585.600000000000,0.050000000000,0.190000000000,0.090000000000,0.050000000000,-0.000031532810,BAIXA,1585.600000000000,1585.600000000000,1585.380000000000,1585.490000000000,0.110000000000,0.220000000000,0.000000000000,0.110000000000,-0.000069374369,BAIXA,1585.490000000000,1585.690000000000,1585.340000000000,1585.690000000000,0.200000000000,0.350000000000,0.000000000000,0.150000000000,0.000126143968,ALTA,1585.690000000000,1585.860000000000,1585.690000000000,1585.830000000000,0.140000000000,0.170000000000,0.030000000000,0.000000000000,0.000088289640,ALTA,1585.830000000000,1585.910000000000,1585.750000000000,1585.830000000000,0.000000000000,0.160000000000,0.080000000000,0.080000000000,0.000000000000,EMPATE,1585.790000000000,1585.820000000000,1585.640000000000,1585.780000000000,0.010000000000,0.180000000000,0.030000000000,0.140000000000,-0.000006306005,BAIXA,1585.780000000000,1585.870000000000,1585.730000000000,1585.850000000000,0.070000000000,0.140000000000,0.020000000000,0.050000000000,0.000044142315,ALTA,47.236180904518,1585.796000000000,1585.701000000000,1585.686500000000,1585.786347841686,1585.741574917769,1585.651153430460,0.000012611692,0.000227059143,0.000233367813,0.244285714286,0.000154040870,0.000057166349,0.000100401969,1585.701000000000,1585.990613535595,1585.411386464405,0.000365281394,0.757239358122,1585.340000000000,1585.910000000000,0.000321594098,0.000037834600,0.000034051140,0.000093955923,0.000103099284,0.000084497273,0.000011350380,4,5,1,0.000233367813,0.462946090717,0.192809966092,0.344243943191,0.000138747479,1,1,0.500000000000,0.142857142857,0.357142857143,0.857142857143,1585.850000000000,1585.820000000000,BAIXO,1789070370000
"USDARS_otc","2026-09-10 16:57:15","2026-09-10 16:59:30",1585.420000000000,1585.820000000000,1585.420000000000,1585.820000000000,0.400000000000,0.400000000000,0.000000000000,0.000000000000,0.000252299075,ALTA,1585.820000000000,1585.840000000000,1585.640000000000,1585.700000000000,0.120000000000,0.200000000000,0.020000000000,0.060000000000,-0.000075670631,BAIXA,1585.650000000000,1585.740000000000,1585.550000000000,1585.600000000000,0.050000000000,0.190000000000,0.090000000000,0.050000000000,-0.000031532810,BAIXA,1585.600000000000,1585.600000000000,1585.380000000000,1585.490000000000,0.110000000000,0.220000000000,0.000000000000,0.110000000000,-0.000069374369,BAIXA,1585.490000000000,1585.690000000000,1585.340000000000,1585.690000000000,0.200000000000,0.350000000000,0.000000000000,0.150000000000,0.000126143968,ALTA,1585.690000000000,1585.860000000000,1585.690000000000,1585.830000000000,0.140000000000,0.170000000000,0.030000000000,0.000000000000,0.000088289640,ALTA,1585.830000000000,1585.910000000000,1585.750000000000,1585.830000000000,0.000000000000,0.160000000000,0.080000000000,0.080000000000,0.000000000000,EMPATE,1585.790000000000,1585.820000000000,1585.640000000000,1585.780000000000,0.010000000000,0.180000000000,0.030000000000,0.140000000000,-0.000006306005,BAIXA,1585.780000000000,1585.870000000000,1585.730000000000,1585.850000000000,0.070000000000,0.140000000000,0.020000000000,0.050000000000,0.000044142315,ALTA,1585.900000000000,1585.970000000000,1585.780000000000,1585.820000000000,0.080000000000,0.190000000000,0.070000000000,0.040000000000,-0.000050444543,BAIXA,46.766169154225,1585.822000000000,1585.741000000000,1585.707000000000,1585.797547184071,1585.755804631200,1585.667234056130,-0.000006305846,0.000081983238,0.000252299075,0.239285714286,0.000150890842,0.000044161611,0.000099404238,1585.741000000000,1585.968059463577,1585.513940536423,0.000286376481,0.673963240191,1585.340000000000,1585.970000000000,0.000302682524,0.000094588289,-0.000001261177,0.000049816499,0.000071256511,0.000084498871,0.000052338853,4,5,1,0.000252299075,0.473472406507,0.192809966092,0.333717627402,0.000138744305,1,-1,0.421052631580,0.368421052631,0.210526315789,0.210526315789,1585.820000000000,1586.000000000000,CIMA,1789070385000
"USDARS_otc","2026-09-10 16:57:30","2026-09-10 16:59:45",1585.820000000000,1585.840000000000,1585.640000000000,1585.700000000000,0.120000000000,0.200000000000,0.020000000000,0.060000000000,-0.000075670631,BAIXA,1585.650000000000,1585.740000000000,1585.550000000000,1585.600000000000,0.050000000000,0.190000000000,0.090000000000,0.050000000000,-0.000031532810,BAIXA,1585.600000000000,1585.600000000000,1585.380000000000,1585.490000000000,0.110000000000,0.220000000000,0.000000000000,0.110000000000,-0.000069374369,BAIXA,1585.490000000000,1585.690000000000,1585.340000000000,1585.690000000000,0.200000000000,0.350000000000,0.000000000000,0.150000000000,0.000126143968,ALTA,1585.690000000000,1585.860000000000,1585.690000000000,1585.830000000000,0.140000000000,0.170000000000,0.030000000000,0.000000000000,0.000088289640,ALTA,1585.830000000000,1585.910000000000,1585.750000000000,1585.830000000000,0.000000000000,0.160000000000,0.080000000000,0.080000000000,0.000000000000,EMPATE,1585.790000000000,1585.820000000000,1585.640000000000,1585.780000000000,0.010000000000,0.180000000000,0.030000000000,0.140000000000,-0.000006306005,BAIXA,1585.780000000000,1585.870000000000,1585.730000000000,1585.850000000000,0.070000000000,0.140000000000,0.020000000000,0.050000000000,0.000044142315,ALTA,1585.900000000000,1585.970000000000,1585.780000000000,1585.820000000000,0.080000000000,0.190000000000,0.070000000000,0.040000000000,-0.000050444543,BAIXA,1585.820000000000,1586.000000000000,1585.740000000000,1586.000000000000,0.180000000000,0.260000000000,0.000000000000,0.080000000000,0.000113505946,ALTA,48.058252427186,1585.856000000000,1585.759000000000,1585.739500000000,1585.865097616353,1585.800207054989,1585.698926050785,0.000138732989,0.000107199385,0.000113505946,0.241428571429,0.000152224824,0.000052698498,0.000072882439,1585.759000000000,1586.032122683057,1585.485877316944,0.000344469346,0.941193674035,1585.340000000000,1586.000000000000,0.000416141236,0.000000000000,0.000090794451,0.000151954603,0.000164249685,0.000083228247,0.000059899117,4,5,1,0.000113505946,0.442703175737,0.192809966092,0.364486858171,0.000129909701,1,1,0.692307692308,0.000000000000,0.307692307692,1.000000000000,1586.000000000000,1586.260000000000,CIMA,1789070400000
"USDARS_otc","2026-09-10 16:57:45","2026-09-10 17:00:00",1585.650000000000,1585.740000000000,1585.550000000000,1585.600000000000,0.050000000000,0.190000000000,0.090000000000,0.050000000000,-0.000031532810,BAIXA,1585.600000000000,1585.600000000000,1585.380000000000,1585.490000000000,0.110000000000,0.220000000000,0.000000000000,0.110000000000,-0.000069374369,BAIXA,1585.490000000000,1585.690000000000,1585.340000000000,1585.690000000000,0.200000000000,0.350000000000,0.000000000000,0.150000000000,0.000126143968,ALTA,1585.690000000000,1585.860000000000,1585.690000000000,1585.830000000000,0.140000000000,0.170000000000,0.030000000000,0.000000000000,0.000088289640,ALTA,1585.830000000000,1585.910000000000,1585.750000000000,1585.830000000000,0.000000000000,0.160000000000,0.080000000000,0.080000000000,0.000000000000,EMPATE,1585.790000000000,1585.820000000000,1585.640000000000,1585.780000000000,0.010000000000,0.180000000000,0.030000000000,0.140000000000,-0.000006306005,BAIXA,1585.780000000000,1585.870000000000,1585.730000000000,1585.850000000000,0.070000000000,0.140000000000,0.020000000000,0.050000000000,0.000044142315,ALTA,1585.900000000000,1585.970000000000,1585.780000000000,1585.820000000000,0.080000000000,0.190000000000,0.070000000000,0.040000000000,-0.000050444543,BAIXA,1585.820000000000,1586.000000000000,1585.740000000000,1586.000000000000,0.180000000000,0.260000000000,0.000000000000,0.080000000000,0.000113505946,ALTA,1586.000000000000,1586.260000000000,1585.910000000000,1586.260000000000,0.260000000000,0.350000000000,0.000000000000,0.090000000000,0.000163934426,ALTA,63.775510204084,1585.942000000000,1585.815000000000,1585.774000000000,1585.996722722376,1585.883750253231,1585.752361664996,0.000258536432,0.000271151384,0.000353156335,0.237142857143,0.000149498101,0.000075306883,0.000079426430,1585.815000000000,1586.216322812708,1585.413677187292,0.000506140770,1.054416526931,1585.340000000000,1586.260000000000,0.000579980583,0.000000000000,0.000200471549,0.000280534086,0.000306381047,0.000092040397,0.000071867159,5,4,1,0.000384700281,0.456988890023,0.182809966092,0.360201143885,0.000139366025,2,1,0.742857142857,0.000000000000,0.257142857143,1.000000000000,1586.260000000000,1586.780000000000,CIMA,1789070415000
"USDARS_otc","2026-09-10 16:58:00","2026-09-10 17:00:15",1585.600000000000,1585.600000000000,1585.380000000000,1585.490000000000,0.110000000000,0.220000000000,0.000000000000,0.110000000000,-0.000069374369,BAIXA,1585.490000000000,1585.690000000000,1585.340000000000,1585.690000000000,0.200000000000,0.350000000000,0.000000000000,0.150000000000,0.000126143968,ALTA,1585.690000000000,1585.860000000000,1585.690000000000,1585.830000000000,0.140000000000,0.170000000000,0.030000000000,0.000000000000,0.000088289640,ALTA,1585.830000000000,1585.910000000000,1585.750000000000,1585.830000000000,0.000000000000,0.160000000000,0.080000000000,0.080000000000,0.000000000000,EMPATE,1585.790000000000,1585.820000000000,1585.640000000000,1585.780000000000,0.010000000000,0.180000000000,0.030000000000,0.140000000000,-0.000006306005,BAIXA,1585.780000000000,1585.870000000000,1585.730000000000,1585.850000000000,0.070000000000,0.140000000000,0.020000000000,0.050000000000,0.000044142315,ALTA,1585.900000000000,1585.970000000000,1585.780000000000,1585.820000000000,0.080000000000,0.190000000000,0.070000000000,0.040000000000,-0.000050444543,BAIXA,1585.820000000000,1586.000000000000,1585.740000000000,1586.000000000000,0.180000000000,0.260000000000,0.000000000000,0.080000000000,0.000113505946,ALTA,1586.000000000000,1586.260000000000,1585.910000000000,1586.260000000000,0.260000000000,0.350000000000,0.000000000000,0.090000000000,0.000163934426,ALTA,1586.260000000000,1586.780000000000,1586.230000000000,1586.780000000000,0.520000000000,0.550000000000,0.000000000000,0.030000000000,0.000327815112,ALTA,79.017857142862,1586.142000000000,1585.933000000000,1585.836000000000,1586.257851235690,1586.046632904483,1585.850231982615,0.000605365048,0.000630604497,0.000744197780,0.254285714286,0.000160252659,0.000118343669,0.000111214363,1585.933000000000,1586.610763970715,1585.255236029285,0.000854719551,1.124848794416,1585.340000000000,1586.780000000000,0.000907498204,0.000000000000,0.000402072121,0.000533785402,0.000594915489,0.000201666268,0.000120999761,6,3,1,0.000744197780,0.525218555095,0.135441545039,0.339339899866,0.000162056310,3,1,0.945454545455,0.000000000000,0.054545454545,1.000000000000,1586.780000000000,1586.620000000000,BAIXO,1789070430000
"USDARS_otc","2026-09-10 16:58:15","2026-09-10 17:00:30",1585.490000000000,1585.690000000000,1585.340000000000,1585.690000000000,0.200000000000,0.350000000000,0.000000000000,0.150000000000,0.000126143968,ALTA,1585.690000000000,1585.860000000000,1585.690000000000,1585.830000000000,0.140000000000,0.170000000000,0.030000000000,0.000000000000,0.000088289640,ALTA,1585.830000000000,1585.910000000000,1585.750000000000,1585.830000000000,0.000000000000,0.160000000000,0.080000000000,0.080000000000,0.000000000000,EMPATE,1585.790000000000,1585.820000000000,1585.640000000000,1585.780000000000,0.010000000000,0.180000000000,0.030000000000,0.140000000000,-0.000006306005,BAIXA,1585.780000000000,1585.870000000000,1585.730000000000,1585.850000000000,0.070000000000,0.140000000000,0.020000000000,0.050000000000,0.000044142315,ALTA,1585.900000000000,1585.970000000000,1585.780000000000,1585.820000000000,0.080000000000,0.190000000000,0.070000000000,0.040000000000,-0.000050444543,BAIXA,1585.820000000000,1586.000000000000,1585.740000000000,1586.000000000000,0.180000000000,0.260000000000,0.000000000000,0.080000000000,0.000113505946,ALTA,1586.000000000000,1586.260000000000,1585.910000000000,1586.260000000000,0.260000000000,0.350000000000,0.000000000000,0.090000000000,0.000163934426,ALTA,1586.260000000000,1586.780000000000,1586.230000000000,1586.780000000000,0.520000000000,0.550000000000,0.000000000000,0.030000000000,0.000327815112,ALTA,1586.800000000000,1586.800000000000,1586.600000000000,1586.620000000000,0.180000000000,0.200000000000,0.000000000000,0.020000000000,-0.000113435846,BAIXA,75.641025641025,1586.296000000000,1586.046000000000,1585.884000000000,1586.378657709058,1586.150946783813,1585.923543222366,0.000390920555,0.000485544030,0.000712713420,0.255000000000,0.000160719013,0.000148729955,0.000115595427,1586.046000000000,1586.766122211850,1585.325877788150,0.000908072290,0.898543462870,1585.340000000000,1586.800000000000,0.000806746417,0.000113448715,0.000204207687,0.000361775346,0.000463879190,0.000277319081,0.000180887673,6,3,1,0.000712713420,0.565218555095,0.135441545039,0.299339899866,0.000160785419,1,-1,0.900000000000,0.000000000000,0.100000000000,0.100000000000,1586.620000000000,1586.760000000000,CIMA,1789070445000
"USDARS_otc","2026-09-10 16:58:30","2026-09-10 17:00:45",1585.690000000000,1585.860000000000,1585.690000000000,1585.830000000000,0.140000000000,0.170000000000,0.030000000000,0.000000000000,0.000088289640,ALTA,1585.830000000000,1585.910000000000,1585.750000000000,1585.830000000000,0.000000000000,0.160000000000,0.080000000000,0.080000000000,0.000000000000,EMPATE,1585.790000000000,1585.820000000000,1585.640000000000,1585.780000000000,0.010000000000,0.180000000000,0.030000000000,0.140000000000,-0.000006306005,BAIXA,1585.780000000000,1585.870000000000,1585.730000000000,1585.850000000000,0.070000000000,0.140000000000,0.020000000000,0.050000000000,0.000044142315,ALTA,1585.900000000000,1585.970000000000,1585.780000000000,1585.820000000000,0.080000000000,0.190000000000,0.070000000000,0.040000000000,-0.000050444543,BAIXA,1585.820000000000,1586.000000000000,1585.740000000000,1586.000000000000,0.180000000000,0.260000000000,0.000000000000,0.080000000000,0.000113505946,ALTA,1586.000000000000,1586.260000000000,1585.910000000000,1586.260000000000,0.260000000000,0.350000000000,0.000000000000,0.090000000000,0.000163934426,ALTA,1586.260000000000,1586.780000000000,1586.230000000000,1586.780000000000,0.520000000000,0.550000000000,0.000000000000,0.030000000000,0.000327815112,ALTA,1586.800000000000,1586.800000000000,1586.600000000000,1586.620000000000,0.180000000000,0.200000000000,0.000000000000,0.020000000000,-0.000113435846,BAIXA,1586.620000000000,1586.760000000000,1586.600000000000,1586.760000000000,0.140000000000,0.160000000000,0.000000000000,0.020000000000,0.000088237889,ALTA,72.596153846156,1586.484000000000,1586.153000000000,1585.924000000000,1586.505768798752,1586.261742517069,1586.003205772617,0.000315206839,0.000592753276,0.000674785109,0.237857142857,0.000149901146,0.000137785963,0.000114348141,1586.153000000000,1586.944204145591,1585.361795854409,0.000997639125,0.883592530059,1585.640000000000,1586.800000000000,0.000705840833,0.000025208601,0.000173939348,0.000382540523,0.000526859765,0.000341576546,0.000213012680,6,3,1,0.000674785109,0.595575697952,0.135441545039,0.268982757009,0.000148794554,1,1,0.875000000000,0.000000000000,0.125000000000,1.000000000000,1586.760000000000,1586.520000000000,BAIXO,1789070460000
"USDARS_otc","2026-09-10 16:58:45","2026-09-10 17:01:00",1585.830000000000,1585.910000000000,1585.750000000000,1585.830000000000,0.000000000000,0.160000000000,0.080000000000,0.080000000000,0.000000000000,EMPATE,1585.790000000000,1585.820000000000,1585.640000000000,1585.780000000000,0.010000000000,0.180000000000,0.030000000000,0.140000000000,-0.000006306005,BAIXA,1585.780000000000,1585.870000000000,1585.730000000000,1585.850000000000,0.070000000000,0.140000000000,0.020000000000,0.050000000000,0.000044142315,ALTA,1585.900000000000,1585.970000000000,1585.780000000000,1585.820000000000,0.080000000000,0.190000000000,0.070000000000,0.040000000000,-0.000050444543,BAIXA,1585.820000000000,1586.000000000000,1585.740000000000,1586.000000000000,0.180000000000,0.260000000000,0.000000000000,0.080000000000,0.000113505946,ALTA,1586.000000000000,1586.260000000000,1585.910000000000,1586.260000000000,0.260000000000,0.350000000000,0.000000000000,0.090000000000,0.000163934426,ALTA,1586.260000000000,1586.780000000000,1586.230000000000,1586.780000000000,0.520000000000,0.550000000000,0.000000000000,0.030000000000,0.000327815112,ALTA,1586.800000000000,1586.800000000000,1586.600000000000,1586.620000000000,0.180000000000,0.200000000000,0.000000000000,0.020000000000,-0.000113435846,BAIXA,1586.620000000000,1586.760000000000,1586.600000000000,1586.760000000000,0.140000000000,0.160000000000,0.000000000000,0.020000000000,0.000088237889,ALTA,1586.760000000000,1586.820000000000,1586.520000000000,1586.520000000000,0.240000000000,0.300000000000,0.060000000000,0.000000000000,-0.000151251607,BAIXA,68.636363636362,1586.588000000000,1586.222000000000,1585.952500000000,1586.510551627227,1586.308665764802,1586.052424270463,-0.000163853842,0.000327868852,0.000435103384,0.245000000000,0.000154426039,0.000175307447,0.000131308817,1586.222000000000,1587.008831621124,1585.435168378876,0.000992082598,0.689367071683,1585.640000000000,1586.820000000000,0.000554673121,0.000189093109,-0.000042861105,0.000187832489,0.000357701132,0.000281118423,0.000182159695,5,4,1,0.000435103384,0.593222756776,0.137794486216,0.268982757009,0.000156980120,1,-1,0.800000000000,0.200000000000,0.000000000000,0.000000000000,1586.520000000000,1586.300000000000,BAIXO,1789070475000
"USDARS_otc","2026-09-10 16:59:00","2026-09-10 17:01:15",1585.790000000000,1585.820000000000,1585.640000000000,1585.780000000000,0.010000000000,0.180000000000,0.030000000000,0.140000000000,-0.000006306005,BAIXA,1585.780000000000,1585.870000000000,1585.730000000000,1585.850000000000,0.070000000000,0.140000000000,0.020000000000,0.050000000000,0.000044142315,ALTA,1585.900000000000,1585.970000000000,1585.780000000000,1585.820000000000,0.080000000000,0.190000000000,0.070000000000,0.040000000000,-0.000050444543,BAIXA,1585.820000000000,1586.000000000000,1585.740000000000,1586.000000000000,0.180000000000,0.260000000000,0.000000000000,0.080000000000,0.000113505946,ALTA,1586.000000000000,1586.260000000000,1585.910000000000,1586.260000000000,0.260000000000,0.350000000000,0.000000000000,0.090000000000,0.000163934426,ALTA,1586.260000000000,1586.780000000000,1586.230000000000,1586.780000000000,0.520000000000,0.550000000000,0.000000000000,0.030000000000,0.000327815112,ALTA,1586.800000000000,1586.800000000000,1586.600000000000,1586.620000000000,0.180000000000,0.200000000000,0.000000000000,0.020000000000,-0.000113435846,BAIXA,1586.620000000000,1586.760000000000,1586.600000000000,1586.760000000000,0.140000000000,0.160000000000,0.000000000000,0.020000000000,0.000088237889,ALTA,1586.760000000000,1586.820000000000,1586.520000000000,1586.520000000000,0.240000000000,0.300000000000,0.060000000000,0.000000000000,-0.000151251607,BAIXA,1586.450000000000,1586.520000000000,1586.300000000000,1586.300000000000,0.150000000000,0.220000000000,0.070000000000,0.000000000000,-0.000094550726,BAIXA,65.086206896553,1586.596000000000,1586.269000000000,1585.963500000000,1586.440259489167,1586.307155487711,1586.076002911371,-0.000201686604,0.000025216547,0.000296374769,0.247142857143,0.000155798309,0.000182972083,0.000142053896,1586.269000000000,1587.011452692096,1585.526547307904,0.000936099353,0.520876751024,1585.640000000000,1586.820000000000,0.000416062535,0.000327806846,-0.000186597743,0.000019542331,0.000212128853,0.000189119334,0.000140578705,5,5,0,0.000321606266,0.661404574957,0.119612668034,0.218982757009,0.000160758206,2,-1,0.681818181819,0.318181818181,0.000000000000,0.000000000000,1586.300000000000,1586.360000000000,CIMA,1789070490000
"USDARS_otc","2026-09-10 16:59:15","2026-09-10 17:01:30",1585.780000000000,1585.870000000000,1585.730000000000,1585.850000000000,0.070000000000,0.140000000000,0.020000000000,0.050000000000,0.000044142315,ALTA,1585.900000000000,1585.970000000000,1585.780000000000,1585.820000000000,0.080000000000,0.190000000000,0.070000000000,0.040000000000,-0.000050444543,BAIXA,1585.820000000000,1586.000000000000,1585.740000000000,1586.000000000000,0.180000000000,0.260000000000,0.000000000000,0.080000000000,0.000113505946,ALTA,1586.000000000000,1586.260000000000,1585.910000000000,1586.260000000000,0.260000000000,0.350000000000,0.000000000000,0.090000000000,0.000163934426,ALTA,1586.260000000000,1586.780000000000,1586.230000000000,1586.780000000000,0.520000000000,0.550000000000,0.000000000000,0.030000000000,0.000327815112,ALTA,1586.800000000000,1586.800000000000,1586.600000000000,1586.620000000000,0.180000000000,0.200000000000,0.000000000000,0.020000000000,-0.000113435846,BAIXA,1586.620000000000,1586.760000000000,1586.600000000000,1586.760000000000,0.140000000000,0.160000000000,0.000000000000,0.020000000000,0.000088237889,ALTA,1586.760000000000,1586.820000000000,1586.520000000000,1586.520000000000,0.240000000000,0.300000000000,0.060000000000,0.000000000000,-0.000151251607,BAIXA,1586.450000000000,1586.520000000000,1586.300000000000,1586.300000000000,0.150000000000,0.220000000000,0.070000000000,0.000000000000,-0.000094550726,BAIXA,1586.300000000000,1586.420000000000,1586.260000000000,1586.360000000000,0.060000000000,0.160000000000,0.060000000000,0.040000000000,0.000037823867,ALTA,69.162995594711,1586.512000000000,1586.327000000000,1585.995500000000,1586.413434151233,1586.316799504935,1586.103050253146,-0.000252086012,-0.000264686976,0.000365750609,0.242857142857,0.000153090813,0.000097444896,0.000140583394,1586.327000000000,1586.994415912307,1585.659584087694,0.000841460698,0.524722215482,1585.730000000000,1586.820000000000,0.000397135581,0.000289972011,-0.000095816839,0.000020802340,0.000229771300,0.000017650470,0.000109685065,6,4,0,0.000365750609,0.693349019402,0.140446001367,0.166204979231,0.000159493762,1,1,0.374999999999,0.375000000001,0.250000000000,0.624999999999,1586.360000000000,1586.090000000000,BAIXO,1789070505000
"USDARS_otc","2026-09-10 16:59:30","2026-09-10 17:01:45",1585.900000000000,1585.970000000000,1585.780000000000,1585.820000000000,0.080000000000,0.190000000000,0.070000000000,0.040000000000,-0.000050444543,BAIXA,1585.820000000000,1586.000000000000,1585.740000000000,1586.000000000000,0.180000000000,0.260000000000,0.000000000000,0.080000000000,0.000113505946,ALTA,1586.000000000000,1586.260000000000,1585.910000000000,1586.260000000000,0.260000000000,0.350000000000,0.000000000000,0.090000000000,0.000163934426,ALTA,1586.260000000000,1586.780000000000,1586.230000000000,1586.780000000000,0.520000000000,0.550000000000,0.000000000000,0.030000000000,0.000327815112,ALTA,1586.800000000000,1586.800000000000,1586.600000000000,1586.620000000000,0.180000000000,0.200000000000,0.000000000000,0.020000000000,-0.000113435846,BAIXA,1586.620000000000,1586.760000000000,1586.600000000000,1586.760000000000,0.140000000000,0.160000000000,0.000000000000,0.020000000000,0.000088237889,ALTA,1586.760000000000,1586.820000000000,1586.520000000000,1586.520000000000,0.240000000000,0.300000000000,0.060000000000,0.000000000000,-0.000151251607,BAIXA,1586.450000000000,1586.520000000000,1586.300000000000,1586.300000000000,0.150000000000,0.220000000000,0.070000000000,0.000000000000,-0.000094550726,BAIXA,1586.300000000000,1586.420000000000,1586.260000000000,1586.360000000000,0.060000000000,0.160000000000,0.060000000000,0.040000000000,0.000037823867,ALTA,1586.360000000000,1586.360000000000,1586.070000000000,1586.090000000000,0.270000000000,0.290000000000,0.000000000000,0.020000000000,-0.000170200963,BAIXA,58.547008547006,1586.406000000000,1586.351000000000,1586.026000000000,1586.305604723769,1586.275657940249,1586.101807371894,-0.000271033457,-0.000334043438,0.000151338399,0.238571428571,0.000150414812,0.000107677094,0.000153539350,1586.351000000000,1586.963042482186,1585.738957517815,0.000771635637,0.286779506654,1585.740000000000,1586.820000000000,0.000220668436,0.000460251310,-0.000199232074,-0.000164555605,0.000040350800,-0.000114747587,0.000081332081,5,5,0,0.000119805789,0.736452467678,0.126160287081,0.137387245241,0.000168946143,1,-1,0.931034482759,0.000000000000,0.068965517241,0.068965517241,1586.090000000000,1586.010000000000,BAIXO,1789070520000
"USDARS_otc","2026-09-10 16:59:45","2026-09-10 17:02:00",1585.820000000000,1586.000000000000,1585.740000000000,1586.000000000000,0.180000000000,0.260000000000,0.000000000000,0.080000000000,0.000113505946,ALTA,1586.000000000000,1586.260000000000,1585.910000000000,1586.260000000000,0.260000000000,0.350000000000,0.000000000000,0.090000000000,0.000163934426,ALTA,1586.260000000000,1586.780000000000,1586.230000000000,1586.780000000000,0.520000000000,0.550000000000,0.000000000000,0.030000000000,0.000327815112,ALTA,1586.800000000000,1586.800000000000,1586.600000000000,1586.620000000000,0.180000000000,0.200000000000,0.000000000000,0.020000000000,-0.000113435846,BAIXA,1586.620000000000,1586.760000000000,1586.600000000000,1586.760000000000,0.140000000000,0.160000000000,0.000000000000,0.020000000000,0.000088237889,ALTA,1586.760000000000,1586.820000000000,1586.520000000000,1586.520000000000,0.240000000000,0.300000000000,0.060000000000,0.000000000000,-0.000151251607,BAIXA,1586.450000000000,1586.520000000000,1586.300000000000,1586.300000000000,0.150000000000,0.220000000000,0.070000000000,0.000000000000,-0.000094550726,BAIXA,1586.300000000000,1586.420000000000,1586.260000000000,1586.360000000000,0.060000000000,0.160000000000,0.060000000000,0.040000000000,0.000037823867,ALTA,1586.360000000000,1586.360000000000,1586.070000000000,1586.090000000000,0.270000000000,0.290000000000,0.000000000000,0.020000000000,-0.000170200963,BAIXA,1586.090000000000,1586.180000000000,1585.940000000000,1586.010000000000,0.080000000000,0.240000000000,0.090000000000,0.070000000000,-0.000050438500,BAIXA,53.947368421054,1586.256000000000,1586.370000000000,1586.055500000000,1586.207190107310,1586.227431610553,1586.093063812666,-0.000182815356,-0.000472661272,0.000119811832,0.243571428571,0.000153574964,0.000077914348,0.000154526661,1586.370000000000,1586.923967508073,1585.816032491928,0.000698408956,0.175071195734,1585.740000000000,1586.820000000000,0.000170238523,0.000510715569,-0.000155106210,-0.000226984697,-0.000028688344,-0.000214374436,0.000063681818,5,5,0,0.000119811832,0.727680537853,0.126818181818,0.145501280329,0.000172097114,2,-1,0.333333333333,0.375000000001,0.291666666666,0.291666666666,1586.010000000000,1586.130000000000,CIMA,1789070535000
"USDARS_otc","2026-09-10 17:00:00","2026-09-10 17:02:15",1586.000000000000,1586.260000000000,1585.910000000000,1586.260000000000,0.260000000000,0.350000000000,0.000000000000,0.090000000000,0.000163934426,ALTA,1586.260000000000,1586.780000000000,1586.230000000000,1586.780000000000,0.520000000000,0.550000000000,0.000000000000,0.030000000000,0.000327815112,ALTA,1586.800000000000,1586.800000000000,1586.600000000000,1586.620000000000,0.180000000000,0.200000000000,0.000000000000,0.020000000000,-0.000113435846,BAIXA,1586.620000000000,1586.760000000000,1586.600000000000,1586.760000000000,0.140000000000,0.160000000000,0.000000000000,0.020000000000,0.000088237889,ALTA,1586.760000000000,1586.820000000000,1586.520000000000,1586.520000000000,0.240000000000,0.300000000000,0.060000000000,0.000000000000,-0.000151251607,BAIXA,1586.450000000000,1586.520000000000,1586.300000000000,1586.300000000000,0.150000000000,0.220000000000,0.070000000000,0.000000000000,-0.000094550726,BAIXA,1586.300000000000,1586.420000000000,1586.260000000000,1586.360000000000,0.060000000000,0.160000000000,0.060000000000,0.040000000000,0.000037823867,ALTA,1586.360000000000,1586.360000000000,1586.070000000000,1586.090000000000,0.270000000000,0.290000000000,0.000000000000,0.020000000000,-0.000170200963,BAIXA,1586.090000000000,1586.180000000000,1585.940000000000,1586.010000000000,0.080000000000,0.240000000000,0.090000000000,0.070000000000,-0.000050438500,BAIXA,1586.010000000000,1586.260000000000,1586.010000000000,1586.130000000000,0.120000000000,0.250000000000,0.130000000000,0.000000000000,0.000075661566,ALTA,56.250000000004,1586.178000000000,1586.383000000000,1586.071000000000,1586.181423984101,1586.209782088780,1586.096581544793,-0.000144986006,-0.000245821042,0.000081967213,0.250000000000,0.000157616337,0.000095719275,0.000152443576,1586.383000000000,1586.906912206386,1585.859087793614,0.000660511625,0.258547332056,1585.910000000000,1586.820000000000,0.000138702376,0.000435021089,-0.000030262337,-0.000159507733,0.000037197455,-0.000210575426,0.000035306059,5,5,0,0.000081967213,0.706449768622,0.178818181818,0.114732049560,0.000171464637,1,1,0.480000000000,0.520000000000,0.000000000000,0.480000000000,1586.130000000000,1586.160000000000,CIMA,1789070550000
"USDARS_otc","2026-09-10 17:00:15","2026-09-10 17:02:30",1586.260000000000,1586.780000000000,1586.230000000000,1586.780000000000,0.520000000000,0.550000000000,0.000000000000,0.030000000000,0.000327815112,ALTA,1586.800000000000,1586.800000000000,1586.600000000000,1586.620000000000,0.180000000000,0.200000000000,0.000000000000,0.020000000000,-0.000113435846,BAIXA,1586.620000000000,1586.760000000000,1586.600000000000,1586.760000000000,0.140000000000,0.160000000000,0.000000000000,0.020000000000,0.000088237889,ALTA,1586.760000000000,1586.820000000000,1586.520000000000,1586.520000000000,0.240000000000,0.300000000000,0.060000000000,0.000000000000,-0.000151251607,BAIXA,1586.450000000000,1586.520000000000,1586.300000000000,1586.300000000000,0.150000000000,0.220000000000,0.070000000000,0.000000000000,-0.000094550726,BAIXA,1586.300000000000,1586.420000000000,1586.260000000000,1586.360000000000,0.060000000000,0.160000000000,0.060000000000,0.040000000000,0.000037823867,ALTA,1586.360000000000,1586.360000000000,1586.070000000000,1586.090000000000,0.270000000000,0.290000000000,0.000000000000,0.020000000000,-0.000170200963,BAIXA,1586.090000000000,1586.180000000000,1585.940000000000,1586.010000000000,0.080000000000,0.240000000000,0.090000000000,0.070000000000,-0.000050438500,BAIXA,1586.010000000000,1586.260000000000,1586.010000000000,1586.130000000000,0.120000000000,0.250000000000,0.130000000000,0.000000000000,0.000075661566,ALTA,1586.110000000000,1586.180000000000,1586.010000000000,1586.160000000000,0.050000000000,0.170000000000,0.020000000000,0.100000000000,0.000031523665,ALTA,57.983193277313,1586.150000000000,1586.373000000000,1586.094000000000,1586.174252583202,1586.200707939132,1586.102621397670,0.000044133687,-0.000088255689,-0.000063041368,0.248571428571,0.000156712708,0.000086565817,0.000143579683,1586.373000000000,1586.909585501109,1585.836414498891,0.000676493487,0.301522777302,1585.940000000000,1586.820000000000,0.000138699753,0.000416099259,0.000006304534,-0.000134286579,0.000041609926,-0.000161396076,0.000013869975,5,5,0,-0.000063041368,0.661575819042,0.190582887701,0.147841293257,0.000160114587,2,1,0.294117647060,0.117647058823,0.588235294117,0.882352941177,1586.160000000000,1586.210000000000,CIMA,1789070565000
"USDARS_otc","2026-09-10 17:00:30","2026-09-10 17:02:45",1586.800000000000,1586.800000000000,1586.600000000000,1586.620000000000,0.180000000000,0.200000000000,0.000000000000,0.020000000000,-0.000113435846,BAIXA,1586.620000000000,1586.760000000000,1586.600000000000,1586.760000000000,0.140000000000,0.160000000000,0.000000000000,0.020000000000,0.000088237889,ALTA,1586.760000000000,1586.820000000000,1586.520000000000,1586.520000000000,0.240000000000,0.300000000000,0.060000000000,0.000000000000,-0.000151251607,BAIXA,1586.450000000000,1586.520000000000,1586.300000000000,1586.300000000000,0.150000000000,0.220000000000,0.070000000000,0.000000000000,-0.000094550726,BAIXA,1586.300000000000,1586.420000000000,1586.260000000000,1586.360000000000,0.060000000000,0.160000000000,0.060000000000,0.040000000000,0.000037823867,ALTA,1586.360000000000,1586.360000000000,1586.070000000000,1586.090000000000,0.270000000000,0.290000000000,0.000000000000,0.020000000000,-0.000170200963,BAIXA,1586.090000000000,1586.180000000000,1585.940000000000,1586.010000000000,0.080000000000,0.240000000000,0.090000000000,0.070000000000,-0.000050438500,BAIXA,1586.010000000000,1586.260000000000,1586.010000000000,1586.130000000000,0.120000000000,0.250000000000,0.130000000000,0.000000000000,0.000075661566,ALTA,1586.110000000000,1586.180000000000,1586.010000000000,1586.160000000000,0.050000000000,0.170000000000,0.020000000000,0.100000000000,0.000031523665,ALTA,1586.160000000000,1586.230000000000,1586.070000000000,1586.210000000000,0.050000000000,0.160000000000,0.020000000000,0.090000000000,0.000031522671,ALTA,57.627118644070,1586.120000000000,1586.316000000000,1586.124500000000,1586.186135308649,1586.202452923777,1586.112847931225,0.000126102610,-0.000094556091,-0.000359218039,0.250000000000,0.000157608387,0.000085791479,0.000093366766,1586.316000000000,1586.784290508125,1585.847709491875,0.000590412639,0.386822391058,1585.940000000000,1586.820000000000,0.000170217058,0.000384564465,0.000056739019,-0.000066825956,0.000053902068,-0.000085738963,-0.000034043412,5,5,0,-0.000371817494,0.598280364497,0.203082887701,0.198636747802,0.000135529089,3,1,0.312500000000,0.125000000000,0.562500000001,0.875000000000,1586.210000000000,1586.300000000000,CIMA,1789070580000
"USDARS_otc","2026-09-10 17:00:45","2026-09-10 17:03:00",1586.620000000000,1586.760000000000,1586.600000000000,1586.760000000000,0.140000000000,0.160000000000,0.000000000000,0.020000000000,0.000088237889,ALTA,1586.760000000000,1586.820000000000,1586.520000000000,1586.520000000000,0.240000000000,0.300000000000,0.060000000000,0.000000000000,-0.000151251607,BAIXA,1586.450000000000,1586.520000000000,1586.300000000000,1586.300000000000,0.150000000000,0.220000000000,0.070000000000,0.000000000000,-0.000094550726,BAIXA,1586.300000000000,1586.420000000000,1586.260000000000,1586.360000000000,0.060000000000,0.160000000000,0.060000000000,0.040000000000,0.000037823867,ALTA,1586.360000000000,1586.360000000000,1586.070000000000,1586.090000000000,0.270000000000,0.290000000000,0.000000000000,0.020000000000,-0.000170200963,BAIXA,1586.090000000000,1586.180000000000,1585.940000000000,1586.010000000000,0.080000000000,0.240000000000,0.090000000000,0.070000000000,-0.000050438500,BAIXA,1586.010000000000,1586.260000000000,1586.010000000000,1586.130000000000,0.120000000000,0.250000000000,0.130000000000,0.000000000000,0.000075661566,ALTA,1586.110000000000,1586.180000000000,1586.010000000000,1586.160000000000,0.050000000000,0.170000000000,0.020000000000,0.100000000000,0.000031523665,ALTA,1586.160000000000,1586.230000000000,1586.070000000000,1586.210000000000,0.050000000000,0.160000000000,0.020000000000,0.090000000000,0.000031522671,ALTA,1586.210000000000,1586.350000000000,1586.130000000000,1586.300000000000,0.090000000000,0.220000000000,0.050000000000,0.080000000000,0.000056739019,ALTA,59.917355371901,1586.162000000000,1586.284000000000,1586.165000000000,1586.224150351498,1586.220162629214,1586.130671937775,0.000107179109,0.000132401062,-0.000201686604,0.252142857143,0.000158950298,0.000043205471,0.000094373532,1586.284000000000,1586.706298472647,1585.861701527353,0.000532437411,0.518943947275,1585.940000000000,1586.820000000000,0.000226943201,0.000327806846,0.000086994894,0.000010086364,0.000085103700,-0.000010086364,-0.000062409380,6,4,0,-0.000201686604,0.549189455406,0.225810160428,0.225000384166,0.000136794645,4,1,0.409090909091,0.227272727273,0.363636363636,0.772727272727,1586.300000000000,1586.240000000000,BAIXO,1789070595000
"USDARS_otc","2026-09-10 17:01:00","2026-09-10 17:03:15",1586.760000000000,1586.820000000000,1586.520000000000,1586.520000000000,0.240000000000,0.300000000000,0.060000000000,0.000000000000,-0.000151251607,BAIXA,1586.450000000000,1586.520000000000,1586.300000000000,1586.300000000000,0.150000000000,0.220000000000,0.070000000000,0.000000000000,-0.000094550726,BAIXA,1586.300000000000,1586.420000000000,1586.260000000000,1586.360000000000,0.060000000000,0.160000000000,0.060000000000,0.040000000000,0.000037823867,ALTA,1586.360000000000,1586.360000000000,1586.070000000000,1586.090000000000,0.270000000000,0.290000000000,0.000000000000,0.020000000000,-0.000170200963,BAIXA,1586.090000000000,1586.180000000000,1585.940000000000,1586.010000000000,0.080000000000,0.240000000000,0.090000000000,0.070000000000,-0.000050438500,BAIXA,1586.010000000000,1586.260000000000,1586.010000000000,1586.130000000000,0.120000000000,0.250000000000,0.130000000000,0.000000000000,0.000075661566,ALTA,1586.110000000000,1586.180000000000,1586.010000000000,1586.160000000000,0.050000000000,0.170000000000,0.020000000000,0.100000000000,0.000031523665,ALTA,1586.160000000000,1586.230000000000,1586.070000000000,1586.210000000000,0.050000000000,0.160000000000,0.020000000000,0.090000000000,0.000031522671,ALTA,1586.210000000000,1586.350000000000,1586.130000000000,1586.300000000000,0.090000000000,0.220000000000,0.050000000000,0.080000000000,0.000056739019,ALTA,1586.300000000000,1586.550000000000,1586.240000000000,1586.240000000000,0.060000000000,0.310000000000,0.250000000000,0.000000000000,-0.000037823867,BAIXA,55.217391304348,1586.208000000000,1586.232000000000,1586.192500000000,1586.229475669678,1586.223811879633,1586.141084134177,0.000050436274,0.000145018001,-0.000327711815,0.255714285714,0.000161207816,0.000038782151,0.000087197974,1586.232000000000,1586.510682615173,1585.953317384826,0.000351376867,0.514353245529,1585.940000000000,1586.820000000000,0.000189126488,0.000365644543,0.000020173492,0.000005043373,0.000029945027,0.000036564454,-0.000088889449,5,5,0,-0.000327711815,0.481044294116,0.306455321718,0.212500384166,0.000146252646,1,-1,0.193548387097,0.806451612903,0.000000000000,0.000000000000,1586.240000000000,1586.010000000000,BAIXO,1789070610000
"USDARS_otc","2026-09-10 17:01:15","2026-09-10 17:03:30",1586.450000000000,1586.520000000000,1586.300000000000,1586.300000000000,0.150000000000,0.220000000000,0.070000000000,0.000000000000,-0.000094550726,BAIXA,1586.300000000000,1586.420000000000,1586.260000000000,1586.360000000000,0.060000000000,0.160000000000,0.060000000000,0.040000000000,0.000037823867,ALTA,1586.360000000000,1586.360000000000,1586.070000000000,1586.090000000000,0.270000000000,0.290000000000,0.000000000000,0.020000000000,-0.000170200963,BAIXA,1586.090000000000,1586.180000000000,1585.940000000000,1586.010000000000,0.080000000000,0.240000000000,0.090000000000,0.070000000000,-0.000050438500,BAIXA,1586.010000000000,1586.260000000000,1586.010000000000,1586.130000000000,0.120000000000,0.250000000000,0.130000000000,0.000000000000,0.000075661566,ALTA,1586.110000000000,1586.180000000000,1586.010000000000,1586.160000000000,0.050000000000,0.170000000000,0.020000000000,0.100000000000,0.000031523665,ALTA,1586.160000000000,1586.230000000000,1586.070000000000,1586.210000000000,0.050000000000,0.160000000000,0.020000000000,0.090000000000,0.000031522671,ALTA,1586.210000000000,1586.350000000000,1586.130000000000,1586.300000000000,0.090000000000,0.220000000000,0.050000000000,0.080000000000,0.000056739019,ALTA,1586.300000000000,1586.550000000000,1586.240000000000,1586.240000000000,0.060000000000,0.310000000000,0.250000000000,0.000000000000,-0.000037823867,BAIXA,1586.220000000000,1586.220000000000,1585.930000000000,1586.010000000000,0.210000000000,0.290000000000,0.000000000000,0.080000000000,-0.000132390211,BAIXA,44.493392070485,1586.184000000000,1586.181000000000,1586.201500000000,1586.156317113119,1586.184868410092,1586.128599930922,-0.000126086710,-0.000075655842,-0.000321458286,0.252857142857,0.000159429728,0.000071945898,0.000086364336,1586.181000000000,1586.412939647322,1585.949060352678,0.000292450417,0.131369621420,1585.930000000000,1586.550000000000,0.000050441044,0.000340477046,-0.000109709270,-0.000107817731,-0.000120743249,0.000040352835,-0.000085119262,5,5,0,-0.000277348798,0.473458087219,0.286455321718,0.240086591063,0.000145628652,2,-1,0.724137931035,0.000000000000,0.275862068965,0.275862068965,1586.010000000000,1585.840000000000,BAIXO,1789070625000
"USDARS_otc","2026-09-10 17:01:30","2026-09-10 17:03:45",1586.300000000000,1586.420000000000,1586.260000000000,1586.360000000000,0.060000000000,0.160000000000,0.060000000000,0.040000000000,0.000037823867,ALTA,1586.360000000000,1586.360000000000,1586.070000000000,1586.090000000000,0.270000000000,0.290000000000,0.000000000000,0.020000000000,-0.000170200963,BAIXA,1586.090000000000,1586.180000000000,1585.940000000000,1586.010000000000,0.080000000000,0.240000000000,0.090000000000,0.070000000000,-0.000050438500,BAIXA,1586.010000000000,1586.260000000000,1586.010000000000,1586.130000000000,0.120000000000,0.250000000000,0.130000000000,0.000000000000,0.000075661566,ALTA,1586.110000000000,1586.180000000000,1586.010000000000,1586.160000000000,0.050000000000,0.170000000000,0.020000000000,0.100000000000,0.000031523665,ALTA,1586.160000000000,1586.230000000000,1586.070000000000,1586.210000000000,0.050000000000,0.160000000000,0.020000000000,0.090000000000,0.000031522671,ALTA,1586.210000000000,1586.350000000000,1586.130000000000,1586.300000000000,0.090000000000,0.220000000000,0.050000000000,0.080000000000,0.000056739019,ALTA,1586.300000000000,1586.550000000000,1586.240000000000,1586.240000000000,0.060000000000,0.310000000000,0.250000000000,0.000000000000,-0.000037823867,BAIXA,1586.220000000000,1586.220000000000,1585.930000000000,1586.010000000000,0.210000000000,0.290000000000,0.000000000000,0.080000000000,-0.000132390211,BAIXA,1586.010000000000,1586.100000000000,1585.820000000000,1585.840000000000,0.170000000000,0.280000000000,0.090000000000,0.020000000000,-0.000107187218,BAIXA,25.520833333333,1586.120000000000,1586.135000000000,1586.202000000000,1586.050863038980,1586.122318556600,1586.101114223215,-0.000289982979,-0.000201745095,-0.000289982979,0.233571428571,0.000147285621,0.000077481021,0.000082929557,1586.135000000000,1586.428564303007,1585.841435696993,0.000370163073,-0.002445285374,1585.820000000000,1586.550000000000,0.000012611613,0.000447712253,-0.000176562579,-0.000186021288,-0.000228270191,-0.000026484387,-0.000093956515,5,5,0,-0.000289982979,0.465990554752,0.286779997043,0.247229448206,0.000149415578,3,-1,0.607142857143,0.321428571428,0.071428571429,0.071428571429,1585.840000000000,1585.930000000000,CIMA,1789070640000
"USDARS_otc","2026-09-10 17:01:45","2026-09-10 17:04:00",1586.360000000000,1586.360000000000,1586.070000000000,1586.090000000000,0.270000000000,0.290000000000,0.000000000000,0.020000000000,-0.000170200963,BAIXA,1586.090000000000,1586.180000000000,1585.940000000000,1586.010000000000,0.080000000000,0.240000000000,0.090000000000,0.070000000000,-0.000050438500,BAIXA,1586.010000000000,1586.260000000000,1586.010000000000,1586.130000000000,0.120000000000,0.250000000000,0.130000000000,0.000000000000,0.000075661566,ALTA,1586.110000000000,1586.180000000000,1586.010000000000,1586.160000000000,0.050000000000,0.170000000000,0.020000000000,0.100000000000,0.000031523665,ALTA,1586.160000000000,1586.230000000000,1586.070000000000,1586.210000000000,0.050000000000,0.160000000000,0.020000000000,0.090000000000,0.000031522671,ALTA,1586.210000000000,1586.350000000000,1586.130000000000,1586.300000000000,0.090000000000,0.220000000000,0.050000000000,0.080000000000,0.000056739019,ALTA,1586.300000000000,1586.550000000000,1586.240000000000,1586.240000000000,0.060000000000,0.310000000000,0.250000000000,0.000000000000,-0.000037823867,BAIXA,1586.220000000000,1586.220000000000,1585.930000000000,1586.010000000000,0.210000000000,0.290000000000,0.000000000000,0.080000000000,-0.000132390211,BAIXA,1586.010000000000,1586.100000000000,1585.820000000000,1585.840000000000,0.170000000000,0.280000000000,0.090000000000,0.020000000000,-0.000107187218,BAIXA,1585.840000000000,1586.020000000000,1585.820000000000,1585.930000000000,0.090000000000,0.200000000000,0.090000000000,0.020000000000,0.000056752257,ALTA,31.351351351357,1586.064000000000,1586.092000000000,1586.209500000000,1586.010596410326,1586.087289495625,1586.084817630528,-0.000195430704,-0.000176521394,-0.000271060793,0.233571428571,0.000147277262,0.000082646678,0.000084631705,1586.092000000000,1586.366488615429,1585.817511384571,0.000346119412,0.204905794095,1585.820000000000,1586.550000000000,0.000069359934,0.000390937809,-0.000084493010,-0.000102148266,-0.000176237287,-0.000090798459,-0.000088276280,5,5,0,-0.000271060793,0.473490554752,0.294279997043,0.232229448206,0.000151940826,1,1,0.450000000001,0.449999999999,0.100000000000,0.550000000001,1585.930000000000,1585.830000000000,BAIXO,1789070655000
"USDARS_otc","2026-09-10 17:02:00","2026-09-10 17:04:15",1586.090000000000,1586.180000000000,1585.940000000000,1586.010000000000,0.080000000000,0.240000000000,0.090000000000,0.070000000000,-0.000050438500,BAIXA,1586.010000000000,1586.260000000000,1586.010000000000,1586.130000000000,0.120000000000,0.250000000000,0.130000000000,0.000000000000,0.000075661566,ALTA,1586.110000000000,1586.180000000000,1586.010000000000,1586.160000000000,0.050000000000,0.170000000000,0.020000000000,0.100000000000,0.000031523665,ALTA,1586.160000000000,1586.230000000000,1586.070000000000,1586.210000000000,0.050000000000,0.160000000000,0.020000000000,0.090000000000,0.000031522671,ALTA,1586.210000000000,1586.350000000000,1586.130000000000,1586.300000000000,0.090000000000,0.220000000000,0.050000000000,0.080000000000,0.000056739019,ALTA,1586.300000000000,1586.550000000000,1586.240000000000,1586.240000000000,0.060000000000,0.310000000000,0.250000000000,0.000000000000,-0.000037823867,BAIXA,1586.220000000000,1586.220000000000,1585.930000000000,1586.010000000000,0.210000000000,0.290000000000,0.000000000000,0.080000000000,-0.000132390211,BAIXA,1586.010000000000,1586.100000000000,1585.820000000000,1585.840000000000,0.170000000000,0.280000000000,0.090000000000,0.020000000000,-0.000107187218,BAIXA,1585.840000000000,1586.020000000000,1585.820000000000,1585.930000000000,0.090000000000,0.200000000000,0.090000000000,0.020000000000,0.000056752257,ALTA,1585.930000000000,1586.020000000000,1585.810000000000,1585.830000000000,0.100000000000,0.210000000000,0.090000000000,0.020000000000,-0.000063054485,BAIXA,24.309392265194,1585.970000000000,1586.066000000000,1586.208500000000,1585.950388585024,1586.040411612566,1586.060549284763,-0.000113492349,-0.000296286957,-0.000163925124,0.237142857143,0.000149538637,0.000068674008,0.000071619342,1586.066000000000,1586.382379518933,1585.749620481068,0.000398948744,0.127030218649,1585.810000000000,1586.550000000000,0.000012611692,0.000454020923,-0.000088281846,-0.000148817969,-0.000238676277,-0.000134945108,-0.000072517231,5,5,0,-0.000163925124,0.428006154095,0.337137139900,0.234856706005,0.000146901424,1,-1,0.476190476191,0.428571428571,0.095238095238,0.095238095238,1585.830000000000,1585.700000000000,BAIXO,1789070670000
"USDARS_otc","2026-09-10 17:02:15","2026-09-10 17:04:30",1586.010000000000,1586.260000000000,1586.010000000000,1586.130000000000,0.120000000000,0.250000000000,0.130000000000,0.000000000000,0.000075661566,ALTA,1586.110000000000,1586.180000000000,1586.010000000000,1586.160000000000,0.050000000000,0.170000000000,0.020000000000,0.100000000000,0.000031523665,ALTA,1586.160000000000,1586.230000000000,1586.070000000000,1586.210000000000,0.050000000000,0.160000000000,0.020000000000,0.090000000000,0.000031522671,ALTA,1586.210000000000,1586.350000000000,1586.130000000000,1586.300000000000,0.090000000000,0.220000000000,0.050000000000,0.080000000000,0.000056739019,ALTA,1586.300000000000,1586.550000000000,1586.240000000000,1586.240000000000,0.060000000000,0.310000000000,0.250000000000,0.000000000000,-0.000037823867,BAIXA,1586.220000000000,1586.220000000000,1585.930000000000,1586.010000000000,0.210000000000,0.290000000000,0.000000000000,0.080000000000,-0.000132390211,BAIXA,1586.010000000000,1586.100000000000,1585.820000000000,1585.840000000000,0.170000000000,0.280000000000,0.090000000000,0.020000000000,-0.000107187218,BAIXA,1585.840000000000,1586.020000000000,1585.820000000000,1585.930000000000,0.090000000000,0.200000000000,0.090000000000,0.020000000000,0.000056752257,ALTA,1585.930000000000,1586.020000000000,1585.810000000000,1585.830000000000,0.100000000000,0.210000000000,0.090000000000,0.020000000000,-0.000063054485,BAIXA,1585.830000000000,1585.900000000000,1585.700000000000,1585.700000000000,0.130000000000,0.200000000000,0.070000000000,0.000000000000,-0.000081976000,BAIXA,25.882352941179,1585.862000000000,1586.035000000000,1586.202500000000,1585.866979854508,1585.978498997146,1586.026211257643,-0.000088281289,-0.000340427678,-0.000195459045,0.230000000000,0.000145046352,0.000068186570,0.000073712950,1586.035000000000,1586.420460763243,1585.649539236757,0.000486068420,0.065455122875,1585.700000000000,1586.550000000000,0.000000000000,0.000536040865,-0.000102163083,-0.000211263165,-0.000316894747,-0.000162704169,-0.000063063631,5,5,0,-0.000195459045,0.459672820762,0.334637139900,0.205690039339,0.000144381566,2,-1,0.649999999999,0.350000000001,0.000000000000,0.000000000000,1585.700000000000,1585.870000000000,CIMA,1789070685000
"USDARS_otc","2026-09-10 17:02:30","2026-09-10 17:04:45",1586.110000000000,1586.180000000000,1586.010000000000,1586.160000000000,0.050000000000,0.170000000000,0.020000000000,0.100000000000,0.000031523665,ALTA,1586.160000000000,1586.230000000000,1586.070000000000,1586.210000000000,0.050000000000,0.160000000000,0.020000000000,0.090000000000,0.000031522671,ALTA,1586.210000000000,1586.350000000000,1586.130000000000,1586.300000000000,0.090000000000,0.220000000000,0.050000000000,0.080000000000,0.000056739019,ALTA,1586.300000000000,1586.550000000000,1586.240000000000,1586.240000000000,0.060000000000,0.310000000000,0.250000000000,0.000000000000,-0.000037823867,BAIXA,1586.220000000000,1586.220000000000,1585.930000000000,1586.010000000000,0.210000000000,0.290000000000,0.000000000000,0.080000000000,-0.000132390211,BAIXA,1586.010000000000,1586.100000000000,1585.820000000000,1585.840000000000,0.170000000000,0.280000000000,0.090000000000,0.020000000000,-0.000107187218,BAIXA,1585.840000000000,1586.020000000000,1585.820000000000,1585.930000000000,0.090000000000,0.200000000000,0.090000000000,0.020000000000,0.000056752257,ALTA,1585.930000000000,1586.020000000000,1585.810000000000,1585.830000000000,0.100000000000,0.210000000000,0.090000000000,0.020000000000,-0.000063054485,BAIXA,1585.830000000000,1585.900000000000,1585.700000000000,1585.700000000000,0.130000000000,0.200000000000,0.070000000000,0.000000000000,-0.000081976000,BAIXA,1585.700000000000,1586.000000000000,1585.620000000000,1585.870000000000,0.170000000000,0.380000000000,0.130000000000,0.080000000000,0.000107208173,ALTA,36.969696969694,1585.834000000000,1586.009000000000,1586.196000000000,1585.868064759124,1585.958843754916,1586.011333995010,-0.000037832691,-0.000088271827,-0.000163920990,0.241428571429,0.000152237303,0.000084073271,0.000078255059,1586.009000000000,1586.400351504405,1585.617648495595,0.000493504771,0.322410290448,1585.620000000000,1586.550000000000,0.000157642177,0.000428786723,0.000022700474,-0.000087649051,-0.000205565399,-0.000145030803,-0.000052337203,5,5,0,-0.000151313591,0.456409662867,0.316847666216,0.226742670918,0.000152582920,1,1,0.447368421052,0.342105263158,0.210526315790,0.657894736842,1585.870000000000,1585.600000000000,BAIXO,1789070700000
"USDARS_otc","2026-09-10 17:02:45","2026-09-10 17:05:00",1586.160000000000,1586.230000000000,1586.070000000000,1586.210000000000,0.050000000000,0.160000000000,0.020000000000,0.090000000000,0.000031522671,ALTA,1586.210000000000,1586.350000000000,1586.130000000000,1586.300000000000,0.090000000000,0.220000000000,0.050000000000,0.080000000000,0.000056739019,ALTA,1586.300000000000,1586.550000000000,1586.240000000000,1586.240000000000,0.060000000000,0.310000000000,0.250000000000,0.000000000000,-0.000037823867,BAIXA,1586.220000000000,1586.220000000000,1585.930000000000,1586.010000000000,0.210000000000,0.290000000000,0.000000000000,0.080000000000,-0.000132390211,BAIXA,1586.010000000000,1586.100000000000,1585.820000000000,1585.840000000000,0.170000000000,0.280000000000,0.090000000000,0.020000000000,-0.000107187218,BAIXA,1585.840000000000,1586.020000000000,1585.820000000000,1585.930000000000,0.090000000000,0.200000000000,0.090000000000,0.020000000000,0.000056752257,ALTA,1585.930000000000,1586.020000000000,1585.810000000000,1585.830000000000,0.100000000000,0.210000000000,0.090000000000,0.020000000000,-0.000063054485,BAIXA,1585.830000000000,1585.900000000000,1585.700000000000,1585.700000000000,0.130000000000,0.200000000000,0.070000000000,0.000000000000,-0.000081976000,BAIXA,1585.700000000000,1586.000000000000,1585.620000000000,1585.870000000000,0.170000000000,0.380000000000,0.130000000000,0.080000000000,0.000107208173,ALTA,1585.890000000000,1585.890000000000,1585.540000000000,1585.600000000000,0.290000000000,0.350000000000,0.000000000000,0.060000000000,-0.000182862620,BAIXA,29.569892473117,1585.786000000000,1585.953000000000,1586.163000000000,1585.778866218319,1585.893589638364,1585.972159328819,-0.000145034461,-0.000151339353,-0.000353053916,0.255000000000,0.000160822402,0.000099816681,0.000089491696,1585.953000000000,1586.398425639136,1585.507574360864,0.000561713543,0.103749796841,1585.540000000000,1586.550000000000,0.000037840565,0.000599142281,-0.000117305752,-0.000222628658,-0.000355070636,-0.000116044400,-0.000071266398,4,6,0,-0.000353053916,0.509855041018,0.305082960333,0.185061998649,0.000163934500,1,-1,0.828571428572,0.000000000000,0.171428571428,0.171428571428,1585.600000000000,1585.580000000000,BAIXO,1789070715000
"USDARS_otc","2026-09-10 17:03:00","2026-09-10 17:05:15",1586.210000000000,1586.350000000000,1586.130000000000,1586.300000000000,0.090000000000,0.220000000000,0.050000000000,0.080000000000,0.000056739019,ALTA,1586.300000000000,1586.550000000000,1586.240000000000,1586.240000000000,0.060000000000,0.310000000000,0.250000000000,0.000000000000,-0.000037823867,BAIXA,1586.220000000000,1586.220000000000,1585.930000000000,1586.010000000000,0.210000000000,0.290000000000,0.000000000000,0.080000000000,-0.000132390211,BAIXA,1586.010000000000,1586.100000000000,1585.820000000000,1585.840000000000,0.170000000000,0.280000000000,0.090000000000,0.020000000000,-0.000107187218,BAIXA,1585.840000000000,1586.020000000000,1585.820000000000,1585.930000000000,0.090000000000,0.200000000000,0.090000000000,0.020000000000,0.000056752257,ALTA,1585.930000000000,1586.020000000000,1585.810000000000,1585.830000000000,0.100000000000,0.210000000000,0.090000000000,0.020000000000,-0.000063054485,BAIXA,1585.830000000000,1585.900000000000,1585.700000000000,1585.700000000000,0.130000000000,0.200000000000,0.070000000000,0.000000000000,-0.000081976000,BAIXA,1585.700000000000,1586.000000000000,1585.620000000000,1585.870000000000,0.170000000000,0.380000000000,0.130000000000,0.080000000000,0.000107208173,ALTA,1585.890000000000,1585.890000000000,1585.540000000000,1585.600000000000,0.290000000000,0.350000000000,0.000000000000,0.060000000000,-0.000182862620,BAIXA,1585.600000000000,1585.640000000000,1585.500000000000,1585.580000000000,0.020000000000,0.140000000000,0.040000000000,0.080000000000,-0.000012613522,BAIXA,34.161490683229,1585.716000000000,1585.890000000000,1586.103000000000,1585.712529362294,1585.836612530385,1585.934810821312,-0.000075676357,-0.000220690699,-0.000397173136,0.244285714286,0.000154067101,0.000091207606,0.000087144493,1585.890000000000,1586.350173880180,1585.429826119820,0.000580335181,0.163170799830,1585.500000000000,1586.550000000000,0.000050454723,0.000611763519,-0.000085773029,-0.000195512052,-0.000329847753,-0.000092079870,-0.000091449186,3,7,0,-0.000397173136,0.492890755304,0.321154388905,0.185954855791,0.000162676711,2,-1,0.142857142857,0.285714285715,0.571428571428,0.571428571428,1585.580000000000,1585.370000000000,BAIXO,1789070730000
"USDARS_otc","2026-09-10 17:03:15","2026-09-10 17:05:30",1586.300000000000,1586.550000000000,1586.240000000000,1586.240000000000,0.060000000000,0.310000000000,0.250000000000,0.000000000000,-0.000037823867,BAIXA,1586.220000000000,1586.220000000000,1585.930000000000,1586.010000000000,0.210000000000,0.290000000000,0.000000000000,0.080000000000,-0.000132390211,BAIXA,1586.010000000000,1586.100000000000,1585.820000000000,1585.840000000000,0.170000000000,0.280000000000,0.090000000000,0.020000000000,-0.000107187218,BAIXA,1585.840000000000,1586.020000000000,1585.820000000000,1585.930000000000,0.090000000000,0.200000000000,0.090000000000,0.020000000000,0.000056752257,ALTA,1585.930000000000,1586.020000000000,1585.810000000000,1585.830000000000,0.100000000000,0.210000000000,0.090000000000,0.020000000000,-0.000063054485,BAIXA,1585.830000000000,1585.900000000000,1585.700000000000,1585.700000000000,0.130000000000,0.200000000000,0.070000000000,0.000000000000,-0.000081976000,BAIXA,1585.700000000000,1586.000000000000,1585.620000000000,1585.870000000000,0.170000000000,0.380000000000,0.130000000000,0.080000000000,0.000107208173,ALTA,1585.890000000000,1585.890000000000,1585.540000000000,1585.600000000000,0.290000000000,0.350000000000,0.000000000000,0.060000000000,-0.000182862620,BAIXA,1585.600000000000,1585.640000000000,1585.500000000000,1585.580000000000,0.020000000000,0.140000000000,0.040000000000,0.080000000000,-0.000012613522,BAIXA,1585.580000000000,1585.650000000000,1585.350000000000,1585.370000000000,0.210000000000,0.300000000000,0.070000000000,0.020000000000,-0.000132443648,BAIXA,31.609195402296,1585.624000000000,1585.797000000000,1586.040500000000,1585.598395010209,1585.751871863261,1585.881019314521,-0.000315284355,-0.000290068923,-0.000586269936,0.248571428571,0.000156790799,0.000098052269,0.000084649700,1585.797000000000,1586.263994646650,1585.330005353350,0.000588971535,0.042821311697,1585.350000000000,1586.550000000000,0.000012615352,0.000744305746,-0.000160214966,-0.000269337757,-0.000422929663,-0.000132461192,-0.000133722727,2,8,0,-0.000586269936,0.521981664395,0.321760449511,0.156257886094,0.000167727694,3,-1,0.700000000000,0.233333333334,0.066666666667,0.066666666667,1585.370000000000,1585.240000000000,BAIXO,1789070745000
"USDARS_otc","2026-09-10 17:03:30","2026-09-10 17:05:45",1586.220000000000,1586.220000000000,1585.930000000000,1586.010000000000,0.210000000000,0.290000000000,0.000000000000,0.080000000000,-0.000132390211,BAIXA,1586.010000000000,1586.100000000000,1585.820000000000,1585.840000000000,0.170000000000,0.280000000000,0.090000000000,0.020000000000,-0.000107187218,BAIXA,1585.840000000000,1586.020000000000,1585.820000000000,1585.930000000000,0.090000000000,0.200000000000,0.090000000000,0.020000000000,0.000056752257,ALTA,1585.930000000000,1586.020000000000,1585.810000000000,1585.830000000000,0.100000000000,0.210000000000,0.090000000000,0.020000000000,-0.000063054485,BAIXA,1585.830000000000,1585.900000000000,1585.700000000000,1585.700000000000,0.130000000000,0.200000000000,0.070000000000,0.000000000000,-0.000081976000,BAIXA,1585.700000000000,1586.000000000000,1585.620000000000,1585.870000000000,0.170000000000,0.380000000000,0.130000000000,0.080000000000,0.000107208173,ALTA,1585.890000000000,1585.890000000000,1585.540000000000,1585.600000000000,0.290000000000,0.350000000000,0.000000000000,0.060000000000,-0.000182862620,BAIXA,1585.600000000000,1585.640000000000,1585.500000000000,1585.580000000000,0.020000000000,0.140000000000,0.040000000000,0.080000000000,-0.000012613522,BAIXA,1585.580000000000,1585.650000000000,1585.350000000000,1585.370000000000,0.210000000000,0.300000000000,0.070000000000,0.020000000000,-0.000132443648,BAIXA,1585.370000000000,1585.410000000000,1585.240000000000,1585.240000000000,0.130000000000,0.170000000000,0.040000000000,0.000000000000,-0.000081999786,BAIXA,24.571428571422,1585.532000000000,1585.697000000000,1585.964500000000,1585.478857831928,1585.658800985933,1585.819969855995,-0.000227043391,-0.000290092704,-0.000630421626,0.242857142857,0.000153198975,0.000098053431,0.000084600847,1585.697000000000,1586.169952428897,1585.224047571102,0.000596523080,0.016864728800,1585.240000000000,1586.220000000000,0.000000000000,0.000618202922,-0.000184199238,-0.000288284424,-0.000457028589,-0.000160228104,-0.000161489743,2,8,0,-0.000617820983,0.579097413920,0.264644699985,0.156257886094,0.000158908412,4,-1,0.764705882352,0.235294117648,0.000000000000,0.000000000000,1585.240000000000,1584.870000000000,BAIXO,1789070760000
"USDARS_otc","2026-09-10 17:03:45","2026-09-10 17:06:00",1586.010000000000,1586.100000000000,1585.820000000000,1585.840000000000,0.170000000000,0.280000000000,0.090000000000,0.020000000000,-0.000107187218,BAIXA,1585.840000000000,1586.020000000000,1585.820000000000,1585.930000000000,0.090000000000,0.200000000000,0.090000000000,0.020000000000,0.000056752257,ALTA,1585.930000000000,1586.020000000000,1585.810000000000,1585.830000000000,0.100000000000,0.210000000000,0.090000000000,0.020000000000,-0.000063054485,BAIXA,1585.830000000000,1585.900000000000,1585.700000000000,1585.700000000000,0.130000000000,0.200000000000,0.070000000000,0.000000000000,-0.000081976000,BAIXA,1585.700000000000,1586.000000000000,1585.620000000000,1585.870000000000,0.170000000000,0.380000000000,0.130000000000,0.080000000000,0.000107208173,ALTA,1585.890000000000,1585.890000000000,1585.540000000000,1585.600000000000,0.290000000000,0.350000000000,0.000000000000,0.060000000000,-0.000182862620,BAIXA,1585.600000000000,1585.640000000000,1585.500000000000,1585.580000000000,0.020000000000,0.140000000000,0.040000000000,0.080000000000,-0.000012613522,BAIXA,1585.580000000000,1585.650000000000,1585.350000000000,1585.370000000000,0.210000000000,0.300000000000,0.070000000000,0.020000000000,-0.000132443648,BAIXA,1585.370000000000,1585.410000000000,1585.240000000000,1585.240000000000,0.130000000000,0.170000000000,0.040000000000,0.000000000000,-0.000081999786,BAIXA,1585.210000000000,1585.210000000000,1584.780000000000,1584.870000000000,0.340000000000,0.430000000000,0.000000000000,0.090000000000,-0.000214482624,BAIXA,19.138755980855,1585.332000000000,1585.583000000000,1585.882000000000,1585.275839060980,1585.515425080585,1585.729476542558,-0.000447785668,-0.000630568710,-0.000718784875,0.263571428571,0.000166304762,0.000075269839,0.000096485859,1585.583000000000,1586.220247204780,1584.945752795220,0.000803801762,-0.059437526483,1584.780000000000,1586.100000000000,0.000056786992,0.000776088891,-0.000291506559,-0.000449879170,-0.000638538177,-0.000242291166,-0.000193706739,2,8,0,-0.000718784875,0.585753388259,0.264644699985,0.149601911756,0.000167751698,5,-1,0.790697674419,0.000000000000,0.209302325581,0.209302325581,1584.870000000000,1584.950000000000,CIMA,1789070775000
"USDARS_otc","2026-09-10 17:04:00","2026-09-10 17:06:15",1585.840000000000,1586.020000000000,1585.820000000000,1585.930000000000,0.090000000000,0.200000000000,0.090000000000,0.020000000000,0.000056752257,ALTA,1585.930000000000,1586.020000000000,1585.810000000000,1585.830000000000,0.100000000000,0.210000000000,0.090000000000,0.020000000000,-0.000063054485,BAIXA,1585.830000000000,1585.900000000000,1585.700000000000,1585.700000000000,0.130000000000,0.200000000000,0.070000000000,0.000000000000,-0.000081976000,BAIXA,1585.700000000000,1586.000000000000,1585.620000000000,1585.870000000000,0.170000000000,0.380000000000,0.130000000000,0.080000000000,0.000107208173,ALTA,1585.890000000000,1585.890000000000,1585.540000000000,1585.600000000000,0.290000000000,0.350000000000,0.000000000000,0.060000000000,-0.000182862620,BAIXA,1585.600000000000,1585.640000000000,1585.500000000000,1585.580000000000,0.020000000000,0.140000000000,0.040000000000,0.080000000000,-0.000012613522,BAIXA,1585.580000000000,1585.650000000000,1585.350000000000,1585.370000000000,0.210000000000,0.300000000000,0.070000000000,0.020000000000,-0.000132443648,BAIXA,1585.370000000000,1585.410000000000,1585.240000000000,1585.240000000000,0.130000000000,0.170000000000,0.040000000000,0.000000000000,-0.000081999786,BAIXA,1585.210000000000,1585.210000000000,1584.780000000000,1584.870000000000,0.340000000000,0.430000000000,0.000000000000,0.090000000000,-0.000214482624,BAIXA,1584.910000000000,1585.040000000000,1584.890000000000,1584.950000000000,0.040000000000,0.150000000000,0.090000000000,0.020000000000,0.000025238026,ALTA,20.283018867926,1585.202000000000,1585.494000000000,1585.814500000000,1585.167244084373,1585.412502950762,1585.655257342878,-0.000264922384,-0.000409939455,-0.000561216768,0.264285714286,0.000166747036,0.000097808179,0.000102146710,1585.494000000000,1586.206920752959,1584.781079247041,0.000899304258,0.118470918582,1584.780000000000,1586.020000000000,0.000107258904,0.000675100161,-0.000158995552,-0.000343228493,-0.000545443074,-0.000266254456,-0.000191173223,3,7,0,-0.000561216768,0.551705769211,0.292501842843,0.155792387946,0.000159561592,1,1,0.266666666667,0.600000000000,0.133333333333,0.400000000000,1584.950000000000,1585.100000000000,CIMA,1789070790000
"USDARS_otc","2026-09-10 17:04:15","2026-09-10 17:06:30",1585.930000000000,1586.020000000000,1585.810000000000,1585.830000000000,0.100000000000,0.210000000000,0.090000000000,0.020000000000,-0.000063054485,BAIXA,1585.830000000000,1585.900000000000,1585.700000000000,1585.700000000000,0.130000000000,0.200000000000,0.070000000000,0.000000000000,-0.000081976000,BAIXA,1585.700000000000,1586.000000000000,1585.620000000000,1585.870000000000,0.170000000000,0.380000000000,0.130000000000,0.080000000000,0.000107208173,ALTA,1585.890000000000,1585.890000000000,1585.540000000000,1585.600000000000,0.290000000000,0.350000000000,0.000000000000,0.060000000000,-0.000182862620,BAIXA,1585.600000000000,1585.640000000000,1585.500000000000,1585.580000000000,0.020000000000,0.140000000000,0.040000000000,0.080000000000,-0.000012613522,BAIXA,1585.580000000000,1585.650000000000,1585.350000000000,1585.370000000000,0.210000000000,0.300000000000,0.070000000000,0.020000000000,-0.000132443648,BAIXA,1585.370000000000,1585.410000000000,1585.240000000000,1585.240000000000,0.130000000000,0.170000000000,0.040000000000,0.000000000000,-0.000081999786,BAIXA,1585.210000000000,1585.210000000000,1584.780000000000,1584.870000000000,0.340000000000,0.430000000000,0.000000000000,0.090000000000,-0.000214482624,BAIXA,1584.910000000000,1585.040000000000,1584.890000000000,1584.950000000000,0.040000000000,0.150000000000,0.090000000000,0.020000000000,0.000025238026,ALTA,1584.950000000000,1585.110000000000,1584.950000000000,1585.100000000000,0.150000000000,0.160000000000,0.010000000000,0.000000000000,0.000094640209,ALTA,22.477064220183,1585.106000000000,1585.411000000000,1585.751500000000,1585.144748192844,1585.355605852631,1585.602342368144,-0.000088314703,-0.000302728339,-0.000523352229,0.260000000000,0.000164027506,0.000119931704,0.000106857501,1585.411000000000,1586.094195433240,1584.727804566760,0.000861852773,0.272393092175,1584.780000000000,1586.020000000000,0.000201880008,0.000580405022,-0.000003785250,-0.000196202132,-0.000411015078,-0.000268752760,-0.000180430257,3,7,0,-0.000523352229,0.600455769211,0.253751842843,0.145792387946,0.000157044935,2,1,0.937500000000,0.062500000000,0.000000000000,0.937500000000,1585.100000000000,1585.070000000000,BAIXO,1789070805000
"USDARS_otc","2026-09-10 17:04:30","2026-09-10 17:06:45",1585.830000000000,1585.900000000000,1585.700000000000,1585.700000000000,0.130000000000,0.200000000000,0.070000000000,0.000000000000,-0.000081976000,BAIXA,1585.700000000000,1586.000000000000,1585.620000000000,1585.870000000000,0.170000000000,0.380000000000,0.130000000000,0.080000000000,0.000107208173,ALTA,1585.890000000000,1585.890000000000,1585.540000000000,1585.600000000000,0.290000000000,0.350000000000,0.000000000000,0.060000000000,-0.000182862620,BAIXA,1585.600000000000,1585.640000000000,1585.500000000000,1585.580000000000,0.020000000000,0.140000000000,0.040000000000,0.080000000000,-0.000012613522,BAIXA,1585.580000000000,1585.650000000000,1585.350000000000,1585.370000000000,0.210000000000,0.300000000000,0.070000000000,0.020000000000,-0.000132443648,BAIXA,1585.370000000000,1585.410000000000,1585.240000000000,1585.240000000000,0.130000000000,0.170000000000,0.040000000000,0.000000000000,-0.000081999786,BAIXA,1585.210000000000,1585.210000000000,1584.780000000000,1584.870000000000,0.340000000000,0.430000000000,0.000000000000,0.090000000000,-0.000214482624,BAIXA,1584.910000000000,1585.040000000000,1584.890000000000,1584.950000000000,0.040000000000,0.150000000000,0.090000000000,0.020000000000,0.000025238026,ALTA,1584.950000000000,1585.110000000000,1584.950000000000,1585.100000000000,0.150000000000,0.160000000000,0.010000000000,0.000000000000,0.000094640209,ALTA,1585.100000000000,1585.120000000000,1584.990000000000,1585.070000000000,0.030000000000,0.130000000000,0.020000000000,0.080000000000,-0.000018926251,BAIXA,22.790697674418,1585.046000000000,1585.335000000000,1585.700500000000,1585.119808070270,1585.303657920836,1585.551636430381,0.000126193316,-0.000189230274,-0.000479244307,0.247142857143,0.000155919207,0.000114807418,0.000107234493,1585.335000000000,1585.983027777183,1584.686972222818,0.000817527875,0.295533456025,1584.780000000000,1586.000000000000,0.000182957220,0.000586724877,0.000015141287,-0.000167185045,-0.000397774231,-0.000180433672,-0.000156459967,3,7,0,-0.000479244307,0.575913644669,0.226279315370,0.197807039961,0.000152004868,1,-1,0.230769230769,0.153846153846,0.615384615385,0.615384615385,1585.070000000000,1584.970000000000,BAIXO,1789070820000
"USDARS_otc","2026-09-10 17:04:45","2026-09-10 17:07:00",1585.700000000000,1586.000000000000,1585.620000000000,1585.870000000000,0.170000000000,0.380000000000,0.130000000000,0.080000000000,0.000107208173,ALTA,1585.890000000000,1585.890000000000,1585.540000000000,1585.600000000000,0.290000000000,0.350000000000,0.000000000000,0.060000000000,-0.000182862620,BAIXA,1585.600000000000,1585.640000000000,1585.500000000000,1585.580000000000,0.020000000000,0.140000000000,0.040000000000,0.080000000000,-0.000012613522,BAIXA,1585.580000000000,1585.650000000000,1585.350000000000,1585.370000000000,0.210000000000,0.300000000000,0.070000000000,0.020000000000,-0.000132443648,BAIXA,1585.370000000000,1585.410000000000,1585.240000000000,1585.240000000000,0.130000000000,0.170000000000,0.040000000000,0.000000000000,-0.000081999786,BAIXA,1585.210000000000,1585.210000000000,1584.780000000000,1584.870000000000,0.340000000000,0.430000000000,0.000000000000,0.090000000000,-0.000214482624,BAIXA,1584.910000000000,1585.040000000000,1584.890000000000,1584.950000000000,0.040000000000,0.150000000000,0.090000000000,0.020000000000,0.000025238026,ALTA,1584.950000000000,1585.110000000000,1584.950000000000,1585.100000000000,0.150000000000,0.160000000000,0.010000000000,0.000000000000,0.000094640209,ALTA,1585.100000000000,1585.120000000000,1584.990000000000,1585.070000000000,0.030000000000,0.130000000000,0.020000000000,0.080000000000,-0.000018926251,BAIXA,1585.070000000000,1585.120000000000,1584.890000000000,1584.970000000000,0.100000000000,0.230000000000,0.050000000000,0.080000000000,-0.000063088696,BAIXA,24.257425742575,1584.992000000000,1585.262000000000,1585.648500000000,1585.069908134286,1585.243123477339,1585.496202496993,0.000012618695,-0.000170321213,-0.000460364508,0.241428571429,0.000152323748,0.000113595500,0.000106783572,1585.262000000000,1585.893366771378,1584.630633228622,0.000796545645,0.268755647876,1584.780000000000,1586.000000000000,0.000119876086,0.000649854571,-0.000013880389,-0.000184230616,-0.000428083812,-0.000132494621,-0.000146375010,3,7,0,-0.000460364508,0.554391905538,0.213018445805,0.232589648657,0.000153903576,2,-1,0.434782608696,0.217391304348,0.347826086957,0.347826086957,1584.970000000000,1584.790000000000,BAIXO,1789070835000
"USDARS_otc","2026-09-10 17:05:00","2026-09-10 17:07:15",1585.890000000000,1585.890000000000,1585.540000000000,1585.600000000000,0.290000000000,0.350000000000,0.000000000000,0.060000000000,-0.000182862620,BAIXA,1585.600000000000,1585.640000000000,1585.500000000000,1585.580000000000,0.020000000000,0.140000000000,0.040000000000,0.080000000000,-0.000012613522,BAIXA,1585.580000000000,1585.650000000000,1585.350000000000,1585.370000000000,0.210000000000,0.300000000000,0.070000000000,0.020000000000,-0.000132443648,BAIXA,1585.370000000000,1585.410000000000,1585.240000000000,1585.240000000000,0.130000000000,0.170000000000,0.040000000000,0.000000000000,-0.000081999786,BAIXA,1585.210000000000,1585.210000000000,1584.780000000000,1584.870000000000,0.340000000000,0.430000000000,0.000000000000,0.090000000000,-0.000214482624,BAIXA,1584.910000000000,1585.040000000000,1584.890000000000,1584.950000000000,0.040000000000,0.150000000000,0.090000000000,0.020000000000,0.000025238026,ALTA,1584.950000000000,1585.110000000000,1584.950000000000,1585.100000000000,0.150000000000,0.160000000000,0.010000000000,0.000000000000,0.000094640209,ALTA,1585.100000000000,1585.120000000000,1584.990000000000,1585.070000000000,0.030000000000,0.130000000000,0.020000000000,0.080000000000,-0.000018926251,BAIXA,1585.070000000000,1585.120000000000,1584.890000000000,1584.970000000000,0.100000000000,0.230000000000,0.050000000000,0.080000000000,-0.000063088696,BAIXA,1584.990000000000,1585.030000000000,1584.610000000000,1584.790000000000,0.200000000000,0.420000000000,0.040000000000,0.180000000000,-0.000126183761,BAIXA,24.137931034484,1584.976000000000,1585.154000000000,1585.581500000000,1584.976614444717,1585.160698200644,1585.428938451722,-0.000195571257,-0.000050477326,-0.000681014207,0.251428571429,0.000158651034,0.000075141481,0.000094988364,1585.154000000000,1585.695494228963,1584.612505771037,0.000683207094,0.163893001503,1584.610000000000,1585.890000000000,0.000113579717,0.000694098272,-0.000117365708,-0.000229683428,-0.000499435256,-0.000082029796,-0.000162166596,2,8,0,-0.000693616833,0.557274111052,0.188331729013,0.254394159935,0.000156437986,3,-1,0.476190476191,0.095238095238,0.428571428572,0.428571428572,1584.790000000000,1584.510000000000,BAIXO,1789070850000
"USDARS_otc","2026-09-10 17:05:15","2026-09-10 17:07:30",1585.600000000000,1585.640000000000,1585.500000000000,1585.580000000000,0.020000000000,0.140000000000,0.040000000000,0.080000000000,-0.000012613522,BAIXA,1585.580000000000,1585.650000000000,1585.350000000000,1585.370000000000,0.210000000000,0.300000000000,0.070000000000,0.020000000000,-0.000132443648,BAIXA,1585.370000000000,1585.410000000000,1585.240000000000,1585.240000000000,0.130000000000,0.170000000000,0.040000000000,0.000000000000,-0.000081999786,BAIXA,1585.210000000000,1585.210000000000,1584.780000000000,1584.870000000000,0.340000000000,0.430000000000,0.000000000000,0.090000000000,-0.000214482624,BAIXA,1584.910000000000,1585.040000000000,1584.890000000000,1584.950000000000,0.040000000000,0.150000000000,0.090000000000,0.020000000000,0.000025238026,ALTA,1584.950000000000,1585.110000000000,1584.950000000000,1585.100000000000,0.150000000000,0.160000000000,0.010000000000,0.000000000000,0.000094640209,ALTA,1585.100000000000,1585.120000000000,1584.990000000000,1585.070000000000,0.030000000000,0.130000000000,0.020000000000,0.080000000000,-0.000018926251,BAIXA,1585.070000000000,1585.120000000000,1584.890000000000,1584.970000000000,0.100000000000,0.230000000000,0.050000000000,0.080000000000,-0.000063088696,BAIXA,1584.990000000000,1585.030000000000,1584.610000000000,1584.790000000000,0.200000000000,0.420000000000,0.040000000000,0.180000000000,-0.000126183761,BAIXA,1584.790000000000,1584.810000000000,1584.370000000000,1584.510000000000,0.280000000000,0.440000000000,0.020000000000,0.140000000000,-0.000176679560,BAIXA,18.018018018014,1584.888000000000,1585.045000000000,1585.499000000000,1584.821091332911,1585.042356778636,1585.341333864057,-0.000353296700,-0.000277611281,-0.000687436932,0.268571428571,0.000169498096,0.000091644474,0.000095696242,1585.045000000000,1585.621211766627,1584.468788233372,0.000727060451,0.035760955446,1584.370000000000,1585.650000000000,0.000088355391,0.000719465324,-0.000238559555,-0.000337643814,-0.000624167724,-0.000099715369,-0.000183021881,2,8,0,-0.000687436932,0.538053331831,0.192877183558,0.269069484610,0.000162132291,4,-1,0.636363636363,0.045454545454,0.318181818182,0.318181818182,1584.510000000000,1584.390000000000,BAIXO,1789070865000
"USDARS_otc","2026-09-10 17:05:30","2026-09-10 17:07:45",1585.580000000000,1585.650000000000,1585.350000000000,1585.370000000000,0.210000000000,0.300000000000,0.070000000000,0.020000000000,-0.000132443648,BAIXA,1585.370000000000,1585.410000000000,1585.240000000000,1585.240000000000,0.130000000000,0.170000000000,0.040000000000,0.000000000000,-0.000081999786,BAIXA,1585.210000000000,1585.210000000000,1584.780000000000,1584.870000000000,0.340000000000,0.430000000000,0.000000000000,0.090000000000,-0.000214482624,BAIXA,1584.910000000000,1585.040000000000,1584.890000000000,1584.950000000000,0.040000000000,0.150000000000,0.090000000000,0.020000000000,0.000025238026,ALTA,1584.950000000000,1585.110000000000,1584.950000000000,1585.100000000000,0.150000000000,0.160000000000,0.010000000000,0.000000000000,0.000094640209,ALTA,1585.100000000000,1585.120000000000,1584.990000000000,1585.070000000000,0.030000000000,0.130000000000,0.020000000000,0.080000000000,-0.000018926251,BAIXA,1585.070000000000,1585.120000000000,1584.890000000000,1584.970000000000,0.100000000000,0.230000000000,0.050000000000,0.080000000000,-0.000063088696,BAIXA,1584.990000000000,1585.030000000000,1584.610000000000,1584.790000000000,0.200000000000,0.420000000000,0.040000000000,0.180000000000,-0.000126183761,BAIXA,1584.790000000000,1584.810000000000,1584.370000000000,1584.510000000000,0.280000000000,0.440000000000,0.020000000000,0.140000000000,-0.000176679560,BAIXA,1584.510000000000,1584.540000000000,1584.350000000000,1584.390000000000,0.120000000000,0.190000000000,0.030000000000,0.040000000000,-0.000075733192,BAIXA,17.857142857140,1584.746000000000,1584.926000000000,1585.408000000000,1584.677421287520,1584.923710531167,1585.250723974303,-0.000365937526,-0.000447921267,-0.000750514007,0.267142857143,0.000168609280,0.000053004103,0.000093848520,1584.926000000000,1585.502624661283,1584.349375338717,0.000727636068,0.035226260695,1584.350000000000,1585.650000000000,0.000025246309,0.000795258743,-0.000224692153,-0.000338300545,-0.000642518572,-0.000155264802,-0.000212068998,2,8,0,-0.000750514007,0.586925512282,0.180095228671,0.232979259047,0.000165293914,5,-1,0.631578947368,0.157894736842,0.210526315790,0.210526315790,1584.390000000000,1584.320000000000,BAIXO,1789070880000
"USDARS_otc","2026-09-10 17:05:45","2026-09-10 17:08:00",1585.370000000000,1585.410000000000,1585.240000000000,1585.240000000000,0.130000000000,0.170000000000,0.040000000000,0.000000000000,-0.000081999786,BAIXA,1585.210000000000,1585.210000000000,1584.780000000000,1584.870000000000,0.340000000000,0.430000000000,0.000000000000,0.090000000000,-0.000214482624,BAIXA,1584.910000000000,1585.040000000000,1584.890000000000,1584.950000000000,0.040000000000,0.150000000000,0.090000000000,0.020000000000,0.000025238026,ALTA,1584.950000000000,1585.110000000000,1584.950000000000,1585.100000000000,0.150000000000,0.160000000000,0.010000000000,0.000000000000,0.000094640209,ALTA,1585.100000000000,1585.120000000000,1584.990000000000,1585.070000000000,0.030000000000,0.130000000000,0.020000000000,0.080000000000,-0.000018926251,BAIXA,1585.070000000000,1585.120000000000,1584.890000000000,1584.970000000000,0.100000000000,0.230000000000,0.050000000000,0.080000000000,-0.000063088696,BAIXA,1584.990000000000,1585.030000000000,1584.610000000000,1584.790000000000,0.200000000000,0.420000000000,0.040000000000,0.180000000000,-0.000126183761,BAIXA,1584.790000000000,1584.810000000000,1584.370000000000,1584.510000000000,0.280000000000,0.440000000000,0.020000000000,0.140000000000,-0.000176679560,BAIXA,1584.510000000000,1584.540000000000,1584.350000000000,1584.390000000000,0.120000000000,0.190000000000,0.030000000000,0.040000000000,-0.000075733192,BAIXA,1584.390000000000,1584.430000000000,1584.290000000000,1584.320000000000,0.070000000000,0.140000000000,0.040000000000,0.030000000000,-0.000044181041,BAIXA,18.348623853206,1584.596000000000,1584.821000000000,1585.309000000000,1584.558262814627,1584.814010296555,1585.162273537075,-0.000296569262,-0.000473165223,-0.000662305960,0.262857142857,0.000165911648,0.000046878080,0.000092173330,1584.821000000000,1585.418022612637,1584.223977387363,0.000753425923,0.080417902609,1584.290000000000,1585.410000000000,0.000018935569,0.000687992325,-0.000174207231,-0.000316223995,-0.000624242577,-0.000239850535,-0.000210184811,2,8,0,-0.000662305960,0.566925512282,0.185333323909,0.247741163808,0.000155209601,6,-1,0.500000000001,0.285714285714,0.214285714285,0.214285714285,1584.320000000000,1584.480000000000,CIMA,1789070895000
"USDARS_otc","2026-09-10 17:06:00","2026-09-10 17:08:15",1585.210000000000,1585.210000000000,1584.780000000000,1584.870000000000,0.340000000000,0.430000000000,0.000000000000,0.090000000000,-0.000214482624,BAIXA,1584.910000000000,1585.040000000000,1584.890000000000,1584.950000000000,0.040000000000,0.150000000000,0.090000000000,0.020000000000,0.000025238026,ALTA,1584.950000000000,1585.110000000000,1584.950000000000,1585.100000000000,0.150000000000,0.160000000000,0.010000000000,0.000000000000,0.000094640209,ALTA,1585.100000000000,1585.120000000000,1584.990000000000,1585.070000000000,0.030000000000,0.130000000000,0.020000000000,0.080000000000,-0.000018926251,BAIXA,1585.070000000000,1585.120000000000,1584.890000000000,1584.970000000000,0.100000000000,0.230000000000,0.050000000000,0.080000000000,-0.000063088696,BAIXA,1584.990000000000,1585.030000000000,1584.610000000000,1584.790000000000,0.200000000000,0.420000000000,0.040000000000,0.180000000000,-0.000126183761,BAIXA,1584.790000000000,1584.810000000000,1584.370000000000,1584.510000000000,0.280000000000,0.440000000000,0.020000000000,0.140000000000,-0.000176679560,BAIXA,1584.510000000000,1584.540000000000,1584.350000000000,1584.390000000000,0.120000000000,0.190000000000,0.030000000000,0.040000000000,-0.000075733192,BAIXA,1584.390000000000,1584.430000000000,1584.290000000000,1584.320000000000,0.070000000000,0.140000000000,0.040000000000,0.030000000000,-0.000044181041,BAIXA,1584.320000000000,1584.610000000000,1584.250000000000,1584.480000000000,0.160000000000,0.360000000000,0.130000000000,0.070000000000,0.000100989699,ALTA,17.972350230419,1584.498000000000,1584.745000000000,1585.221000000000,1584.532106042160,1584.753326873284,1585.097368415640,-0.000018933298,-0.000309154116,-0.000479422674,0.261428571429,0.000164993292,0.000092609026,0.000104561152,1584.745000000000,1585.301435081568,1584.188564918432,0.000702239264,0.261876983697,1584.250000000000,1585.210000000000,0.000145158033,0.000460718974,-0.000011360194,-0.000167247299,-0.000467661315,-0.000246137534,-0.000189336565,3,7,0,-0.000460506810,0.534899368492,0.197915023255,0.267185608253,0.000167209235,1,1,0.444444444445,0.361111111111,0.194444444444,0.638888888889,1584.480000000000,1584.750000000000,CIMA,1789070910000
"USDARS_otc","2026-09-10 17:06:15","2026-09-10 17:08:30",1584.910000000000,1585.040000000000,1584.890000000000,1584.950000000000,0.040000000000,0.150000000000,0.090000000000,0.020000000000,0.000025238026,ALTA,1584.950000000000,1585.110000000000,1584.950000000000,1585.100000000000,0.150000000000,0.160000000000,0.010000000000,0.000000000000,0.000094640209,ALTA,1585.100000000000,1585.120000000000,1584.990000000000,1585.070000000000,0.030000000000,0.130000000000,0.020000000000,0.080000000000,-0.000018926251,BAIXA,1585.070000000000,1585.120000000000,1584.890000000000,1584.970000000000,0.100000000000,0.230000000000,0.050000000000,0.080000000000,-0.000063088696,BAIXA,1584.990000000000,1585.030000000000,1584.610000000000,1584.790000000000,0.200000000000,0.420000000000,0.040000000000,0.180000000000,-0.000126183761,BAIXA,1584.790000000000,1584.810000000000,1584.370000000000,1584.510000000000,0.280000000000,0.440000000000,0.020000000000,0.140000000000,-0.000176679560,BAIXA,1584.510000000000,1584.540000000000,1584.350000000000,1584.390000000000,0.120000000000,0.190000000000,0.030000000000,0.040000000000,-0.000075733192,BAIXA,1584.390000000000,1584.430000000000,1584.290000000000,1584.320000000000,0.070000000000,0.140000000000,0.040000000000,0.030000000000,-0.000044181041,BAIXA,1584.320000000000,1584.610000000000,1584.250000000000,1584.480000000000,0.160000000000,0.360000000000,0.130000000000,0.070000000000,0.000100989699,ALTA,1584.450000000000,1584.750000000000,1584.450000000000,1584.750000000000,0.300000000000,0.300000000000,0.000000000000,0.000000000000,0.000189340150,ALTA,30.414746543782,1584.490000000000,1584.733000000000,1585.158000000000,1584.604686237568,1584.752721987232,1585.064219063327,0.000227216784,-0.000025239937,-0.000075715989,0.257857142857,0.000162711559,0.000124909726,0.000103105398,1584.733000000000,1585.283276294237,1584.182723705762,0.000694471932,0.515446785713,1584.250000000000,1585.120000000000,0.000315507178,0.000233475312,0.000164063732,0.000010727244,-0.000257453857,-0.000161539675,-0.000121785771,4,6,0,-0.000100952105,0.555829601050,0.197915023255,0.246255375695,0.000159017506,2,1,1.000000000000,0.000000000000,0.000000000000,1.000000000000,1584.750000000000,1584.890000000000,CIMA,1789070925000
"USDARS_otc","2026-09-10 17:06:30","2026-09-10 17:08:45",1584.950000000000,1585.110000000000,1584.950000000000,1585.100000000000,0.150000000000,0.160000000000,0.010000000000,0.000000000000,0.000094640209,ALTA,1585.100000000000,1585.120000000000,1584.990000000000,1585.070000000000,0.030000000000,0.130000000000,0.020000000000,0.080000000000,-0.000018926251,BAIXA,1585.070000000000,1585.120000000000,1584.890000000000,1584.970000000000,0.100000000000,0.230000000000,0.050000000000,0.080000000000,-0.000063088696,BAIXA,1584.990000000000,1585.030000000000,1584.610000000000,1584.790000000000,0.200000000000,0.420000000000,0.040000000000,0.180000000000,-0.000126183761,BAIXA,1584.790000000000,1584.810000000000,1584.370000000000,1584.510000000000,0.280000000000,0.440000000000,0.020000000000,0.140000000000,-0.000176679560,BAIXA,1584.510000000000,1584.540000000000,1584.350000000000,1584.390000000000,0.120000000000,0.190000000000,0.030000000000,0.040000000000,-0.000075733192,BAIXA,1584.390000000000,1584.430000000000,1584.290000000000,1584.320000000000,0.070000000000,0.140000000000,0.040000000000,0.030000000000,-0.000044181041,BAIXA,1584.320000000000,1584.610000000000,1584.250000000000,1584.480000000000,0.160000000000,0.360000000000,0.130000000000,0.070000000000,0.000100989699,ALTA,1584.450000000000,1584.750000000000,1584.450000000000,1584.750000000000,0.300000000000,0.300000000000,0.000000000000,0.000000000000,0.000189340150,ALTA,1584.750000000000,1584.900000000000,1584.750000000000,1584.890000000000,0.140000000000,0.150000000000,0.010000000000,0.000000000000,0.000088342010,ALTA,34.934497816599,1584.566000000000,1584.727000000000,1585.110500000000,1584.699817890625,1584.777665296790,1585.047576787035,0.000359775803,0.000239821775,-0.000037856084,0.258571428571,0.000163147871,0.000092978598,0.000105826848,1584.727000000000,1585.268926194237,1584.185073805763,0.000683936343,0.650389482677,1584.250000000000,1585.120000000000,0.000403813514,0.000145120482,0.000204430591,0.000102846254,-0.000139126375,-0.000018928758,-0.000059310110,4,6,0,-0.000037856084,0.622496267717,0.144581689922,0.232922042361,0.000159018461,3,1,0.933333333333,0.066666666667,0.000000000000,0.933333333333,1584.890000000000,1584.720000000000,BAIXO,1789070940000
"USDARS_otc","2026-09-10 17:06:45","2026-09-10 17:09:00",1585.100000000000,1585.120000000000,1584.990000000000,1585.070000000000,0.030000000000,0.130000000000,0.020000000000,0.080000000000,-0.000018926251,BAIXA,1585.070000000000,1585.120000000000,1584.890000000000,1584.970000000000,0.100000000000,0.230000000000,0.050000000000,0.080000000000,-0.000063088696,BAIXA,1584.990000000000,1585.030000000000,1584.610000000000,1584.790000000000,0.200000000000,0.420000000000,0.040000000000,0.180000000000,-0.000126183761,BAIXA,1584.790000000000,1584.810000000000,1584.370000000000,1584.510000000000,0.280000000000,0.440000000000,0.020000000000,0.140000000000,-0.000176679560,BAIXA,1584.510000000000,1584.540000000000,1584.350000000000,1584.390000000000,0.120000000000,0.190000000000,0.030000000000,0.040000000000,-0.000075733192,BAIXA,1584.390000000000,1584.430000000000,1584.290000000000,1584.320000000000,0.070000000000,0.140000000000,0.040000000000,0.030000000000,-0.000044181041,BAIXA,1584.320000000000,1584.610000000000,1584.250000000000,1584.480000000000,0.160000000000,0.360000000000,0.130000000000,0.070000000000,0.000100989699,ALTA,1584.450000000000,1584.750000000000,1584.450000000000,1584.750000000000,0.300000000000,0.300000000000,0.000000000000,0.000000000000,0.000189340150,ALTA,1584.750000000000,1584.900000000000,1584.750000000000,1584.890000000000,0.140000000000,0.150000000000,0.010000000000,0.000000000000,0.000088342010,ALTA,1584.870000000000,1584.980000000000,1584.720000000000,1584.720000000000,0.150000000000,0.260000000000,0.110000000000,0.000000000000,-0.000094644987,BAIXA,35.555555555560,1584.632000000000,1584.689000000000,1585.050000000000,1584.706515187551,1584.767203558152,1585.016329013247,0.000151469252,0.000208282052,-0.000239732509,0.255714285714,0.000161362440,0.000101804414,0.000104373792,1584.689000000000,1585.170950204897,1584.207049795103,0.000608258409,0.532160998880,1584.250000000000,1585.120000000000,0.000296582362,0.000252410520,0.000055530315,0.000019561815,-0.000208238679,0.000084557524,-0.000035337473,3,7,0,-0.000239732509,0.586438575409,0.180639382230,0.232922042361,0.000165328637,1,-1,0.576923076923,0.423076923077,0.000000000000,0.000000000000,1584.720000000000,1584.490000000000,BAIXO,1789070955000
"USDARS_otc","2026-09-10 17:07:00","2026-09-10 17:09:15",1585.070000000000,1585.120000000000,1584.890000000000,1584.970000000000,0.100000000000,0.230000000000,0.050000000000,0.080000000000,-0.000063088696,BAIXA,1584.990000000000,1585.030000000000,1584.610000000000,1584.790000000000,0.200000000000,0.420000000000,0.040000000000,0.180000000000,-0.000126183761,BAIXA,1584.790000000000,1584.810000000000,1584.370000000000,1584.510000000000,0.280000000000,0.440000000000,0.020000000000,0.140000000000,-0.000176679560,BAIXA,1584.510000000000,1584.540000000000,1584.350000000000,1584.390000000000,0.120000000000,0.190000000000,0.030000000000,0.040000000000,-0.000075733192,BAIXA,1584.390000000000,1584.430000000000,1584.290000000000,1584.320000000000,0.070000000000,0.140000000000,0.040000000000,0.030000000000,-0.000044181041,BAIXA,1584.320000000000,1584.610000000000,1584.250000000000,1584.480000000000,0.160000000000,0.360000000000,0.130000000000,0.070000000000,0.000100989699,ALTA,1584.450000000000,1584.750000000000,1584.450000000000,1584.750000000000,0.300000000000,0.300000000000,0.000000000000,0.000000000000,0.000189340150,ALTA,1584.750000000000,1584.900000000000,1584.750000000000,1584.890000000000,0.140000000000,0.150000000000,0.010000000000,0.000000000000,0.000088342010,ALTA,1584.870000000000,1584.980000000000,1584.720000000000,1584.720000000000,0.150000000000,0.260000000000,0.110000000000,0.000000000000,-0.000094644987,BAIXA,1584.720000000000,1584.720000000000,1584.490000000000,1584.490000000000,0.230000000000,0.230000000000,0.000000000000,0.000000000000,-0.000145136049,BAIXA,34.042553191492,1584.666000000000,1584.631000000000,1584.983000000000,1584.634304363642,1584.716793113738,1584.966215769770,-0.000164063732,0.000107301555,-0.000365914439,0.260000000000,0.000164090654,0.000124343083,0.000110454365,1584.631000000000,1585.051233268554,1584.210766731445,0.000530386277,0.332236033472,1584.250000000000,1585.120000000000,0.000151468296,0.000397604276,-0.000111076750,-0.000088987624,-0.000311141124,0.000111076750,-0.000064374026,3,7,0,-0.000365914439,0.663361652332,0.165254766845,0.171383580823,0.000171640866,2,-1,1.000000000000,0.000000000000,0.000000000000,0.000000000000,1584.490000000000,1584.300000000000,BAIXO,1789070970000
"USDARS_otc","2026-09-10 17:07:15","2026-09-10 17:09:30",1584.990000000000,1585.030000000000,1584.610000000000,1584.790000000000,0.200000000000,0.420000000000,0.040000000000,0.180000000000,-0.000126183761,BAIXA,1584.790000000000,1584.810000000000,1584.370000000000,1584.510000000000,0.280000000000,0.440000000000,0.020000000000,0.140000000000,-0.000176679560,BAIXA,1584.510000000000,1584.540000000000,1584.350000000000,1584.390000000000,0.120000000000,0.190000000000,0.030000000000,0.040000000000,-0.000075733192,BAIXA,1584.390000000000,1584.430000000000,1584.290000000000,1584.320000000000,0.070000000000,0.140000000000,0.040000000000,0.030000000000,-0.000044181041,BAIXA,1584.320000000000,1584.610000000000,1584.250000000000,1584.480000000000,0.160000000000,0.360000000000,0.130000000000,0.070000000000,0.000100989699,ALTA,1584.450000000000,1584.750000000000,1584.450000000000,1584.750000000000,0.300000000000,0.300000000000,0.000000000000,0.000000000000,0.000189340150,ALTA,1584.750000000000,1584.900000000000,1584.750000000000,1584.890000000000,0.140000000000,0.150000000000,0.010000000000,0.000000000000,0.000088342010,ALTA,1584.870000000000,1584.980000000000,1584.720000000000,1584.720000000000,0.150000000000,0.260000000000,0.110000000000,0.000000000000,-0.000094644987,BAIXA,1584.720000000000,1584.720000000000,1584.490000000000,1584.490000000000,0.230000000000,0.230000000000,0.000000000000,0.000000000000,-0.000145136049,BAIXA,1584.490000000000,1584.580000000000,1584.270000000000,1584.300000000000,0.190000000000,0.310000000000,0.090000000000,0.030000000000,-0.000119912401,BAIXA,36.866359447008,1584.630000000000,1584.564000000000,1584.913000000000,1584.522920699633,1584.641071332462,1584.902736658111,-0.000372265583,-0.000113601939,-0.000422720935,0.249285714286,0.000157347544,0.000127444727,0.000113101308,1584.564000000000,1584.959595753263,1584.168404246736,0.000499311802,0.166326043920,1584.250000000000,1585.030000000000,0.000031559679,0.000460771319,-0.000208293884,-0.000166635107,-0.000386921669,0.000040396390,-0.000102884555,3,7,0,-0.000435333977,0.681173714043,0.172547894475,0.146278391482,0.000176695121,3,-1,0.612903225807,0.290322580645,0.096774193548,0.096774193548,1584.300000000000,1584.150000000000,BAIXO,1789070985000
"USDARS_otc","2026-09-10 17:07:30","2026-09-10 17:09:45",1584.790000000000,1584.810000000000,1584.370000000000,1584.510000000000,0.280000000000,0.440000000000,0.020000000000,0.140000000000,-0.000176679560,BAIXA,1584.510000000000,1584.540000000000,1584.350000000000,1584.390000000000,0.120000000000,0.190000000000,0.030000000000,0.040000000000,-0.000075733192,BAIXA,1584.390000000000,1584.430000000000,1584.290000000000,1584.320000000000,0.070000000000,0.140000000000,0.040000000000,0.030000000000,-0.000044181041,BAIXA,1584.320000000000,1584.610000000000,1584.250000000000,1584.480000000000,0.160000000000,0.360000000000,0.130000000000,0.070000000000,0.000100989699,ALTA,1584.450000000000,1584.750000000000,1584.450000000000,1584.750000000000,0.300000000000,0.300000000000,0.000000000000,0.000000000000,0.000189340150,ALTA,1584.750000000000,1584.900000000000,1584.750000000000,1584.890000000000,0.140000000000,0.150000000000,0.010000000000,0.000000000000,0.000088342010,ALTA,1584.870000000000,1584.980000000000,1584.720000000000,1584.720000000000,0.150000000000,0.260000000000,0.110000000000,0.000000000000,-0.000094644987,BAIXA,1584.720000000000,1584.720000000000,1584.490000000000,1584.490000000000,0.230000000000,0.230000000000,0.000000000000,0.000000000000,-0.000145136049,BAIXA,1584.490000000000,1584.580000000000,1584.270000000000,1584.300000000000,0.190000000000,0.310000000000,0.090000000000,0.030000000000,-0.000119912401,BAIXA,1584.300000000000,1584.340000000000,1584.110000000000,1584.150000000000,0.150000000000,0.230000000000,0.040000000000,0.040000000000,-0.000094679038,BAIXA,32.142857142858,1584.510000000000,1584.500000000000,1584.827000000000,1584.398532603017,1584.551870547113,1584.831050784880,-0.000359684992,-0.000378608613,-0.000403838994,0.253571428571,0.000160067815,0.000083716549,0.000112047756,1584.500000000000,1584.933866338865,1584.066133661135,0.000547638168,0.096649971838,1584.110000000000,1584.980000000000,0.000025250134,0.000523940283,-0.000227251207,-0.000220938674,-0.000427358520,-0.000077012909,-0.000119306884,3,7,0,-0.000403838994,0.698772057728,0.180415389299,0.120812552973,0.000164713984,4,-1,0.652173913043,0.173913043478,0.173913043479,0.173913043479,1584.150000000000,1583.880000000000,BAIXO,1789071000000
"USDARS_otc","2026-09-10 17:07:45","2026-09-10 17:10:00",1584.510000000000,1584.540000000000,1584.350000000000,1584.390000000000,0.120000000000,0.190000000000,0.030000000000,0.040000000000,-0.000075733192,BAIXA,1584.390000000000,1584.430000000000,1584.290000000000,1584.320000000000,0.070000000000,0.140000000000,0.040000000000,0.030000000000,-0.000044181041,BAIXA,1584.320000000000,1584.610000000000,1584.250000000000,1584.480000000000,0.160000000000,0.360000000000,0.130000000000,0.070000000000,0.000100989699,ALTA,1584.450000000000,1584.750000000000,1584.450000000000,1584.750000000000,0.300000000000,0.300000000000,0.000000000000,0.000000000000,0.000189340150,ALTA,1584.750000000000,1584.900000000000,1584.750000000000,1584.890000000000,0.140000000000,0.150000000000,0.010000000000,0.000000000000,0.000088342010,ALTA,1584.870000000000,1584.980000000000,1584.720000000000,1584.720000000000,0.150000000000,0.260000000000,0.110000000000,0.000000000000,-0.000094644987,BAIXA,1584.720000000000,1584.720000000000,1584.490000000000,1584.490000000000,0.230000000000,0.230000000000,0.000000000000,0.000000000000,-0.000145136049,BAIXA,1584.490000000000,1584.580000000000,1584.270000000000,1584.300000000000,0.190000000000,0.310000000000,0.090000000000,0.030000000000,-0.000119912401,BAIXA,1584.300000000000,1584.340000000000,1584.110000000000,1584.150000000000,0.150000000000,0.230000000000,0.040000000000,0.040000000000,-0.000094679038,BAIXA,1584.080000000000,1584.080000000000,1583.880000000000,1583.880000000000,0.200000000000,0.200000000000,0.000000000000,0.000000000000,-0.000126256250,BAIXA,24.152542372887,1584.308000000000,1584.437000000000,1584.741000000000,1584.225682387439,1584.429882088744,1584.740417870501,-0.000384981918,-0.000637268202,-0.000397599258,0.261428571429,0.000165055794,0.000027199488,0.000111301744,1584.437000000000,1585.008037651998,1583.865962348001,0.000720808277,0.012291354125,1583.880000000000,1584.980000000000,0.000000000000,0.000694497058,-0.000270222492,-0.000351668056,-0.000543601788,-0.000226027224,-0.000122484027,3,7,0,-0.000397599258,0.735135694092,0.175869934753,0.088994371155,0.000149575678,5,-1,1.000000000000,0.000000000000,0.000000000000,0.000000000000,1583.880000000000,1583.850000000000,BAIXO,1789071015000
"USDARS_otc","2026-09-10 17:08:00","2026-09-10 17:10:15",1584.390000000000,1584.430000000000,1584.290000000000,1584.320000000000,0.070000000000,0.140000000000,0.040000000000,0.030000000000,-0.000044181041,BAIXA,1584.320000000000,1584.610000000000,1584.250000000000,1584.480000000000,0.160000000000,0.360000000000,0.130000000000,0.070000000000,0.000100989699,ALTA,1584.450000000000,1584.750000000000,1584.450000000000,1584.750000000000,0.300000000000,0.300000000000,0.000000000000,0.000000000000,0.000189340150,ALTA,1584.750000000000,1584.900000000000,1584.750000000000,1584.890000000000,0.140000000000,0.150000000000,0.010000000000,0.000000000000,0.000088342010,ALTA,1584.870000000000,1584.980000000000,1584.720000000000,1584.720000000000,0.150000000000,0.260000000000,0.110000000000,0.000000000000,-0.000094644987,BAIXA,1584.720000000000,1584.720000000000,1584.490000000000,1584.490000000000,0.230000000000,0.230000000000,0.000000000000,0.000000000000,-0.000145136049,BAIXA,1584.490000000000,1584.580000000000,1584.270000000000,1584.300000000000,0.190000000000,0.310000000000,0.090000000000,0.030000000000,-0.000119912401,BAIXA,1584.300000000000,1584.340000000000,1584.110000000000,1584.150000000000,0.150000000000,0.230000000000,0.040000000000,0.040000000000,-0.000094679038,BAIXA,1584.080000000000,1584.080000000000,1583.880000000000,1583.880000000000,0.200000000000,0.200000000000,0.000000000000,0.000000000000,-0.000126256250,BAIXA,1583.880000000000,1583.890000000000,1583.770000000000,1583.850000000000,0.030000000000,0.120000000000,0.010000000000,0.080000000000,-0.000018940829,BAIXA,24.152542372885,1584.134000000000,1584.383000000000,1584.654500000000,1584.100391771941,1584.324396728492,1584.655542857880,-0.000284037114,-0.000548992882,-0.000340825176,0.260714285714,0.000164607940,0.000051984504,0.000110768998,1584.383000000000,1585.054836289583,1583.711163710417,0.000848073085,0.103325982635,1583.770000000000,1584.980000000000,0.000050509834,0.000713451400,-0.000179309909,-0.000336521767,-0.000507939514,-0.000313160969,-0.000114278499,3,7,0,-0.000340825176,0.696977799355,0.168413794402,0.134608406242,0.000145160921,6,-1,0.250000000001,0.083333333333,0.666666666665,0.666666666665,1583.850000000000,1583.750000000000,BAIXO,1789071030000
"USDARS_otc","2026-09-10 17:08:15","2026-09-10 17:10:30",1584.320000000000,1584.610000000000,1584.250000000000,1584.480000000000,0.160000000000,0.360000000000,0.130000000000,0.070000000000,0.000100989699,ALTA,1584.450000000000,1584.750000000000,1584.450000000000,1584.750000000000,0.300000000000,0.300000000000,0.000000000000,0.000000000000,0.000189340150,ALTA,1584.750000000000,1584.900000000000,1584.750000000000,1584.890000000000,0.140000000000,0.150000000000,0.010000000000,0.000000000000,0.000088342010,ALTA,1584.870000000000,1584.980000000000,1584.720000000000,1584.720000000000,0.150000000000,0.260000000000,0.110000000000,0.000000000000,-0.000094644987,BAIXA,1584.720000000000,1584.720000000000,1584.490000000000,1584.490000000000,0.230000000000,0.230000000000,0.000000000000,0.000000000000,-0.000145136049,BAIXA,1584.490000000000,1584.580000000000,1584.270000000000,1584.300000000000,0.190000000000,0.310000000000,0.090000000000,0.030000000000,-0.000119912401,BAIXA,1584.300000000000,1584.340000000000,1584.110000000000,1584.150000000000,0.150000000000,0.230000000000,0.040000000000,0.040000000000,-0.000094679038,BAIXA,1584.080000000000,1584.080000000000,1583.880000000000,1583.880000000000,0.200000000000,0.200000000000,0.000000000000,0.000000000000,-0.000126256250,BAIXA,1583.880000000000,1583.890000000000,1583.770000000000,1583.850000000000,0.030000000000,0.120000000000,0.010000000000,0.080000000000,-0.000018940829,BAIXA,1583.850000000000,1583.940000000000,1583.750000000000,1583.750000000000,0.100000000000,0.190000000000,0.090000000000,0.000000000000,-0.000063137292,BAIXA,24.152542372885,1583.986000000000,1584.326000000000,1584.573500000000,1583.983555419902,1584.220006681232,1584.569367327001,-0.000252501341,-0.000467027245,-0.000359775803,0.257857142857,0.000162814297,0.000051184874,0.000111087357,1584.326000000000,1585.098693988588,1583.553306011412,0.000975422973,0.127278063174,1583.750000000000,1584.980000000000,0.000000000000,0.000776637727,-0.000149013418,-0.000363693765,-0.000519968429,-0.000330860300,-0.000109865825,3,7,0,-0.000359775803,0.699609378302,0.187210786884,0.113179834814,0.000148320798,7,-1,0.526315789473,0.473684210527,0.000000000000,0.000000000000,1583.750000000000,1583.670000000000,BAIXO,1789071045000
"USDARS_otc","2026-09-10 17:08:30","2026-09-10 17:10:45",1584.450000000000,1584.750000000000,1584.450000000000,1584.750000000000,0.300000000000,0.300000000000,0.000000000000,0.000000000000,0.000189340150,ALTA,1584.750000000000,1584.900000000000,1584.750000000000,1584.890000000000,0.140000000000,0.150000000000,0.010000000000,0.000000000000,0.000088342010,ALTA,1584.870000000000,1584.980000000000,1584.720000000000,1584.720000000000,0.150000000000,0.260000000000,0.110000000000,0.000000000000,-0.000094644987,BAIXA,1584.720000000000,1584.720000000000,1584.490000000000,1584.490000000000,0.230000000000,0.230000000000,0.000000000000,0.000000000000,-0.000145136049,BAIXA,1584.490000000000,1584.580000000000,1584.270000000000,1584.300000000000,0.190000000000,0.310000000000,0.090000000000,0.030000000000,-0.000119912401,BAIXA,1584.300000000000,1584.340000000000,1584.110000000000,1584.150000000000,0.150000000000,0.230000000000,0.040000000000,0.040000000000,-0.000094679038,BAIXA,1584.080000000000,1584.080000000000,1583.880000000000,1583.880000000000,0.200000000000,0.200000000000,0.000000000000,0.000000000000,-0.000126256250,BAIXA,1583.880000000000,1583.890000000000,1583.770000000000,1583.850000000000,0.030000000000,0.120000000000,0.010000000000,0.080000000000,-0.000018940829,BAIXA,1583.850000000000,1583.940000000000,1583.750000000000,1583.750000000000,0.100000000000,0.190000000000,0.090000000000,0.000000000000,-0.000063137292,BAIXA,1583.730000000000,1583.980000000000,1583.640000000000,1583.670000000000,0.060000000000,0.340000000000,0.250000000000,0.030000000000,-0.000037885246,BAIXA,25.221238938058,1583.860000000000,1584.245000000000,1584.495000000000,1583.878925676997,1584.119927086651,1584.483773277314,-0.000132585802,-0.000397651960,-0.000511208725,0.252142857143,0.000159214266,0.000051527826,0.000101271936,1584.245000000000,1585.101422792784,1583.388577207216,0.001081174683,0.164301321237,1583.640000000000,1584.980000000000,0.000018943340,0.000827192534,-0.000119974490,-0.000363080692,-0.000520941863,-0.000282887218,-0.000121237379,2,8,0,-0.000492284389,0.672811992682,0.224629087537,0.102558919781,0.000147066421,8,-1,0.176470588235,0.735294117647,0.088235294118,0.088235294118,1583.670000000000,1583.810000000000,CIMA,1789071060000
"USDARS_otc","2026-09-10 17:08:45","2026-09-10 17:11:00",1584.750000000000,1584.900000000000,1584.750000000000,1584.890000000000,0.140000000000,0.150000000000,0.010000000000,0.000000000000,0.000088342010,ALTA,1584.870000000000,1584.980000000000,1584.720000000000,1584.720000000000,0.150000000000,0.260000000000,0.110000000000,0.000000000000,-0.000094644987,BAIXA,1584.720000000000,1584.720000000000,1584.490000000000,1584.490000000000,0.230000000000,0.230000000000,0.000000000000,0.000000000000,-0.000145136049,BAIXA,1584.490000000000,1584.580000000000,1584.270000000000,1584.300000000000,0.190000000000,0.310000000000,0.090000000000,0.030000000000,-0.000119912401,BAIXA,1584.300000000000,1584.340000000000,1584.110000000000,1584.150000000000,0.150000000000,0.230000000000,0.040000000000,0.040000000000,-0.000094679038,BAIXA,1584.080000000000,1584.080000000000,1583.880000000000,1583.880000000000,0.200000000000,0.200000000000,0.000000000000,0.000000000000,-0.000126256250,BAIXA,1583.880000000000,1583.890000000000,1583.770000000000,1583.850000000000,0.030000000000,0.120000000000,0.010000000000,0.080000000000,-0.000018940829,BAIXA,1583.850000000000,1583.940000000000,1583.750000000000,1583.750000000000,0.100000000000,0.190000000000,0.090000000000,0.000000000000,-0.000063137292,BAIXA,1583.730000000000,1583.980000000000,1583.640000000000,1583.670000000000,0.060000000000,0.340000000000,0.250000000000,0.030000000000,-0.000037885246,BAIXA,1583.740000000000,1583.930000000000,1583.740000000000,1583.810000000000,0.070000000000,0.190000000000,0.120000000000,0.000000000000,0.000044199174,ALTA,33.490566037736,1583.792000000000,1584.151000000000,1584.442000000000,1583.855974509624,1584.063504859100,1584.419571070729,-0.000025254917,-0.000214626140,-0.000593153494,0.239285714286,0.000151082336,0.000083123850,0.000085017921,1584.151000000000,1584.970631624573,1583.331368375427,0.001034789770,0.291979720049,1583.640000000000,1584.980000000000,0.000107336107,0.000738724973,0.000011365000,-0.000215303603,-0.000399037763,-0.000215934992,-0.000146482217,2,8,0,-0.000593153494,0.609654097945,0.287786982274,0.102558919781,0.000140129325,1,1,0.368421052631,0.631578947369,0.000000000000,0.368421052631,1583.810000000000,1583.900000000000,CIMA,1789071075000
"USDARS_otc","2026-09-10 17:09:00","2026-09-10 17:11:15",1584.870000000000,1584.980000000000,1584.720000000000,1584.720000000000,0.150000000000,0.260000000000,0.110000000000,0.000000000000,-0.000094644987,BAIXA,1584.720000000000,1584.720000000000,1584.490000000000,1584.490000000000,0.230000000000,0.230000000000,0.000000000000,0.000000000000,-0.000145136049,BAIXA,1584.490000000000,1584.580000000000,1584.270000000000,1584.300000000000,0.190000000000,0.310000000000,0.090000000000,0.030000000000,-0.000119912401,BAIXA,1584.300000000000,1584.340000000000,1584.110000000000,1584.150000000000,0.150000000000,0.230000000000,0.040000000000,0.040000000000,-0.000094679038,BAIXA,1584.080000000000,1584.080000000000,1583.880000000000,1583.880000000000,0.200000000000,0.200000000000,0.000000000000,0.000000000000,-0.000126256250,BAIXA,1583.880000000000,1583.890000000000,1583.770000000000,1583.850000000000,0.030000000000,0.120000000000,0.010000000000,0.080000000000,-0.000018940829,BAIXA,1583.850000000000,1583.940000000000,1583.750000000000,1583.750000000000,0.100000000000,0.190000000000,0.090000000000,0.000000000000,-0.000063137292,BAIXA,1583.730000000000,1583.980000000000,1583.640000000000,1583.670000000000,0.060000000000,0.340000000000,0.250000000000,0.030000000000,-0.000037885246,BAIXA,1583.740000000000,1583.930000000000,1583.740000000000,1583.810000000000,0.070000000000,0.190000000000,0.120000000000,0.000000000000,0.000044199174,ALTA,1583.780000000000,1583.990000000000,1583.770000000000,1583.900000000000,0.120000000000,0.220000000000,0.090000000000,0.010000000000,0.000075768099,ALTA,38.277511961724,1583.796000000000,1584.052000000000,1584.389500000000,1583.870694782382,1584.033796297852,1584.370154757674,0.000094711918,0.000012627219,-0.000624649029,0.241428571429,0.000152426650,0.000059847712,0.000079916363,1584.052000000000,1584.714830295023,1583.389169704977,0.000836879465,0.385340183497,1583.640000000000,1584.980000000000,0.000164151777,0.000681861229,0.000065660711,-0.000095965654,-0.000309047288,-0.000119957068,-0.000172990719,2,8,0,-0.000612037580,0.570866219157,0.322029406517,0.107104374326,0.000144554928,2,1,0.545454545455,0.409090909090,0.045454545454,0.590909090910,1583.900000000000,1584.040000000000,CIMA,1789071090000
"USDARS_otc","2026-09-10 17:09:15","2026-09-10 17:11:30",1584.720000000000,1584.720000000000,1584.490000000000,1584.490000000000,0.230000000000,0.230000000000,0.000000000000,0.000000000000,-0.000145136049,BAIXA,1584.490000000000,1584.580000000000,1584.270000000000,1584.300000000000,0.190000000000,0.310000000000,0.090000000000,0.030000000000,-0.000119912401,BAIXA,1584.300000000000,1584.340000000000,1584.110000000000,1584.150000000000,0.150000000000,0.230000000000,0.040000000000,0.040000000000,-0.000094679038,BAIXA,1584.080000000000,1584.080000000000,1583.880000000000,1583.880000000000,0.200000000000,0.200000000000,0.000000000000,0.000000000000,-0.000126256250,BAIXA,1583.880000000000,1583.890000000000,1583.770000000000,1583.850000000000,0.030000000000,0.120000000000,0.010000000000,0.080000000000,-0.000018940829,BAIXA,1583.850000000000,1583.940000000000,1583.750000000000,1583.750000000000,0.100000000000,0.190000000000,0.090000000000,0.000000000000,-0.000063137292,BAIXA,1583.730000000000,1583.980000000000,1583.640000000000,1583.670000000000,0.060000000000,0.340000000000,0.250000000000,0.030000000000,-0.000037885246,BAIXA,1583.740000000000,1583.930000000000,1583.740000000000,1583.810000000000,0.070000000000,0.190000000000,0.120000000000,0.000000000000,0.000044199174,ALTA,1583.780000000000,1583.990000000000,1583.770000000000,1583.900000000000,0.120000000000,0.220000000000,0.090000000000,0.010000000000,0.000075768099,ALTA,1583.950000000000,1584.040000000000,1583.870000000000,1584.040000000000,0.090000000000,0.170000000000,0.000000000000,0.080000000000,0.000056819975,ALTA,43.518518518519,1583.834000000000,1583.984000000000,1584.336500000000,1583.927120833062,1584.034836066410,1584.338748102753,0.000233634532,0.000119960855,-0.000429097885,0.243571428571,0.000153765958,0.000067106224,0.000089885510,1583.984000000000,1584.476357593625,1583.491642406375,0.000621669908,0.556869235618,1583.640000000000,1584.720000000000,0.000252518876,0.000429282089,0.000130047221,0.000035352643,-0.000187179617,-0.000016413727,-0.000164768566,3,7,0,-0.000429097885,0.566115087935,0.279721714209,0.154163197856,0.000138882459,3,1,0.529411764705,0.000000000000,0.470588235295,1.000000000000,1584.040000000000,1584.210000000000,CIMA,1789071105000
"USDARS_otc","2026-09-10 17:09:30","2026-09-10 17:11:45",1584.490000000000,1584.580000000000,1584.270000000000,1584.300000000000,0.190000000000,0.310000000000,0.090000000000,0.030000000000,-0.000119912401,BAIXA,1584.300000000000,1584.340000000000,1584.110000000000,1584.150000000000,0.150000000000,0.230000000000,0.040000000000,0.040000000000,-0.000094679038,BAIXA,1584.080000000000,1584.080000000000,1583.880000000000,1583.880000000000,0.200000000000,0.200000000000,0.000000000000,0.000000000000,-0.000126256250,BAIXA,1583.880000000000,1583.890000000000,1583.770000000000,1583.850000000000,0.030000000000,0.120000000000,0.010000000000,0.080000000000,-0.000018940829,BAIXA,1583.850000000000,1583.940000000000,1583.750000000000,1583.750000000000,0.100000000000,0.190000000000,0.090000000000,0.000000000000,-0.000063137292,BAIXA,1583.730000000000,1583.980000000000,1583.640000000000,1583.670000000000,0.060000000000,0.340000000000,0.250000000000,0.030000000000,-0.000037885246,BAIXA,1583.740000000000,1583.930000000000,1583.740000000000,1583.810000000000,0.070000000000,0.190000000000,0.120000000000,0.000000000000,0.000044199174,ALTA,1583.780000000000,1583.990000000000,1583.770000000000,1583.900000000000,0.120000000000,0.220000000000,0.090000000000,0.010000000000,0.000075768099,ALTA,1583.950000000000,1584.040000000000,1583.870000000000,1584.040000000000,0.090000000000,0.170000000000,0.000000000000,0.080000000000,0.000056819975,ALTA,1584.000000000000,1584.210000000000,1583.910000000000,1584.210000000000,0.210000000000,0.300000000000,0.000000000000,0.090000000000,0.000132575758,ALTA,43.778801843319,1583.926000000000,1583.956000000000,1584.293500000000,1584.021383815842,1584.066657927732,1584.326583015472,0.000252555546,0.000290449882,-0.000176713012,0.239285714286,0.000151044189,0.000056668772,0.000093027791,1583.956000000000,1584.352605597540,1583.559394402460,0.000500778554,0.820217366542,1583.640000000000,1584.580000000000,0.000359800784,0.000233554895,0.000179269163,0.000160332279,-0.000052707659,0.000084584746,-0.000123089742,4,6,0,-0.000176713012,0.536115087935,0.279721714209,0.184163197856,0.000143308248,4,1,0.700000000000,0.000000000000,0.300000000000,1.000000000000,1584.210000000000,1584.190000000000,BAIXO,1789071120000
"USDARS_otc","2026-09-10 17:09:45","2026-09-10 17:12:00",1584.300000000000,1584.340000000000,1584.110000000000,1584.150000000000,0.150000000000,0.230000000000,0.040000000000,0.040000000000,-0.000094679038,BAIXA,1584.080000000000,1584.080000000000,1583.880000000000,1583.880000000000,0.200000000000,0.200000000000,0.000000000000,0.000000000000,-0.000126256250,BAIXA,1583.880000000000,1583.890000000000,1583.770000000000,1583.850000000000,0.030000000000,0.120000000000,0.010000000000,0.080000000000,-0.000018940829,BAIXA,1583.850000000000,1583.940000000000,1583.750000000000,1583.750000000000,0.100000000000,0.190000000000,0.090000000000,0.000000000000,-0.000063137292,BAIXA,1583.730000000000,1583.980000000000,1583.640000000000,1583.670000000000,0.060000000000,0.340000000000,0.250000000000,0.030000000000,-0.000037885246,BAIXA,1583.740000000000,1583.930000000000,1583.740000000000,1583.810000000000,0.070000000000,0.190000000000,0.120000000000,0.000000000000,0.000044199174,ALTA,1583.780000000000,1583.990000000000,1583.770000000000,1583.900000000000,0.120000000000,0.220000000000,0.090000000000,0.010000000000,0.000075768099,ALTA,1583.950000000000,1584.040000000000,1583.870000000000,1584.040000000000,0.090000000000,0.170000000000,0.000000000000,0.080000000000,0.000056819975,ALTA,1584.000000000000,1584.210000000000,1583.910000000000,1584.210000000000,0.210000000000,0.300000000000,0.000000000000,0.090000000000,0.000132575758,ALTA,1584.210000000000,1584.390000000000,1584.190000000000,1584.190000000000,0.020000000000,0.200000000000,0.180000000000,0.000000000000,-0.000012624589,BAIXA,35.416666666669,1584.030000000000,1583.945000000000,1584.254500000000,1584.077535079402,1584.089122948958,1584.313651752207,0.000183092367,0.000328351235,-0.000069431295,0.232142857143,0.000146537257,0.000042369729,0.000086580732,1583.945000000000,1584.307463791295,1583.582536208705,0.000457672194,0.837964792462,1583.640000000000,1584.390000000000,0.000347180578,0.000126247483,0.000100997986,0.000154653167,-0.000040714813,0.000147709555,-0.000067542403,4,6,0,-0.000069431295,0.484824765354,0.340689456144,0.174485778501,0.000136368182,1,-1,0.100000000000,0.900000000000,0.000000000000,0.000000000000,1584.190000000000,1584.310000000000,CIMA,1789071135000
"USDARS_otc","2026-09-10 17:10:00","2026-09-10 17:12:15",1584.080000000000,1584.080000000000,1583.880000000000,1583.880000000000,0.200000000000,0.200000000000,0.000000000000,0.000000000000,-0.000126256250,BAIXA,1583.880000000000,1583.890000000000,1583.770000000000,1583.850000000000,0.030000000000,0.120000000000,0.010000000000,0.080000000000,-0.000018940829,BAIXA,1583.850000000000,1583.940000000000,1583.750000000000,1583.750000000000,0.100000000000,0.190000000000,0.090000000000,0.000000000000,-0.000063137292,BAIXA,1583.730000000000,1583.980000000000,1583.640000000000,1583.670000000000,0.060000000000,0.340000000000,0.250000000000,0.030000000000,-0.000037885246,BAIXA,1583.740000000000,1583.930000000000,1583.740000000000,1583.810000000000,0.070000000000,0.190000000000,0.120000000000,0.000000000000,0.000044199174,ALTA,1583.780000000000,1583.990000000000,1583.770000000000,1583.900000000000,0.120000000000,0.220000000000,0.090000000000,0.010000000000,0.000075768099,ALTA,1583.950000000000,1584.040000000000,1583.870000000000,1584.040000000000,0.090000000000,0.170000000000,0.000000000000,0.080000000000,0.000056819975,ALTA,1584.000000000000,1584.210000000000,1583.910000000000,1584.210000000000,0.210000000000,0.300000000000,0.000000000000,0.090000000000,0.000132575758,ALTA,1584.210000000000,1584.390000000000,1584.190000000000,1584.190000000000,0.020000000000,0.200000000000,0.180000000000,0.000000000000,-0.000012624589,BAIXA,1584.170000000000,1584.390000000000,1584.170000000000,1584.310000000000,0.140000000000,0.220000000000,0.080000000000,0.000000000000,0.000088374354,ALTA,34.736842105258,1584.130000000000,1583.961000000000,1584.230500000000,1584.154939182244,1584.129292210261,1584.313370612345,0.000170450241,0.000315694433,0.000101000537,0.237142857143,0.000149682106,0.000041300309,0.000084378189,1583.961000000000,1584.369455627945,1583.552544372055,0.000515739501,0.927218987967,1583.640000000000,1584.390000000000,0.000422897034,0.000050495168,0.000113614129,0.000220285171,0.000050179573,0.000186832123,-0.000014517361,5,5,0,0.000145194687,0.483243737686,0.359661788160,0.157094474153,0.000135738128,1,1,0.636363636363,0.363636363637,0.000000000000,0.636363636363,1584.310000000000,1584.270000000000,BAIXO,1789071150000
"USDARS_otc","2026-09-10 17:10:15","2026-09-10 17:12:30",1583.880000000000,1583.890000000000,1583.770000000000,1583.850000000000,0.030000000000,0.120000000000,0.010000000000,0.080000000000,-0.000018940829,BAIXA,1583.850000000000,1583.940000000000,1583.750000000000,1583.750000000000,0.100000000000,0.190000000000,0.090000000000,0.000000000000,-0.000063137292,BAIXA,1583.730000000000,1583.980000000000,1583.640000000000,1583.670000000000,0.060000000000,0.340000000000,0.250000000000,0.030000000000,-0.000037885246,BAIXA,1583.740000000000,1583.930000000000,1583.740000000000,1583.810000000000,0.070000000000,0.190000000000,0.120000000000,0.000000000000,0.000044199174,ALTA,1583.780000000000,1583.990000000000,1583.770000000000,1583.900000000000,0.120000000000,0.220000000000,0.090000000000,0.010000000000,0.000075768099,ALTA,1583.950000000000,1584.040000000000,1583.870000000000,1584.040000000000,0.090000000000,0.170000000000,0.000000000000,0.080000000000,0.000056819975,ALTA,1584.000000000000,1584.210000000000,1583.910000000000,1584.210000000000,0.210000000000,0.300000000000,0.000000000000,0.090000000000,0.000132575758,ALTA,1584.210000000000,1584.390000000000,1584.190000000000,1584.190000000000,0.020000000000,0.200000000000,0.180000000000,0.000000000000,-0.000012624589,BAIXA,1584.170000000000,1584.390000000000,1584.170000000000,1584.310000000000,0.140000000000,0.220000000000,0.080000000000,0.000000000000,0.000088374354,ALTA,1584.310000000000,1584.430000000000,1584.130000000000,1584.270000000000,0.040000000000,0.300000000000,0.120000000000,0.140000000000,-0.000025247584,BAIXA,37.288135593217,1584.204000000000,1584.000000000000,1584.218500000000,1584.193256700723,1584.154891773886,1584.309216751714,0.000037873767,0.000233600606,0.000246230775,0.240000000000,0.000151489329,0.000054685520,0.000061435470,1584.000000000000,1584.443080128194,1583.556919871807,0.000559444606,0.804685295977,1583.640000000000,1584.430000000000,0.000397659490,0.000100992886,0.000041659566,0.000170425496,0.000032507085,0.000175475140,0.000027773044,5,5,0,0.000246230775,0.396577071020,0.399661788160,0.203761140820,0.000142048191,1,-1,0.133333333333,0.400000000000,0.466666666666,0.466666666666,1584.270000000000,1584.050000000000,BAIXO,1789071165000
"USDARS_otc","2026-09-10 17:10:30","2026-09-10 17:12:45",1583.850000000000,1583.940000000000,1583.750000000000,1583.750000000000,0.100000000000,0.190000000000,0.090000000000,0.000000000000,-0.000063137292,BAIXA,1583.730000000000,1583.980000000000,1583.640000000000,1583.670000000000,0.060000000000,0.340000000000,0.250000000000,0.030000000000,-0.000037885246,BAIXA,1583.740000000000,1583.930000000000,1583.740000000000,1583.810000000000,0.070000000000,0.190000000000,0.120000000000,0.000000000000,0.000044199174,ALTA,1583.780000000000,1583.990000000000,1583.770000000000,1583.900000000000,0.120000000000,0.220000000000,0.090000000000,0.010000000000,0.000075768099,ALTA,1583.950000000000,1584.040000000000,1583.870000000000,1584.040000000000,0.090000000000,0.170000000000,0.000000000000,0.080000000000,0.000056819975,ALTA,1584.000000000000,1584.210000000000,1583.910000000000,1584.210000000000,0.210000000000,0.300000000000,0.000000000000,0.090000000000,0.000132575758,ALTA,1584.210000000000,1584.390000000000,1584.190000000000,1584.190000000000,0.020000000000,0.200000000000,0.180000000000,0.000000000000,-0.000012624589,BAIXA,1584.170000000000,1584.390000000000,1584.170000000000,1584.310000000000,0.140000000000,0.220000000000,0.080000000000,0.000000000000,0.000088374354,ALTA,1584.310000000000,1584.430000000000,1584.130000000000,1584.270000000000,0.040000000000,0.300000000000,0.120000000000,0.140000000000,-0.000025247584,BAIXA,1584.270000000000,1584.270000000000,1584.020000000000,1584.050000000000,0.220000000000,0.250000000000,0.000000000000,0.030000000000,-0.000138865219,BAIXA,37.499999999997,1584.206000000000,1584.020000000000,1584.201500000000,1584.145483416143,1584.135849934699,1584.284586091180,-0.000088373238,0.000006312972,0.000126274584,0.241428571429,0.000152412216,0.000086403565,0.000078189124,1584.020000000000,1584.452111096826,1583.587888903174,0.000545587930,0.534713295053,1583.640000000000,1584.430000000000,0.000258830214,0.000239891418,-0.000098481740,0.000018938796,-0.000095640920,0.000111107604,0.000047346990,5,5,0,0.000126274584,0.459577071020,0.391328454827,0.149094474153,0.000150251998,2,-1,0.880000000000,0.000000000000,0.120000000000,0.120000000000,1584.050000000000,1584.080000000000,CIMA,1789071180000
"USDARS_otc","2026-09-10 17:10:45","2026-09-10 17:13:00",1583.730000000000,1583.980000000000,1583.640000000000,1583.670000000000,0.060000000000,0.340000000000,0.250000000000,0.030000000000,-0.000037885246,BAIXA,1583.740000000000,1583.930000000000,1583.740000000000,1583.810000000000,0.070000000000,0.190000000000,0.120000000000,0.000000000000,0.000044199174,ALTA,1583.780000000000,1583.990000000000,1583.770000000000,1583.900000000000,0.120000000000,0.220000000000,0.090000000000,0.010000000000,0.000075768099,ALTA,1583.950000000000,1584.040000000000,1583.870000000000,1584.040000000000,0.090000000000,0.170000000000,0.000000000000,0.080000000000,0.000056819975,ALTA,1584.000000000000,1584.210000000000,1583.910000000000,1584.210000000000,0.210000000000,0.300000000000,0.000000000000,0.090000000000,0.000132575758,ALTA,1584.210000000000,1584.390000000000,1584.190000000000,1584.190000000000,0.020000000000,0.200000000000,0.180000000000,0.000000000000,-0.000012624589,BAIXA,1584.170000000000,1584.390000000000,1584.170000000000,1584.310000000000,0.140000000000,0.220000000000,0.080000000000,0.000000000000,0.000088374354,ALTA,1584.310000000000,1584.430000000000,1584.130000000000,1584.270000000000,0.040000000000,0.300000000000,0.120000000000,0.140000000000,-0.000025247584,BAIXA,1584.270000000000,1584.270000000000,1584.020000000000,1584.050000000000,0.220000000000,0.250000000000,0.000000000000,0.030000000000,-0.000138865219,BAIXA,1584.030000000000,1584.090000000000,1583.970000000000,1584.080000000000,0.050000000000,0.120000000000,0.010000000000,0.060000000000,0.000031565059,ALTA,43.124999999998,1584.180000000000,1584.053000000000,1584.189500000000,1584.123703727347,1584.125675806165,1584.265075043119,-0.000145173609,-0.000082059828,0.000208366219,0.227857142857,0.000143841942,0.000070470472,0.000074000605,1584.053000000000,1584.446248013345,1583.659751986655,0.000496508656,0.534329480485,1583.640000000000,1584.430000000000,0.000277763749,0.000220948437,-0.000063128125,0.000017044594,-0.000069125297,0.000031564062,0.000058077875,6,4,0,0.000220997266,0.448612158739,0.352293367108,0.199094474153,0.000145831527,1,1,0.416666666667,0.083333333333,0.500000000000,0.916666666667,1584.080000000000,1584.240000000000,CIMA,1789071195000
"USDARS_otc","2026-09-10 17:11:00","2026-09-10 17:13:15",1583.740000000000,1583.930000000000,1583.740000000000,1583.810000000000,0.070000000000,0.190000000000,0.120000000000,0.000000000000,0.000044199174,ALTA,1583.780000000000,1583.990000000000,1583.770000000000,1583.900000000000,0.120000000000,0.220000000000,0.090000000000,0.010000000000,0.000075768099,ALTA,1583.950000000000,1584.040000000000,1583.870000000000,1584.040000000000,0.090000000000,0.170000000000,0.000000000000,0.080000000000,0.000056819975,ALTA,1584.000000000000,1584.210000000000,1583.910000000000,1584.210000000000,0.210000000000,0.300000000000,0.000000000000,0.090000000000,0.000132575758,ALTA,1584.210000000000,1584.390000000000,1584.190000000000,1584.190000000000,0.020000000000,0.200000000000,0.180000000000,0.000000000000,-0.000012624589,BAIXA,1584.170000000000,1584.390000000000,1584.170000000000,1584.310000000000,0.140000000000,0.220000000000,0.080000000000,0.000000000000,0.000088374354,ALTA,1584.310000000000,1584.430000000000,1584.130000000000,1584.270000000000,0.040000000000,0.300000000000,0.120000000000,0.140000000000,-0.000025247584,BAIXA,1584.270000000000,1584.270000000000,1584.020000000000,1584.050000000000,0.220000000000,0.250000000000,0.000000000000,0.030000000000,-0.000138865219,BAIXA,1584.030000000000,1584.090000000000,1583.970000000000,1584.080000000000,0.050000000000,0.120000000000,0.010000000000,0.060000000000,0.000031565059,ALTA,1584.120000000000,1584.240000000000,1584.070000000000,1584.240000000000,0.120000000000,0.170000000000,0.000000000000,0.050000000000,0.000075751837,ALTA,52.795031055898,1584.190000000000,1584.110000000000,1584.177500000000,1584.162550348303,1584.146386909240,1584.262730263714,-0.000018936166,0.000031561871,0.000359923469,0.223571428571,0.000141122196,0.000084876449,0.000073349221,1584.110000000000,1584.421384007296,1583.798615992703,0.000393134324,0.708745466938,1583.740000000000,1584.430000000000,0.000315608746,0.000119931324,0.000031560875,0.000082058274,0.000039451093,-0.000008837045,0.000069433924,7,3,0,0.000315708386,0.501553335210,0.278763955343,0.219682709447,0.000135094731,2,1,0.705882352942,0.000000000000,0.294117647058,1.000000000000,1584.240000000000,1584.010000000000,BAIXO,1789071210000
"USDARS_otc","2026-09-10 17:11:15","2026-09-10 17:13:30",1583.780000000000,1583.990000000000,1583.770000000000,1583.900000000000,0.120000000000,0.220000000000,0.090000000000,0.010000000000,0.000075768099,ALTA,1583.950000000000,1584.040000000000,1583.870000000000,1584.040000000000,0.090000000000,0.170000000000,0.000000000000,0.080000000000,0.000056819975,ALTA,1584.000000000000,1584.210000000000,1583.910000000000,1584.210000000000,0.210000000000,0.300000000000,0.000000000000,0.090000000000,0.000132575758,ALTA,1584.210000000000,1584.390000000000,1584.190000000000,1584.190000000000,0.020000000000,0.200000000000,0.180000000000,0.000000000000,-0.000012624589,BAIXA,1584.170000000000,1584.390000000000,1584.170000000000,1584.310000000000,0.140000000000,0.220000000000,0.080000000000,0.000000000000,0.000088374354,ALTA,1584.310000000000,1584.430000000000,1584.130000000000,1584.270000000000,0.040000000000,0.300000000000,0.120000000000,0.140000000000,-0.000025247584,BAIXA,1584.270000000000,1584.270000000000,1584.020000000000,1584.050000000000,0.220000000000,0.250000000000,0.000000000000,0.030000000000,-0.000138865219,BAIXA,1584.030000000000,1584.090000000000,1583.970000000000,1584.080000000000,0.050000000000,0.120000000000,0.010000000000,0.060000000000,0.000031565059,ALTA,1584.120000000000,1584.240000000000,1584.070000000000,1584.240000000000,0.120000000000,0.170000000000,0.000000000000,0.050000000000,0.000075751837,ALTA,1584.240000000000,1584.410000000000,1583.990000000000,1584.010000000000,0.230000000000,0.420000000000,0.170000000000,0.020000000000,-0.000145180023,BAIXA,54.140127388531,1584.130000000000,1584.130000000000,1584.140500000000,1584.111742334215,1584.121533770345,1584.238590736425,-0.000025251728,-0.000189356881,0.000126277773,0.234285714286,0.000147906714,0.000094221341,0.000088555168,1584.130000000000,1584.381714123561,1583.878285876439,0.000317794781,0.261634352689,1583.770000000000,1584.430000000000,0.000151514195,0.000265149841,-0.000075757097,-0.000075757097,-0.000082385844,-0.000047979495,0.000069444006,6,4,0,0.000145222190,0.519473134708,0.256082251082,0.224444614209,0.000149608947,1,-1,0.547619047619,0.404761904762,0.047619047619,0.047619047619,1584.010000000000,1584.000000000000,BAIXO,1789071225000
"USDARS_otc","2026-09-10 17:11:30","2026-09-10 17:13:45",1583.950000000000,1584.040000000000,1583.870000000000,1584.040000000000,0.090000000000,0.170000000000,0.000000000000,0.080000000000,0.000056819975,ALTA,1584.000000000000,1584.210000000000,1583.910000000000,1584.210000000000,0.210000000000,0.300000000000,0.000000000000,0.090000000000,0.000132575758,ALTA,1584.210000000000,1584.390000000000,1584.190000000000,1584.190000000000,0.020000000000,0.200000000000,0.180000000000,0.000000000000,-0.000012624589,BAIXA,1584.170000000000,1584.390000000000,1584.170000000000,1584.310000000000,0.140000000000,0.220000000000,0.080000000000,0.000000000000,0.000088374354,ALTA,1584.310000000000,1584.430000000000,1584.130000000000,1584.270000000000,0.040000000000,0.300000000000,0.120000000000,0.140000000000,-0.000025247584,BAIXA,1584.270000000000,1584.270000000000,1584.020000000000,1584.050000000000,0.220000000000,0.250000000000,0.000000000000,0.030000000000,-0.000138865219,BAIXA,1584.030000000000,1584.090000000000,1583.970000000000,1584.080000000000,0.050000000000,0.120000000000,0.010000000000,0.060000000000,0.000031565059,ALTA,1584.120000000000,1584.240000000000,1584.070000000000,1584.240000000000,0.120000000000,0.170000000000,0.000000000000,0.050000000000,0.000075751837,ALTA,1584.240000000000,1584.410000000000,1583.990000000000,1584.010000000000,0.230000000000,0.420000000000,0.170000000000,0.020000000000,-0.000145180023,BAIXA,1584.010000000000,1584.130000000000,1583.970000000000,1584.000000000000,0.010000000000,0.160000000000,0.120000000000,0.030000000000,-0.000006313091,BAIXA,54.838709677423,1584.076000000000,1584.140000000000,1584.096000000000,1584.074443765604,1584.099466113620,1584.216024427392,-0.000050502500,-0.000170425496,0.000063135299,0.237142857143,0.000149711400,0.000095029583,0.000087422710,1584.140000000000,1584.360363336333,1583.919636663666,0.000278211946,0.182342801826,1583.870000000000,1584.430000000000,0.000082070707,0.000271464646,-0.000047979798,-0.000088383838,-0.000060606061,-0.000065656566,0.000054924242,5,5,0,0.000031566653,0.471177680163,0.290173160173,0.238649159664,0.000145819075,2,-1,0.062500000000,0.750000000000,0.187500000000,0.187500000000,1584.000000000000,1584.210000000000,CIMA,1789071240000
"USDARS_otc","2026-09-10 17:11:45","2026-09-10 17:14:00",1584.000000000000,1584.210000000000,1583.910000000000,1584.210000000000,0.210000000000,0.300000000000,0.000000000000,0.090000000000,0.000132575758,ALTA,1584.210000000000,1584.390000000000,1584.190000000000,1584.190000000000,0.020000000000,0.200000000000,0.180000000000,0.000000000000,-0.000012624589,BAIXA,1584.170000000000,1584.390000000000,1584.170000000000,1584.310000000000,0.140000000000,0.220000000000,0.080000000000,0.000000000000,0.000088374354,ALTA,1584.310000000000,1584.430000000000,1584.130000000000,1584.270000000000,0.040000000000,0.300000000000,0.120000000000,0.140000000000,-0.000025247584,BAIXA,1584.270000000000,1584.270000000000,1584.020000000000,1584.050000000000,0.220000000000,0.250000000000,0.000000000000,0.030000000000,-0.000138865219,BAIXA,1584.030000000000,1584.090000000000,1583.970000000000,1584.080000000000,0.050000000000,0.120000000000,0.010000000000,0.060000000000,0.000031565059,ALTA,1584.120000000000,1584.240000000000,1584.070000000000,1584.240000000000,0.120000000000,0.170000000000,0.000000000000,0.050000000000,0.000075751837,ALTA,1584.240000000000,1584.410000000000,1583.990000000000,1584.010000000000,0.230000000000,0.420000000000,0.170000000000,0.020000000000,-0.000145180023,BAIXA,1584.010000000000,1584.130000000000,1583.970000000000,1584.000000000000,0.010000000000,0.160000000000,0.120000000000,0.030000000000,-0.000006313091,BAIXA,1584.030000000000,1584.250000000000,1584.030000000000,1584.210000000000,0.180000000000,0.220000000000,0.040000000000,0.000000000000,0.000113634211,ALTA,63.855421686749,1584.108000000000,1584.157000000000,1584.070500000000,1584.119560009478,1584.119530525617,1584.215387358643,-0.000018936525,0.000101006913,0.000107320522,0.241428571429,0.000152396823,0.000097172883,0.000092432373,1584.157000000000,1584.369988262587,1583.944011737412,0.000268897922,0.624420001732,1583.910000000000,1584.430000000000,0.000189368834,0.000138870478,0.000064385403,0.000033455161,0.000088056508,-0.000051760815,0.000029667784,5,5,0,0.000132575758,0.500054685511,0.308354978355,0.191590336134,0.000148975039,1,1,0.818181818182,0.181818181818,0.000000000000,0.818181818182,1584.210000000000,1584.300000000000,CIMA,1789071255000
"USDARS_otc","2026-09-10 17:12:00","2026-09-10 17:14:15",1584.210000000000,1584.390000000000,1584.190000000000,1584.190000000000,0.020000000000,0.200000000000,0.180000000000,0.000000000000,-0.000012624589,BAIXA,1584.170000000000,1584.390000000000,1584.170000000000,1584.310000000000,0.140000000000,0.220000000000,0.080000000000,0.000000000000,0.000088374354,ALTA,1584.310000000000,1584.430000000000,1584.130000000000,1584.270000000000,0.040000000000,0.300000000000,0.120000000000,0.140000000000,-0.000025247584,BAIXA,1584.270000000000,1584.270000000000,1584.020000000000,1584.050000000000,0.220000000000,0.250000000000,0.000000000000,0.030000000000,-0.000138865219,BAIXA,1584.030000000000,1584.090000000000,1583.970000000000,1584.080000000000,0.050000000000,0.120000000000,0.010000000000,0.060000000000,0.000031565059,ALTA,1584.120000000000,1584.240000000000,1584.070000000000,1584.240000000000,0.120000000000,0.170000000000,0.000000000000,0.050000000000,0.000075751837,ALTA,1584.240000000000,1584.410000000000,1583.990000000000,1584.010000000000,0.230000000000,0.420000000000,0.170000000000,0.020000000000,-0.000145180023,BAIXA,1584.010000000000,1584.130000000000,1583.970000000000,1584.000000000000,0.010000000000,0.160000000000,0.120000000000,0.030000000000,-0.000006313091,BAIXA,1584.030000000000,1584.250000000000,1584.030000000000,1584.210000000000,0.180000000000,0.220000000000,0.040000000000,0.000000000000,0.000113634211,ALTA,1584.210000000000,1584.330000000000,1584.100000000000,1584.300000000000,0.090000000000,0.230000000000,0.030000000000,0.110000000000,0.000056810650,ALTA,68.862275449100,1584.152000000000,1584.166000000000,1584.061000000000,1584.179649534540,1584.152300701591,1584.223345736346,0.000183079652,0.000138881875,0.000056810650,0.233571428571,0.000147428788,0.000098249009,0.000088304357,1584.166000000000,1584.394245481883,1583.937754518117,0.000288158541,0.793543598091,1583.970000000000,1584.430000000000,0.000208293884,0.000082055166,0.000093416651,0.000084579941,0.000150855267,0.000013886259,0.000022722969,5,5,0,0.000056810650,0.469185120293,0.321398456616,0.209416423091,0.000144553922,2,1,0.391304347826,0.130434782609,0.478260869566,0.869565217391,1584.300000000000,1584.290000000000,BAIXO,1789071270000
"USDARS_otc","2026-09-10 17:12:15","2026-09-10 17:14:30",1584.170000000000,1584.390000000000,1584.170000000000,1584.310000000000,0.140000000000,0.220000000000,0.080000000000,0.000000000000,0.000088374354,ALTA,1584.310000000000,1584.430000000000,1584.130000000000,1584.270000000000,0.040000000000,0.300000000000,0.120000000000,0.140000000000,-0.000025247584,BAIXA,1584.270000000000,1584.270000000000,1584.020000000000,1584.050000000000,0.220000000000,0.250000000000,0.000000000000,0.030000000000,-0.000138865219,BAIXA,1584.030000000000,1584.090000000000,1583.970000000000,1584.080000000000,0.050000000000,0.120000000000,0.010000000000,0.060000000000,0.000031565059,ALTA,1584.120000000000,1584.240000000000,1584.070000000000,1584.240000000000,0.120000000000,0.170000000000,0.000000000000,0.050000000000,0.000075751837,ALTA,1584.240000000000,1584.410000000000,1583.990000000000,1584.010000000000,0.230000000000,0.420000000000,0.170000000000,0.020000000000,-0.000145180023,BAIXA,1584.010000000000,1584.130000000000,1583.970000000000,1584.000000000000,0.010000000000,0.160000000000,0.120000000000,0.030000000000,-0.000006313091,BAIXA,1584.030000000000,1584.250000000000,1584.030000000000,1584.210000000000,0.180000000000,0.220000000000,0.040000000000,0.000000000000,0.000113634211,ALTA,1584.210000000000,1584.330000000000,1584.100000000000,1584.300000000000,0.090000000000,0.230000000000,0.030000000000,0.110000000000,0.000056810650,ALTA,1584.300000000000,1584.340000000000,1584.050000000000,1584.290000000000,0.010000000000,0.290000000000,0.040000000000,0.240000000000,-0.000006311936,BAIXA,65.584415584417,1584.162000000000,1584.176000000000,1584.060500000000,1584.216387913728,1584.177392456699,1584.229673767638,0.000183080808,0.000031560875,0.000063123741,0.235714285714,0.000148782285,0.000091390634,0.000088193706,1584.176000000000,1584.416033331019,1583.935966668981,0.000303038717,0.737467020759,1583.970000000000,1584.430000000000,0.000201983223,0.000088367660,0.000080793289,0.000071956523,0.000144859843,0.000054282991,0.000022723113,5,5,0,0.000075749446,0.462633396155,0.245191560064,0.292175043781,0.000150233947,1,-1,0.034482758621,0.137931034483,0.827586206897,0.827586206897,1584.290000000000,1584.330000000000,CIMA,1789071285000
"USDARS_otc","2026-09-10 17:12:30","2026-09-10 17:14:45",1584.310000000000,1584.430000000000,1584.130000000000,1584.270000000000,0.040000000000,0.300000000000,0.120000000000,0.140000000000,-0.000025247584,BAIXA,1584.270000000000,1584.270000000000,1584.020000000000,1584.050000000000,0.220000000000,0.250000000000,0.000000000000,0.030000000000,-0.000138865219,BAIXA,1584.030000000000,1584.090000000000,1583.970000000000,1584.080000000000,0.050000000000,0.120000000000,0.010000000000,0.060000000000,0.000031565059,ALTA,1584.120000000000,1584.240000000000,1584.070000000000,1584.240000000000,0.120000000000,0.170000000000,0.000000000000,0.050000000000,0.000075751837,ALTA,1584.240000000000,1584.410000000000,1583.990000000000,1584.010000000000,0.230000000000,0.420000000000,0.170000000000,0.020000000000,-0.000145180023,BAIXA,1584.010000000000,1584.130000000000,1583.970000000000,1584.000000000000,0.010000000000,0.160000000000,0.120000000000,0.030000000000,-0.000006313091,BAIXA,1584.030000000000,1584.250000000000,1584.030000000000,1584.210000000000,0.180000000000,0.220000000000,0.040000000000,0.000000000000,0.000113634211,ALTA,1584.210000000000,1584.330000000000,1584.100000000000,1584.300000000000,0.090000000000,0.230000000000,0.030000000000,0.110000000000,0.000056810650,ALTA,1584.300000000000,1584.340000000000,1584.050000000000,1584.290000000000,0.010000000000,0.290000000000,0.040000000000,0.240000000000,-0.000006311936,BAIXA,1584.210000000000,1584.360000000000,1584.210000000000,1584.330000000000,0.120000000000,0.150000000000,0.030000000000,0.000000000000,0.000075747533,ALTA,64.429530201339,1584.226000000000,1584.178000000000,1584.069500000000,1584.254177412414,1584.205051105466,1584.239301957578,0.000075747533,0.000202018927,0.000012623792,0.230714285714,0.000145622620,0.000051690199,0.000085477378,1584.178000000000,1584.422752936653,1583.933247063348,0.000308996763,0.810517213968,1583.970000000000,1584.430000000000,0.000227225389,0.000063118164,0.000065642890,0.000095939609,0.000164422816,0.000074479433,0.000013254814,5,5,0,0.000012623792,0.478997032519,0.228827923701,0.292175043781,0.000145814991,1,1,0.800000000000,0.200000000000,0.000000000000,0.800000000000,1584.330000000000,1584.460000000000,CIMA,1789071300000
"USDARS_otc","2026-09-10 17:12:45","2026-09-10 17:15:00",1584.270000000000,1584.270000000000,1584.020000000000,1584.050000000000,0.220000000000,0.250000000000,0.000000000000,0.030000000000,-0.000138865219,BAIXA,1584.030000000000,1584.090000000000,1583.970000000000,1584.080000000000,0.050000000000,0.120000000000,0.010000000000,0.060000000000,0.000031565059,ALTA,1584.120000000000,1584.240000000000,1584.070000000000,1584.240000000000,0.120000000000,0.170000000000,0.000000000000,0.050000000000,0.000075751837,ALTA,1584.240000000000,1584.410000000000,1583.990000000000,1584.010000000000,0.230000000000,0.420000000000,0.170000000000,0.020000000000,-0.000145180023,BAIXA,1584.010000000000,1584.130000000000,1583.970000000000,1584.000000000000,0.010000000000,0.160000000000,0.120000000000,0.030000000000,-0.000006313091,BAIXA,1584.030000000000,1584.250000000000,1584.030000000000,1584.210000000000,0.180000000000,0.220000000000,0.040000000000,0.000000000000,0.000113634211,ALTA,1584.210000000000,1584.330000000000,1584.100000000000,1584.300000000000,0.090000000000,0.230000000000,0.030000000000,0.110000000000,0.000056810650,ALTA,1584.300000000000,1584.340000000000,1584.050000000000,1584.290000000000,0.010000000000,0.290000000000,0.040000000000,0.240000000000,-0.000006311936,BAIXA,1584.210000000000,1584.360000000000,1584.210000000000,1584.330000000000,0.120000000000,0.150000000000,0.030000000000,0.000000000000,0.000075747533,ALTA,1584.330000000000,1584.550000000000,1584.330000000000,1584.460000000000,0.130000000000,0.220000000000,0.090000000000,0.000000000000,0.000082053613,ALTA,64.189189189191,1584.318000000000,1584.197000000000,1584.098500000000,1584.322775919749,1584.251398918275,1584.260310821852,0.000100990974,0.000290404040,0.000119929052,0.234285714286,0.000147864707,0.000047645002,0.000088168095,1584.197000000000,1584.491760920069,1583.902239079931,0.000372126598,0.946124269015,1583.970000000000,1584.550000000000,0.000309253626,0.000056801686,0.000089620439,0.000165987150,0.000228153440,0.000104767555,0.000019565025,6,4,0,0.000119929052,0.524754608277,0.229737014610,0.245508377114,0.000140765299,2,1,0.590909090910,0.409090909090,0.000000000000,0.590909090910,1584.460000000000,1584.730000000000,CIMA,1789071315000
"USDARS_otc","2026-09-10 17:13:00","2026-09-10 17:15:15",1584.030000000000,1584.090000000000,1583.970000000000,1584.080000000000,0.050000000000,0.120000000000,0.010000000000,0.060000000000,0.000031565059,ALTA,1584.120000000000,1584.240000000000,1584.070000000000,1584.240000000000,0.120000000000,0.170000000000,0.000000000000,0.050000000000,0.000075751837,ALTA,1584.240000000000,1584.410000000000,1583.990000000000,1584.010000000000,0.230000000000,0.420000000000,0.170000000000,0.020000000000,-0.000145180023,BAIXA,1584.010000000000,1584.130000000000,1583.970000000000,1584.000000000000,0.010000000000,0.160000000000,0.120000000000,0.030000000000,-0.000006313091,BAIXA,1584.030000000000,1584.250000000000,1584.030000000000,1584.210000000000,0.180000000000,0.220000000000,0.040000000000,0.000000000000,0.000113634211,ALTA,1584.210000000000,1584.330000000000,1584.100000000000,1584.300000000000,0.090000000000,0.230000000000,0.030000000000,0.110000000000,0.000056810650,ALTA,1584.300000000000,1584.340000000000,1584.050000000000,1584.290000000000,0.010000000000,0.290000000000,0.040000000000,0.240000000000,-0.000006311936,BAIXA,1584.210000000000,1584.360000000000,1584.210000000000,1584.330000000000,0.120000000000,0.150000000000,0.030000000000,0.000000000000,0.000075747533,ALTA,1584.330000000000,1584.550000000000,1584.330000000000,1584.460000000000,0.130000000000,0.220000000000,0.090000000000,0.000000000000,0.000082053613,ALTA,1584.460000000000,1584.740000000000,1584.460000000000,1584.730000000000,0.270000000000,0.280000000000,0.010000000000,0.000000000000,0.000170405059,ALTA,66.455696202532,1584.422000000000,1584.265000000000,1584.142500000000,1584.458487206967,1584.338348714436,1584.305083112170,0.000277726931,0.000328239312,0.000429279379,0.232857142857,0.000146938054,0.000060219074,0.000083967585,1584.265000000000,1584.681389240976,1583.848610759025,0.000525656050,1.058371776022,1583.970000000000,1584.740000000000,0.000479576963,0.000006310223,0.000194354874,0.000293425378,0.000370725613,0.000164065803,0.000056160986,7,3,0,0.000441910822,0.533183179705,0.233308443181,0.233508377114,0.000142656796,3,1,0.964285714286,0.035714285714,0.000000000000,0.964285714286,1584.730000000000,1584.690000000000,BAIXO,1789071330000
"USDARS_otc","2026-09-10 17:13:15","2026-09-10 17:15:30",1584.120000000000,1584.240000000000,1584.070000000000,1584.240000000000,0.120000000000,0.170000000000,0.000000000000,0.050000000000,0.000075751837,ALTA,1584.240000000000,1584.410000000000,1583.990000000000,1584.010000000000,0.230000000000,0.420000000000,0.170000000000,0.020000000000,-0.000145180023,BAIXA,1584.010000000000,1584.130000000000,1583.970000000000,1584.000000000000,0.010000000000,0.160000000000,0.120000000000,0.030000000000,-0.000006313091,BAIXA,1584.030000000000,1584.250000000000,1584.030000000000,1584.210000000000,0.180000000000,0.220000000000,0.040000000000,0.000000000000,0.000113634211,ALTA,1584.210000000000,1584.330000000000,1584.100000000000,1584.300000000000,0.090000000000,0.230000000000,0.030000000000,0.110000000000,0.000056810650,ALTA,1584.300000000000,1584.340000000000,1584.050000000000,1584.290000000000,0.010000000000,0.290000000000,0.040000000000,0.240000000000,-0.000006311936,BAIXA,1584.210000000000,1584.360000000000,1584.210000000000,1584.330000000000,0.120000000000,0.150000000000,0.030000000000,0.000000000000,0.000075747533,ALTA,1584.330000000000,1584.550000000000,1584.330000000000,1584.460000000000,0.130000000000,0.220000000000,0.090000000000,0.000000000000,0.000082053613,ALTA,1584.460000000000,1584.740000000000,1584.460000000000,1584.730000000000,0.270000000000,0.280000000000,0.010000000000,0.000000000000,0.000170405059,ALTA,1584.730000000000,1584.860000000000,1584.690000000000,1584.690000000000,0.040000000000,0.170000000000,0.130000000000,0.000000000000,-0.000025240893,BAIXA,65.625000000001,1584.500000000000,1584.326000000000,1584.189500000000,1584.535634079686,1584.402242856080,1584.341841832485,0.000227225389,0.000246165499,0.000385081562,0.230714285714,0.000145589538,0.000070663634,0.000086244686,1584.326000000000,1584.791892691507,1583.860107308493,0.000588127307,0.890647896646,1583.970000000000,1584.860000000000,0.000454347538,0.000107276502,0.000119897267,0.000229697922,0.000315834643,0.000172904480,0.000093393661,6,4,0,0.000359821226,0.515045924803,0.301445698083,0.183508377114,0.000145808561,1,-1,0.235294117647,0.764705882353,0.000000000000,0.000000000000,1584.690000000000,1584.730000000000,CIMA,1789071345000
"USDARS_otc","2026-09-10 17:13:30","2026-09-10 17:15:45",1584.240000000000,1584.410000000000,1583.990000000000,1584.010000000000,0.230000000000,0.420000000000,0.170000000000,0.020000000000,-0.000145180023,BAIXA,1584.010000000000,1584.130000000000,1583.970000000000,1584.000000000000,0.010000000000,0.160000000000,0.120000000000,0.030000000000,-0.000006313091,BAIXA,1584.030000000000,1584.250000000000,1584.030000000000,1584.210000000000,0.180000000000,0.220000000000,0.040000000000,0.000000000000,0.000113634211,ALTA,1584.210000000000,1584.330000000000,1584.100000000000,1584.300000000000,0.090000000000,0.230000000000,0.030000000000,0.110000000000,0.000056810650,ALTA,1584.300000000000,1584.340000000000,1584.050000000000,1584.290000000000,0.010000000000,0.290000000000,0.040000000000,0.240000000000,-0.000006311936,BAIXA,1584.210000000000,1584.360000000000,1584.210000000000,1584.330000000000,0.120000000000,0.150000000000,0.030000000000,0.000000000000,0.000075747533,ALTA,1584.330000000000,1584.550000000000,1584.330000000000,1584.460000000000,0.130000000000,0.220000000000,0.090000000000,0.000000000000,0.000082053613,ALTA,1584.460000000000,1584.740000000000,1584.460000000000,1584.730000000000,0.270000000000,0.280000000000,0.010000000000,0.000000000000,0.000170405059,ALTA,1584.730000000000,1584.860000000000,1584.690000000000,1584.690000000000,0.040000000000,0.170000000000,0.130000000000,0.000000000000,-0.000025240893,BAIXA,1584.690000000000,1584.750000000000,1584.650000000000,1584.730000000000,0.040000000000,0.100000000000,0.020000000000,0.040000000000,0.000025241530,ALTA,63.815789473687,1584.588000000000,1584.375000000000,1584.242500000000,1584.600464821803,1584.461714228523,1584.378805944707,0.000170405059,0.000277726931,0.000309296571,0.222142857143,0.000140177101,0.000066720483,0.000083712095,1584.375000000000,1584.894403504031,1583.855596495969,0.000655657283,0.841738164303,1583.970000000000,1584.860000000000,0.000479576963,0.000082032902,0.000089605169,0.000224012923,0.000307623381,0.000170376026,0.000112321973,6,4,0,0.000309296571,0.484457689509,0.321445698083,0.194096612408,0.000141387433,1,1,0.400000000000,0.200000000000,0.400000000000,0.800000000000,1584.730000000000,1584.810000000000,CIMA,1789071360000
"USDARS_otc","2026-09-10 17:13:45","2026-09-10 17:16:00",1584.010000000000,1584.130000000000,1583.970000000000,1584.000000000000,0.010000000000,0.160000000000,0.120000000000,0.030000000000,-0.000006313091,BAIXA,1584.030000000000,1584.250000000000,1584.030000000000,1584.210000000000,0.180000000000,0.220000000000,0.040000000000,0.000000000000,0.000113634211,ALTA,1584.210000000000,1584.330000000000,1584.100000000000,1584.300000000000,0.090000000000,0.230000000000,0.030000000000,0.110000000000,0.000056810650,ALTA,1584.300000000000,1584.340000000000,1584.050000000000,1584.290000000000,0.010000000000,0.290000000000,0.040000000000,0.240000000000,-0.000006311936,BAIXA,1584.210000000000,1584.360000000000,1584.210000000000,1584.330000000000,0.120000000000,0.150000000000,0.030000000000,0.000000000000,0.000075747533,ALTA,1584.330000000000,1584.550000000000,1584.330000000000,1584.460000000000,0.130000000000,0.220000000000,0.090000000000,0.000000000000,0.000082053613,ALTA,1584.460000000000,1584.740000000000,1584.460000000000,1584.730000000000,0.270000000000,0.280000000000,0.010000000000,0.000000000000,0.000170405059,ALTA,1584.730000000000,1584.860000000000,1584.690000000000,1584.690000000000,0.040000000000,0.170000000000,0.130000000000,0.000000000000,-0.000025240893,BAIXA,1584.690000000000,1584.750000000000,1584.650000000000,1584.730000000000,0.040000000000,0.100000000000,0.020000000000,0.040000000000,0.000025241530,ALTA,1584.760000000000,1584.840000000000,1584.760000000000,1584.810000000000,0.050000000000,0.080000000000,0.030000000000,0.000000000000,0.000031550519,ALTA,67.307692307692,1584.684000000000,1584.455000000000,1584.292500000000,1584.670336946781,1584.525065040850,1584.419915365152,0.000050481786,0.000302967185,0.000505047317,0.208571428571,0.000131606583,0.000065174637,0.000059679790,1584.455000000000,1584.971313858036,1583.938686141964,0.000651724231,0.843783141276,1583.970000000000,1584.860000000000,0.000530031991,0.000031549523,0.000079504799,0.000224001615,0.000326537566,0.000165319502,0.000119888188,7,3,0,0.000505047317,0.492195784747,0.318469507607,0.189334707646,0.000119924382,2,1,0.625000000000,0.375000000000,0.000000000000,0.625000000000,1584.810000000000,1584.820000000000,CIMA,1789071375000
"USDARS_otc","2026-09-10 17:14:00","2026-09-10 17:16:15",1584.030000000000,1584.250000000000,1584.030000000000,1584.210000000000,0.180000000000,0.220000000000,0.040000000000,0.000000000000,0.000113634211,ALTA,1584.210000000000,1584.330000000000,1584.100000000000,1584.300000000000,0.090000000000,0.230000000000,0.030000000000,0.110000000000,0.000056810650,ALTA,1584.300000000000,1584.340000000000,1584.050000000000,1584.290000000000,0.010000000000,0.290000000000,0.040000000000,0.240000000000,-0.000006311936,BAIXA,1584.210000000000,1584.360000000000,1584.210000000000,1584.330000000000,0.120000000000,0.150000000000,0.030000000000,0.000000000000,0.000075747533,ALTA,1584.330000000000,1584.550000000000,1584.330000000000,1584.460000000000,0.130000000000,0.220000000000,0.090000000000,0.000000000000,0.000082053613,ALTA,1584.460000000000,1584.740000000000,1584.460000000000,1584.730000000000,0.270000000000,0.280000000000,0.010000000000,0.000000000000,0.000170405059,ALTA,1584.730000000000,1584.860000000000,1584.690000000000,1584.690000000000,0.040000000000,0.170000000000,0.130000000000,0.000000000000,-0.000025240893,BAIXA,1584.690000000000,1584.750000000000,1584.650000000000,1584.730000000000,0.040000000000,0.100000000000,0.020000000000,0.040000000000,0.000025241530,ALTA,1584.760000000000,1584.840000000000,1584.760000000000,1584.810000000000,0.050000000000,0.080000000000,0.030000000000,0.000000000000,0.000031550519,ALTA,1584.810000000000,1584.850000000000,1584.680000000000,1584.820000000000,0.010000000000,0.170000000000,0.030000000000,0.130000000000,0.000006309905,ALTA,78.518518518520,1584.756000000000,1584.537000000000,1584.338500000000,1584.720266733200,1584.578738566259,1584.457898700797,0.000082034972,0.000227206746,0.000517676768,0.202857142857,0.000128000115,0.000067196156,0.000058588396,1584.537000000000,1584.995436473243,1584.078563526756,0.000578637764,0.808657814678,1584.030000000000,1584.860000000000,0.000498479323,0.000025239459,0.000040383135,0.000178569175,0.000303819992,0.000161532540,0.000133138148,8,2,0,0.000498727928,0.491828137688,0.261116566430,0.247055295882,0.000120550273,3,1,0.058823529412,0.176470588235,0.764705882353,0.823529411765,1584.820000000000,1584.850000000000,CIMA,1789071390000
"USDARS_otc","2026-09-10 17:14:15","2026-09-10 17:16:30",1584.210000000000,1584.330000000000,1584.100000000000,1584.300000000000,0.090000000000,0.230000000000,0.030000000000,0.110000000000,0.000056810650,ALTA,1584.300000000000,1584.340000000000,1584.050000000000,1584.290000000000,0.010000000000,0.290000000000,0.040000000000,0.240000000000,-0.000006311936,BAIXA,1584.210000000000,1584.360000000000,1584.210000000000,1584.330000000000,0.120000000000,0.150000000000,0.030000000000,0.000000000000,0.000075747533,ALTA,1584.330000000000,1584.550000000000,1584.330000000000,1584.460000000000,0.130000000000,0.220000000000,0.090000000000,0.000000000000,0.000082053613,ALTA,1584.460000000000,1584.740000000000,1584.460000000000,1584.730000000000,0.270000000000,0.280000000000,0.010000000000,0.000000000000,0.000170405059,ALTA,1584.730000000000,1584.860000000000,1584.690000000000,1584.690000000000,0.040000000000,0.170000000000,0.130000000000,0.000000000000,-0.000025240893,BAIXA,1584.690000000000,1584.750000000000,1584.650000000000,1584.730000000000,0.040000000000,0.100000000000,0.020000000000,0.040000000000,0.000025241530,ALTA,1584.760000000000,1584.840000000000,1584.760000000000,1584.810000000000,0.050000000000,0.080000000000,0.030000000000,0.000000000000,0.000031550519,ALTA,1584.810000000000,1584.850000000000,1584.680000000000,1584.820000000000,0.010000000000,0.170000000000,0.030000000000,0.130000000000,0.000006309905,ALTA,1584.820000000000,1584.850000000000,1584.750000000000,1584.850000000000,0.030000000000,0.100000000000,0.000000000000,0.070000000000,0.000018929595,ALTA,78.518518518520,1584.780000000000,1584.601000000000,1584.379000000000,1584.763562279339,1584.628049029463,1584.495161706399,0.000075722678,0.000075722678,0.000403986845,0.201428571429,0.000127096300,0.000024795285,0.000052517140,1584.601000000000,1585.037114663822,1584.164885336179,0.000550440980,0.785475381426,1584.050000000000,1584.860000000000,0.000504779632,0.000006309745,0.000044168218,0.000157112661,0.000297189008,0.000121147112,0.000142600246,8,2,0,0.000403986845,0.440009955870,0.242934748248,0.317055295882,0.000112971512,4,1,0.300000000000,0.000000000000,0.700000000000,1.000000000000,1584.850000000000,1585.100000000000,CIMA,1789071405000
"USDARS_otc","2026-09-10 17:14:30","2026-09-10 17:16:45",1584.300000000000,1584.340000000000,1584.050000000000,1584.290000000000,0.010000000000,0.290000000000,0.040000000000,0.240000000000,-0.000006311936,BAIXA,1584.210000000000,1584.360000000000,1584.210000000000,1584.330000000000,0.120000000000,0.150000000000,0.030000000000,0.000000000000,0.000075747533,ALTA,1584.330000000000,1584.550000000000,1584.330000000000,1584.460000000000,0.130000000000,0.220000000000,0.090000000000,0.000000000000,0.000082053613,ALTA,1584.460000000000,1584.740000000000,1584.460000000000,1584.730000000000,0.270000000000,0.280000000000,0.010000000000,0.000000000000,0.000170405059,ALTA,1584.730000000000,1584.860000000000,1584.690000000000,1584.690000000000,0.040000000000,0.170000000000,0.130000000000,0.000000000000,-0.000025240893,BAIXA,1584.690000000000,1584.750000000000,1584.650000000000,1584.730000000000,0.040000000000,0.100000000000,0.020000000000,0.040000000000,0.000025241530,ALTA,1584.760000000000,1584.840000000000,1584.760000000000,1584.810000000000,0.050000000000,0.080000000000,0.030000000000,0.000000000000,0.000031550519,ALTA,1584.810000000000,1584.850000000000,1584.680000000000,1584.820000000000,0.010000000000,0.170000000000,0.030000000000,0.130000000000,0.000006309905,ALTA,1584.820000000000,1584.850000000000,1584.750000000000,1584.850000000000,0.030000000000,0.100000000000,0.000000000000,0.070000000000,0.000018929595,ALTA,1584.850000000000,1585.200000000000,1584.850000000000,1585.100000000000,0.250000000000,0.350000000000,0.100000000000,0.000000000000,0.000157743635,ALTA,79.861111111111,1584.862000000000,1584.681000000000,1584.423500000000,1584.875702171653,1584.713825638578,1584.552745359590,0.000182987235,0.000258725681,0.000504954870,0.214285714286,0.000135187505,0.000054919831,0.000063295689,1584.681000000000,1585.158447379300,1584.203552620701,0.000602578537,0.938791810539,1584.050000000000,1585.200000000000,0.000662418775,0.000063087502,0.000150148256,0.000264336635,0.000426786954,0.000112295754,0.000142577755,8,2,0,0.000504954870,0.472308092516,0.258462698559,0.269229208925,0.000120537344,5,1,0.714285714285,0.285714285715,0.000000000000,0.714285714285,1585.100000000000,1585.280000000000,CIMA,1789071420000
"USDARS_otc","2026-09-10 17:14:45","2026-09-10 17:17:00",1584.210000000000,1584.360000000000,1584.210000000000,1584.330000000000,0.120000000000,0.150000000000,0.030000000000,0.000000000000,0.000075747533,ALTA,1584.330000000000,1584.550000000000,1584.330000000000,1584.460000000000,0.130000000000,0.220000000000,0.090000000000,0.000000000000,0.000082053613,ALTA,1584.460000000000,1584.740000000000,1584.460000000000,1584.730000000000,0.270000000000,0.280000000000,0.010000000000,0.000000000000,0.000170405059,ALTA,1584.730000000000,1584.860000000000,1584.690000000000,1584.690000000000,0.040000000000,0.170000000000,0.130000000000,0.000000000000,-0.000025240893,BAIXA,1584.690000000000,1584.750000000000,1584.650000000000,1584.730000000000,0.040000000000,0.100000000000,0.020000000000,0.040000000000,0.000025241530,ALTA,1584.760000000000,1584.840000000000,1584.760000000000,1584.810000000000,0.050000000000,0.080000000000,0.030000000000,0.000000000000,0.000031550519,ALTA,1584.810000000000,1584.850000000000,1584.680000000000,1584.820000000000,0.010000000000,0.170000000000,0.030000000000,0.130000000000,0.000006309905,ALTA,1584.820000000000,1584.850000000000,1584.750000000000,1584.850000000000,0.030000000000,0.100000000000,0.000000000000,0.070000000000,0.000018929595,ALTA,1584.850000000000,1585.200000000000,1584.850000000000,1585.100000000000,0.250000000000,0.350000000000,0.100000000000,0.000000000000,0.000157743635,ALTA,1585.070000000000,1585.320000000000,1585.070000000000,1585.280000000000,0.210000000000,0.250000000000,0.040000000000,0.000000000000,0.000132486262,ALTA,95.683453237414,1584.972000000000,1584.780000000000,1584.478000000000,1585.010504201875,1584.816707646705,1584.622140998420,0.000290253783,0.000347062276,0.000624885595,0.202142857143,0.000127512400,0.000057688827,0.000062752353,1584.780000000000,1585.300691847449,1584.259308152551,0.000657115622,0.980130428822,1584.210000000000,1585.320000000000,0.000674959629,0.000025232136,0.000194287444,0.000315401696,0.000505904320,0.000136253532,0.000153285224,9,1,0,0.000675415507,0.552859816654,0.260669595111,0.186470588235,0.000118004904,6,1,0.840000000000,0.160000000000,0.000000000000,0.840000000000,1585.280000000000,1585.500000000000,CIMA,1789071435000
"USDARS_otc","2026-09-10 17:15:00","2026-09-10 17:17:15",1584.330000000000,1584.550000000000,1584.330000000000,1584.460000000000,0.130000000000,0.220000000000,0.090000000000,0.000000000000,0.000082053613,ALTA,1584.460000000000,1584.740000000000,1584.460000000000,1584.730000000000,0.270000000000,0.280000000000,0.010000000000,0.000000000000,0.000170405059,ALTA,1584.730000000000,1584.860000000000,1584.690000000000,1584.690000000000,0.040000000000,0.170000000000,0.130000000000,0.000000000000,-0.000025240893,BAIXA,1584.690000000000,1584.750000000000,1584.650000000000,1584.730000000000,0.040000000000,0.100000000000,0.020000000000,0.040000000000,0.000025241530,ALTA,1584.760000000000,1584.840000000000,1584.760000000000,1584.810000000000,0.050000000000,0.080000000000,0.030000000000,0.000000000000,0.000031550519,ALTA,1584.810000000000,1584.850000000000,1584.680000000000,1584.820000000000,0.010000000000,0.170000000000,0.030000000000,0.130000000000,0.000006309905,ALTA,1584.820000000000,1584.850000000000,1584.750000000000,1584.850000000000,0.030000000000,0.100000000000,0.000000000000,0.070000000000,0.000018929595,ALTA,1584.850000000000,1585.200000000000,1584.850000000000,1585.100000000000,0.250000000000,0.350000000000,0.100000000000,0.000000000000,0.000157743635,ALTA,1585.070000000000,1585.320000000000,1585.070000000000,1585.280000000000,0.210000000000,0.250000000000,0.040000000000,0.000000000000,0.000132486262,ALTA,1585.260000000000,1585.500000000000,1585.260000000000,1585.500000000000,0.240000000000,0.240000000000,0.000000000000,0.000000000000,0.000151394724,ALTA,96.875000000003,1585.110000000000,1584.897000000000,1584.537500000000,1585.173657438770,1584.940851176919,1584.705706629981,0.000410133451,0.000435383421,0.000738482513,0.207857142857,0.000131098797,0.000062506393,0.000065212162,1584.897000000000,1585.482426340371,1584.311573659629,0.000738756323,1.015009283335,1584.330000000000,1585.500000000000,0.000737937559,0.000000000000,0.000245979186,0.000380321665,0.000607064018,0.000208136235,0.000186691895,9,1,0,0.000738482513,0.572859816654,0.240669595111,0.186470588235,0.000123675935,7,1,1.000000000000,0.000000000000,0.000000000000,1.000000000000,1585.500000000000,1585.100000000000,BAIXO,1789071450000
"USDARS_otc","2026-09-10 17:15:15","2026-09-10 17:17:30",1584.460000000000,1584.740000000000,1584.460000000000,1584.730000000000,0.270000000000,0.280000000000,0.010000000000,0.000000000000,0.000170405059,ALTA,1584.730000000000,1584.860000000000,1584.690000000000,1584.690000000000,0.040000000000,0.170000000000,0.130000000000,0.000000000000,-0.000025240893,BAIXA,1584.690000000000,1584.750000000000,1584.650000000000,1584.730000000000,0.040000000000,0.100000000000,0.020000000000,0.040000000000,0.000025241530,ALTA,1584.760000000000,1584.840000000000,1584.760000000000,1584.810000000000,0.050000000000,0.080000000000,0.030000000000,0.000000000000,0.000031550519,ALTA,1584.810000000000,1584.850000000000,1584.680000000000,1584.820000000000,0.010000000000,0.170000000000,0.030000000000,0.130000000000,0.000006309905,ALTA,1584.820000000000,1584.850000000000,1584.750000000000,1584.850000000000,0.030000000000,0.100000000000,0.000000000000,0.070000000000,0.000018929595,ALTA,1584.850000000000,1585.200000000000,1584.850000000000,1585.100000000000,0.250000000000,0.350000000000,0.100000000000,0.000000000000,0.000157743635,ALTA,1585.070000000000,1585.320000000000,1585.070000000000,1585.280000000000,0.210000000000,0.250000000000,0.040000000000,0.000000000000,0.000132486262,ALTA,1585.260000000000,1585.500000000000,1585.260000000000,1585.500000000000,0.240000000000,0.240000000000,0.000000000000,0.000000000000,0.000151394724,ALTA,1585.500000000000,1585.560000000000,1585.100000000000,1585.100000000000,0.400000000000,0.460000000000,0.060000000000,0.000000000000,-0.000252286345,BAIXA,74.860335195528,1585.166000000000,1584.961000000000,1584.579000000000,1585.149038798875,1584.969748136664,1584.743225056475,0.000000000000,0.000176676216,0.000403923103,0.222857142857,0.000140595005,0.000151524258,0.000117315560,1584.961000000000,1585.477174389136,1584.444825610864,0.000651340177,0.634644417590,1584.460000000000,1585.560000000000,0.000403760015,0.000290202511,-0.000041637752,0.000087691628,0.000328685887,0.000191786007,0.000176645007,8,2,0,0.000403923103,0.600725429302,0.212803982463,0.186470588235,0.000138802868,1,-1,0.869565217391,0.130434782609,0.000000000000,0.000000000000,1585.100000000000,1585.130000000000,CIMA,1789071465000
"USDARS_otc","2026-09-10 17:15:30","2026-09-10 17:17:45",1584.730000000000,1584.860000000000,1584.690000000000,1584.690000000000,0.040000000000,0.170000000000,0.130000000000,0.000000000000,-0.000025240893,BAIXA,1584.690000000000,1584.750000000000,1584.650000000000,1584.730000000000,0.040000000000,0.100000000000,0.020000000000,0.040000000000,0.000025241530,ALTA,1584.760000000000,1584.840000000000,1584.760000000000,1584.810000000000,0.050000000000,0.080000000000,0.030000000000,0.000000000000,0.000031550519,ALTA,1584.810000000000,1584.850000000000,1584.680000000000,1584.820000000000,0.010000000000,0.170000000000,0.030000000000,0.130000000000,0.000006309905,ALTA,1584.820000000000,1584.850000000000,1584.750000000000,1584.850000000000,0.030000000000,0.100000000000,0.000000000000,0.070000000000,0.000018929595,ALTA,1584.850000000000,1585.200000000000,1584.850000000000,1585.100000000000,0.250000000000,0.350000000000,0.100000000000,0.000000000000,0.000157743635,ALTA,1585.070000000000,1585.320000000000,1585.070000000000,1585.280000000000,0.210000000000,0.250000000000,0.040000000000,0.000000000000,0.000132486262,ALTA,1585.260000000000,1585.500000000000,1585.260000000000,1585.500000000000,0.240000000000,0.240000000000,0.000000000000,0.000000000000,0.000151394724,ALTA,1585.500000000000,1585.560000000000,1585.100000000000,1585.100000000000,0.400000000000,0.460000000000,0.060000000000,0.000000000000,-0.000252286345,BAIXA,1585.130000000000,1585.210000000000,1584.920000000000,1585.130000000000,0.000000000000,0.290000000000,0.080000000000,0.210000000000,0.000000000000,EMPATE,73.988439306359,1585.222000000000,1585.001000000000,1584.633000000000,1585.142701554443,1584.998861978311,1584.780024110048,-0.000094620509,0.000176672871,0.000252408928,0.227142857143,0.000143296043,0.000151524331,0.000109037682,1585.001000000000,1585.501115986547,1584.500884013453,0.000631060784,0.628970082411,1584.650000000000,1585.560000000000,0.000302814280,0.000271271126,-0.000058039404,0.000081381338,0.000313538953,0.000157715771,0.000139420742,7,2,1,0.000252408928,0.504296857874,0.236818760788,0.258884381339,0.000139426262,0,0,0.000000000000,0.275862068965,0.724137931035,0.724137931035,1585.130000000000,1584.990000000000,BAIXO,1789071480000
